suite,sf,db,query,n_rows,count_wrapped,reps,lat_ms,lat_min_ms,lat_mean_ms,wall_min_ms,wall_mean_ms,amplified,K,window_s,duty,n_samples,P_idle_W,P_win_W,P_peak_W,E_total_mJ,E_dyn_mJ,error
tpch,sf1,tpch_sf1,q1,4,False,3,19;16;19,16.0,18.0,24.843,26.65,True,106,1.6236,0.839,17,118.15,124.49,131.02,1906.83,97.098,
tpch,sf1,tpch_sf1,q2,100,False,3,210;218;229,210.0,219.0,222.879,232.711,True,10,2.4245,0.975,24,118.15,118.0,237.95,28608.6,-37.589,
tpch,sf1,tpch_sf1,q3,10,False,3,14;12;12,12.0,12.667,20.704,23.413,True,167,2.4247,0.816,24,118.15,126.46,244.58,1836.036,120.565,
tpch,sf1,tpch_sf1,q4,5,False,3,237;248;236,236.0,240.333,247.674,252.755,True,9,2.1669,0.982,22,118.15,121.06,121.64,29147.333,699.828,
tpch,sf1,tpch_sf1,q5,5,False,3,13;15;21,13.0,16.333,23.079,26.714,True,112,2.1312,0.801,21,118.15,128.33,128.01,2441.964,193.669,
tpch,sf1,tpch_sf1,q6,1,False,3,14;8;10,8.0,10.667,17.564,21.095,True,223,2.2537,0.773,23,118.15,118.0,124.63,1192.552,-1.529,
tpch,sf1,tpch_sf1,q7,4,False,3,18;18;17,17.0,17.667,29.222,29.983,True,125,2.3243,0.783,24,118.15,128.34,127.79,2386.448,189.444,
tpch,sf1,tpch_sf1,q8,2,False,3,27;23;24,23.0,24.667,34.277,36.14,True,80,2.3906,0.823,24,118.15,124.3,126.65,3714.513,183.807,
tpch,sf1,tpch_sf1,q9,175,False,3,22;18;18,18.0,19.333,27.847,29.276,True,112,2.2982,0.802,23,118.15,142.07,149.23,2915.125,490.72,
tpch,sf1,tpch_sf1,q10,20,False,3,43;39;38,38.0,40.0,50.87,52.834,True,50,2.1285,0.912,21,118.15,119.33,122.96,5079.66,49.965,
tpch,sf1,tpch_sf1,q11,1,False,3,127;126;124,124.0,125.667,137.911,139.377,True,16,2.138,0.956,22,118.15,116.81,120.1,15608.688,-179.247,
tpch,sf1,tpch_sf1,q12,2,False,3,11;10;10,10.0,10.333,18.306,19.567,True,182,2.4914,0.789,25,118.15,118.32,125.38,1619.621,2.237,
tpch,sf1,tpch_sf1,q13,42,False,3,74;70;67,67.0,70.333,77.599,80.825,True,29,2.1596,0.959,21,118.15,124.45,134.33,9267.276,468.827,
tpch,sf1,tpch_sf1,q14,0,False,3,0;0;0,0.0,0.0,5.765,6.101,True,5000,0.0062,0.0,0,118.15,0.0,0,0.0,-0.146,
tpch,sf1,tpch_sf1,q15,1,False,3,69;66;83,66.0,72.667,77.202,83.607,True,29,2.4344,0.951,24,118.15,123.09,123.3,10332.586,414.508,
tpch,sf1,tpch_sf1,q16,18314,True,3,29;32;30,29.0,30.333,38.628,41.37,True,69,2.2943,0.907,23,118.15,119.98,120.75,3989.391,60.702,
tpch,sf1,tpch_sf1,q17,1,False,3,144;137;168,137.0,149.667,153.163,162.494,True,14,2.0854,0.973,21,118.15,120.94,123.14,18014.143,414.757,
tpch,sf1,tpch_sf1,q18,57,False,3,188;185;180,180.0,184.333,191.919,197.862,True,12,2.1603,0.973,22,118.15,121.4,120.99,21854.5,584.31,
tpch,sf1,tpch_sf1,q19,1,False,3,12;14;12,12.0,12.667,21.175,21.885,True,143,2.4985,0.759,25,118.15,123.92,130.13,2165.14,100.773,
tpch,sf1,tpch_sf1,q20,186,False,3,202;231;207,202.0,213.333,214.204,225.613,True,10,2.1671,0.972,22,118.15,115.31,121.27,24987.5,-616.568,
tpch,sf1,tpch_sf1,q22,7,False,3,100;107;98,98.0,101.667,109.531,113.465,True,21,2.186,0.96,21,118.15,119.87,120.27,12477.619,178.49,
case_bench,sf1,tpch_sf1,q1,5,False,3,4;4;4,4.0,4.0,10.571,10.911,True,143,0.8955,0.744,9,118.22,119.44,119.0,747.951,7.676,
case_bench,sf1,tpch_sf1,q2,1,False,3,7;15;7,7.0,9.667,13.995,17.032,True,286,3.0078,0.815,30,118.22,118.77,119.69,1249.045,5.806,
case_bench,sf1,tpch_sf1,q3,5,False,3,6;6;5,5.0,5.667,12.634,14.413,True,334,2.7415,0.777,27,118.22,117.27,120.03,962.557,-7.761,
case_bench,sf1,tpch_sf1,q4,3,False,3,5;6;6,5.0,5.667,12.529,13.209,True,334,2.8423,0.781,28,118.22,117.28,120.2,998.027,-7.987,
case_bench,sf1,tpch_sf1,q5,10,False,3,6;7;9,6.0,7.333,14.167,16.382,True,334,2.7291,0.804,27,118.22,138.18,145.69,1129.057,163.12,
tpch,sf5,tpch_sf5,q1,4,False,3,10;10;11,10.0,10.333,17.718,18.165,True,134,1.7657,0.815,18,118.07,161.02,177.95,2121.799,566.022,
tpch,sf5,tpch_sf5,q2,100,False,3,205;209;206,205.0,206.667,217.799,219.736,True,10,2.1707,0.973,22,118.07,122.76,124.17,26648.0,1018.544,
tpch,sf5,tpch_sf5,q3,10,False,3,15;14;16,14.0,15.0,22.636,24.329,True,134,2.2637,0.833,23,118.07,134.95,137.33,2279.701,285.125,
tpch,sf5,tpch_sf5,q4,5,False,3,292;287;300,287.0,293.0,296.918,303.618,True,7,2.0705,0.986,21,118.07,116.74,124.81,34529.143,-394.498,
tpch,sf5,tpch_sf5,q5,5,False,3,15;15;14,14.0,14.667,22.169,23.342,True,134,2.5103,0.815,25,118.07,143.09,152.84,2680.642,468.792,
tpch,sf5,tpch_sf5,q6,1,False,3,6;6;7,6.0,6.333,14.107,14.379,True,286,2.4627,0.738,24,118.07,133.8,135.67,1152.115,135.433,
tpch,sf5,tpch_sf5,q7,4,False,3,14;15;16,14.0,15.0,23.315,26.174,True,143,2.6477,0.793,26,118.07,147.78,154.95,2736.224,550.15,
tpch,sf5,tpch_sf5,q8,2,False,3,28;28;27,27.0,27.667,40.858,41.014,True,72,2.4192,0.835,24,118.07,140.65,149.51,4725.75,758.653,
tpch,sf5,tpch_sf5,q9,175,False,3,24;24;24,24.0,24.0,34.649,35.211,True,80,2.2064,0.854,22,118.07,214.72,226.73,5921.925,2665.607,
tpch,sf5,tpch_sf5,q10,20,False,3,40;46;42,40.0,42.667,52.774,55.132,True,48,2.24,0.912,22,118.07,126.88,131.44,5920.938,410.978,
tpch,sf5,tpch_sf5,q11,1,False,3,140;139;148,139.0,142.333,152.367,155.999,True,15,2.1199,0.949,21,118.07,123.94,122.68,17516.733,830.207,
tpch,sf5,tpch_sf5,q12,2,False,3,12;11;11,11.0,11.333,19.298,20.072,True,167,2.3278,0.797,24,118.07,132.46,141.94,1846.371,200.633,
tpch,sf5,tpch_sf5,q13,42,False,3,86;86;80,80.0,84.0,93.148,95.114,True,24,2.1097,0.96,21,118.07,158.99,173.48,13976.208,3597.29,
tpch,sf5,tpch_sf5,q14,0,False,3,0;0;0,0.0,0.0,5.729,5.89,True,5000,0.0059,0.0,0,118.07,0.0,0,0.0,-0.14,
tpch,sf5,tpch_sf5,q15,0,False,3,191;264;167,167.0,207.333,178.147,219.126,True,12,2.143,0.977,21,118.07,122.58,120.69,21891.25,806.376,
tpch,sf5,tpch_sf5,q16,27724,True,3,48;45;45,45.0,46.0,56.583,57.782,True,36,1.5648,0.925,16,118.07,122.64,123.1,5330.667,198.737,
tpch,sf5,tpch_sf5,q17,1,False,3,174;166;173,166.0,171.0,180.398,184.479,True,12,2.1096,0.976,21,118.07,124.3,128.2,21852.167,1095.211,
tpch,sf5,tpch_sf5,q18,100,False,3,276;298;291,276.0,288.333,289.211,305.729,True,7,2.0407,0.98,20,118.07,125.5,125.37,36587.286,2166.166,
tpch,sf5,tpch_sf5,q19,1,False,3,27;19;19,19.0,21.667,31.715,34.319,True,106,2.3216,0.811,24,118.07,138.97,147.0,3043.764,457.776,
tpch,sf5,tpch_sf5,q20,901,False,3,281;286;278,278.0,281.667,298.367,299.998,True,8,2.2991,0.971,23,118.07,122.36,127.66,35166.125,1234.214,
tpch,sf5,tpch_sf5,q22,7,False,3,164;148;149,148.0,153.667,161.349,166.593,True,15,2.267,0.97,23,118.07,116.21,121.64,17562.267,-281.635,
case_bench,sf5,tpch_sf5,q1,5,False,3,8;4;4,4.0,5.333,11.476,13.092,True,500,3.1424,0.708,31,118.18,117.3,119.42,737.23,-5.489,
case_bench,sf5,tpch_sf5,q2,1,False,3,7;7;7,7.0,7.0,14.372,14.635,True,286,2.9352,0.801,30,118.18,117.68,119.91,1207.752,-5.098,
case_bench,sf5,tpch_sf5,q3,5,False,3,11;5;6,5.0,7.333,12.911,14.777,True,334,2.7553,0.755,28,118.18,116.81,119.93,963.623,-11.269,
case_bench,sf5,tpch_sf5,q4,3,False,3,6;7;5,5.0,6.0,12.871,13.621,True,182,1.517,0.752,15,118.18,117.64,119.51,980.533,-4.486,
case_bench,sf5,tpch_sf5,q5,10,False,3,7;8;7,7.0,7.333,14.123,16.295,True,286,2.8145,0.805,28,118.18,170.26,179.68,1675.469,512.509,
tpch,sf10,tpch_sf10,q1,4,False,3,16;15;14,14.0,15.0,23.306,24.126,True,87,1.5332,0.86,16,118.19,187.33,199.11,3301.264,1218.385,
tpch,sf10,tpch_sf10,q2,100,False,3,273;296;277,273.0,282.0,286.545,295.126,True,8,2.3291,0.974,24,118.19,137.32,151.72,39979.625,5569.396,
tpch,sf10,tpch_sf10,q3,10,False,3,15;15;13,13.0,14.333,21.926,23.149,True,84,1.5849,0.847,15,118.19,147.6,153.56,2784.917,554.901,
tpch,sf10,tpch_sf10,q4,5,False,3,454;430;436,430.0,440.0,440.803,450.776,True,6,2.5056,0.989,25,118.19,121.32,129.37,50661.333,1305.248,
tpch,sf10,tpch_sf10,q5,5,False,3,22;18;18,18.0,19.333,26.928,28.788,True,118,2.5402,0.827,26,118.19,166.68,180.85,3588.169,1043.873,
tpch,sf10,tpch_sf10,q6,1,False,3,8;7;8,7.0,7.667,14.665,18.985,True,182,2.5541,0.846,25,118.19,135.93,139.05,1907.643,249.0,
tpch,sf10,tpch_sf10,q7,4,False,3,17;16;16,16.0,16.333,26.613,29.848,True,72,1.6058,0.82,16,118.19,162.73,172.81,3629.403,993.35,
tpch,sf10,tpch_sf10,q8,2,False,3,28;28;28,28.0,28.0,39.409,39.593,True,67,2.3197,0.85,23,118.19,178.9,180.32,6193.985,2101.873,
tpch,sf10,tpch_sf10,q9,175,False,3,39;33;44,33.0,38.667,43.013,49.141,True,53,2.1392,0.893,21,118.19,254.18,274.75,10259.132,5488.735,
tpch,sf10,tpch_sf10,q10,20,False,3,48;46;56,46.0,50.0,55.718,60.39,True,40,2.073,0.924,21,118.19,138.95,142.73,7201.275,1075.921,
tpch,sf10,tpch_sf10,q11,1,False,3,139;144;146,139.0,143.0,151.955,155.993,True,15,2.2376,0.96,22,118.19,123.24,122.51,18383.533,752.772,
tpch,sf10,tpch_sf10,q12,2,False,3,13;12;12,12.0,12.333,19.817,23.269,True,154,2.4783,0.82,25,118.19,145.59,150.91,2343.032,440.999,
tpch,sf10,tpch_sf10,q13,45,False,3,99;97;97,97.0,97.667,108.934,109.84,True,19,1.947,0.969,19,118.19,191.25,192.58,19598.789,7487.153,
tpch,sf10,tpch_sf10,q14,0,False,3,0;0;0,0.0,0.0,5.895,6.088,True,5000,0.006,0.0,0,118.19,0.0,0,0.0,-0.143,
tpch,sf10,tpch_sf10,q15,1,False,3,188;169;159,159.0,172.0,170.479,186.365,True,12,2.1398,0.973,22,118.19,124.36,123.59,22174.917,1099.234,
tpch,sf10,tpch_sf10,q16,27840,True,3,48;34;44,34.0,42.0,43.328,51.75,True,56,2.3633,0.921,24,118.19,122.47,123.65,5168.5,180.625,
tpch,sf10,tpch_sf10,q17,1,False,3,186;184;184,184.0,184.667,194.754,195.428,True,11,2.0994,0.978,21,118.19,130.55,138.01,24915.091,2357.936,
tpch,sf10,tpch_sf10,q18,100,False,3,267;272;271,267.0,270.0,283.38,286.873,True,8,2.2489,0.981,23,118.19,128.97,138.66,36255.25,3029.928,
tpch,sf10,tpch_sf10,q19,1,False,3,18;18;18,18.0,18.0,27.512,28.871,True,112,2.7871,0.841,28,118.19,172.44,184.55,4291.089,1349.952,
tpch,sf10,tpch_sf10,q20,1804,False,3,329;342;322,322.0,331.0,342.362,350.474,True,7,2.5062,0.97,25,118.19,123.02,134.67,44045.429,1730.139,
tpch,sf10,tpch_sf10,q22,7,False,3,212;194;190,190.0,198.667,203.26,215.341,True,9,1.8517,0.976,18,118.19,116.16,122.05,23899.778,-417.296,
case_bench,sf10,tpch_sf10,q1,5,False,3,5;5;6,5.0,5.333,12.55,12.988,True,400,2.6072,0.689,26,118.15,118.54,119.56,772.632,2.544,
case_bench,sf10,tpch_sf10,q2,1,False,3,9;8;7,7.0,8.0,15.747,16.628,True,182,2.0841,0.814,21,118.15,119.85,119.98,1372.451,19.566,
case_bench,sf10,tpch_sf10,q3,5,False,3,7;11;7,7.0,8.333,15.413,16.964,True,286,2.5739,0.799,26,118.15,120.25,119.79,1082.241,18.966,
case_bench,sf10,tpch_sf10,q4,3,False,3,8;7;7,7.0,7.333,14.008,15.558,True,286,2.5674,0.814,25,118.15,120.6,119.74,1082.591,22.02,
case_bench,sf10,tpch_sf10,q5,10,False,3,8;8;12,8.0,9.333,15.774,17.247,True,250,2.7283,0.806,27,118.15,177.51,187.32,1937.232,647.86,
tpch,sf20,tpch_sf20,q1,4,False,3,23;32;22,22.0,25.667,30.431,34.439,True,96,2.1925,0.89,22,118.34,232.17,253.75,5302.375,2599.56,
tpch,sf20,tpch_sf20,q2,100,False,3,350;376;378,350.0,368.0,361.734,380.936,True,5,1.8217,0.983,18,118.34,174.99,212.25,63753.8,20636.914,
tpch,sf20,tpch_sf20,q3,10,False,3,23;18;17,17.0,19.333,25.978,28.883,True,112,2.6061,0.88,26,118.34,173.03,180.65,4026.241,1272.546,
tpch,sf20,tpch_sf20,q4,5,False,3,359;337;348,337.0,348.0,347.461,358.839,True,6,2.116,0.987,21,118.34,127.4,140.18,44931.0,3194.232,
tpch,sf20,tpch_sf20,q5,5,False,3,21;21;29,21.0,23.667,31.334,34.05,True,77,2.0424,0.851,20,118.34,191.35,205.84,5075.649,1936.561,
tpch,sf20,tpch_sf20,q6,1,False,3,19;16;25,16.0,20.0,24.088,28.147,True,69,1.334,0.887,13,118.34,136.65,145.48,2641.855,353.832,
tpch,sf20,tpch_sf20,q7,4,False,3,22;24;22,22.0,22.667,31.626,32.708,True,91,2.3776,0.855,24,118.34,199.54,209.62,5213.495,2121.468,
tpch,sf20,tpch_sf20,q8,2,False,3,39;40;38,38.0,39.0,50.663,54.593,True,50,2.3245,0.884,23,118.34,216.22,238.55,10052.08,4550.321,
tpch,sf20,tpch_sf20,q9,175,False,3,55;55;55,55.0,55.0,65.623,66.277,True,37,2.2724,0.929,23,118.34,321.95,339.75,19772.622,12504.513,
tpch,sf20,tpch_sf20,q10,20,False,3,61;55;55,55.0,57.0,65.224,67.656,True,38,2.2613,0.931,22,118.34,150.21,166.24,8938.474,1896.16,
tpch,sf20,tpch_sf20,q11,1,False,3,165;152;153,152.0,156.667,165.263,170.115,True,14,2.3643,0.963,23,118.34,121.98,124.17,20599.571,613.641,
tpch,sf20,tpch_sf20,q12,2,False,3,15;15;16,15.0,15.333,23.667,24.008,True,125,2.2107,0.836,22,118.34,165.47,176.53,2926.352,833.375,
tpch,sf20,tpch_sf20,q13,45,False,3,143;135;126,126.0,134.667,145.416,148.338,True,16,2.1343,0.976,21,118.34,228.5,261.7,30480.687,14694.064,
tpch,sf20,tpch_sf20,q14,0,False,3,0;0;0,0.0,0.0,5.654,5.772,True,5000,0.0062,0.0,0,118.34,0.0,0,0.0,-0.146,
tpch,sf20,tpch_sf20,q15,1,False,3,193;182;168,168.0,181.0,179.32,192.334,True,11,2.0644,0.977,21,118.34,125.94,129.95,23635.455,1425.421,
tpch,sf20,tpch_sf20,q16,27840,True,3,39;41;39,39.0,39.667,47.921,49.103,True,49,2.1847,0.932,21,118.34,123.28,125.07,5496.571,220.038,
tpch,sf20,tpch_sf20,q17,1,False,3,279;270;295,270.0,281.333,281.694,292.459,True,8,2.2599,0.985,23,118.34,140.96,154.91,39820.5,6390.107,
tpch,sf20,tpch_sf20,q18,100,False,3,264;269;241,241.0,258.0,253.618,270.093,True,9,2.3291,0.978,24,118.34,141.07,166.55,36508.333,5882.211,
tpch,sf20,tpch_sf20,q19,1,False,3,34;33;33,33.0,33.333,43.319,49.552,True,61,2.3447,0.889,23,118.34,215.71,236.45,8291.672,3742.712,
tpch,sf20,tpch_sf20,q20,1020,False,3,345;340;345,340.0,343.333,354.074,360.234,True,7,2.6204,0.978,26,118.34,128.87,155.86,48240.429,3939.827,
tpch,sf20,tpch_sf20,q22,7,False,3,292;283;280,280.0,285.0,296.972,301.139,True,8,2.2389,0.981,22,118.34,118.63,124.99,33199.25,79.816,
case_bench,sf20,tpch_sf20,q1,5,False,3,4;4;4,4.0,4.0,11.251,11.665,True,400,2.3853,0.719,23,117.99,119.46,119.16,712.383,8.761,
case_bench,sf20,tpch_sf20,q2,1,False,3,8;8;11,8.0,9.0,15.44,16.589,True,250,2.5678,0.835,25,117.99,120.53,119.75,1237.992,26.077,
case_bench,sf20,tpch_sf20,q3,5,False,3,5;6;6,5.0,5.667,12.825,13.105,True,334,2.6412,0.791,27,117.99,116.97,119.76,924.988,-8.07,
case_bench,sf20,tpch_sf20,q4,3,False,3,6;6;6,6.0,6.0,13.081,14.028,True,334,2.7217,0.772,27,117.99,122.58,120.04,998.874,37.378,
case_bench,sf20,tpch_sf20,q5,10,False,3,8;8;8,8.0,8.0,15.801,17.284,True,223,2.3807,0.839,24,117.99,199.08,207.58,2125.323,865.672,
h2o,1gb,h2o_1gb,q1,100,False,3,7;7;7,7.0,7.0,15.143,16.925,True,250,2.2733,0.774,22,118.31,123.78,138.32,1125.548,49.734,
h2o,1gb,h2o_1gb,q2,10000,False,3,8;7;7,7.0,7.333,35.576,35.615,True,250,6.6235,0.297,66,118.31,134.72,160.67,3569.148,434.723,
h2o,1gb,h2o_1gb,q3,9698578,True,3,30;31;38,30.0,33.0,38.524,42.727,True,65,2.3407,0.92,23,118.31,130.31,137.2,4692.615,432.268,
h2o,1gb,h2o_1gb,q4,100,False,3,7;7;7,7.0,7.0,14.596,14.899,True,167,1.6744,0.764,17,118.31,144.93,150.4,1453.114,266.9,
h2o,1gb,h2o_1gb,q5,100000,True,3,19;14;14,14.0,15.667,22.203,24.248,True,112,2.0157,0.87,20,118.31,130.98,134.66,2357.223,228.046,
h2o,1gb,h2o_1gb,q6,10000,False,3,24;23;24,23.0,23.667,55.364,59.671,True,96,5.529,0.453,56,118.31,134.69,150.42,7757.177,943.484,
h2o,1gb,h2o_1gb,q7,9698578,True,3,33;38;33,33.0,34.667,42.378,45.524,True,69,2.51,0.917,26,118.31,132.05,139.2,4803.522,499.921,
h2o,1gb,h2o_1gb,q8,100000,True,3,15;16;16,15.0,15.667,23.643,24.086,True,134,2.5371,0.89,26,118.31,137.1,137.17,2595.672,355.719,
h2o,1gb,h2o_1gb,q9,10000,False,3,39;38;38,38.0,38.333,69.582,74.095,True,50,3.3368,0.605,33,118.31,146.93,151.76,9805.5,1910.238,
h2o,1gb,h2o_1gb,q10,35000000,True,3,122;116;110,110.0,116.0,119.952,126.585,True,19,2.2501,0.973,23,118.31,149.72,154.59,17730.947,3720.14,
h2o,2gb,h2o_2gb,q1,100,False,3,7;7;11,7.0,8.333,14.21,15.474,True,286,2.5443,0.788,25,118.18,139.12,140.48,1237.643,186.286,
h2o,2gb,h2o_2gb,q2,10000,False,3,10;10;10,10.0,10.0,42.116,46.62,True,200,6.3851,0.346,64,118.18,146.75,170.4,4685.065,912.12,
h2o,2gb,h2o_2gb,q3,9990924,True,3,36;37;36,36.0,36.333,44.686,46.031,True,56,2.2054,0.931,22,118.18,145.53,152.88,5731.411,1077.248,
h2o,2gb,h2o_2gb,q4,100,False,3,8;11;8,8.0,9.0,16.683,17.737,True,223,2.4829,0.783,25,118.18,164.08,172.29,1826.865,511.042,
h2o,2gb,h2o_2gb,q5,100000,True,3,17;17;15,15.0,16.333,24.239,25.109,True,112,2.2232,0.877,22,118.18,141.05,148.51,2799.848,453.969,
h2o,2gb,h2o_2gb,q6,10000,False,3,32;29;28,28.0,29.667,61.436,63.488,True,80,4.9008,0.491,49,118.18,148.79,160.68,9115.062,1875.429,
h2o,2gb,h2o_2gb,q7,9990924,True,3,35;31;43,31.0,36.333,40.314,45.407,True,59,2.2817,0.931,23,118.18,146.8,150.61,5676.983,1106.679,
h2o,2gb,h2o_2gb,q8,100000,True,3,18;19;18,18.0,18.333,26.176,26.287,True,112,2.2782,0.892,23,118.18,146.12,147.37,2972.17,568.305,
h2o,2gb,h2o_2gb,q9,10000,False,3,44;48;46,44.0,46.0,78.643,81.141,True,44,3.3849,0.627,34,118.18,164.0,186.14,12615.977,3524.609,
h2o,2gb,h2o_2gb,q10,70000000,True,3,210;198;197,197.0,201.667,206.025,212.281,True,10,2.1773,0.981,22,118.18,151.04,186.25,32885.7,7154.505,
h2o,4gb,h2o_4gb,q1,100,False,3,8;8;8,8.0,8.0,14.538,15.745,True,286,2.8357,0.817,29,117.77,152.94,158.39,1516.423,348.715,
h2o,4gb,h2o_4gb,q2,10000,False,3,15;15;15,15.0,15.0,42.45,43.199,True,134,4.4269,0.469,45,117.77,173.2,201.12,5721.993,1831.288,
h2o,4gb,h2o_4gb,q3,9999989,True,3,38;39;40,38.0,39.0,48.447,50.043,True,50,2.2119,0.939,22,117.77,166.33,175.63,7358.1,2148.111,
h2o,4gb,h2o_4gb,q4,100,False,3,10;10;11,10.0,10.333,16.33,18.304,True,200,2.619,0.83,26,117.77,191.38,203.26,2506.145,963.944,
h2o,4gb,h2o_4gb,q5,100000,True,3,28;103;23,23.0,51.333,31.222,60.32,True,87,2.1356,0.899,22,117.77,154.87,161.02,3801.632,910.724,
h2o,4gb,h2o_4gb,q6,10000,False,3,130;38;36,36.0,68.0,71.786,113.717,True,49,3.3057,0.563,33,117.77,174.47,188.49,11770.429,3825.324,
h2o,4gb,h2o_4gb,q7,9999989,True,3,41;37;45,37.0,41.0,46.765,50.909,True,52,2.2933,0.937,23,117.77,167.08,174.81,7368.865,2174.848,
h2o,4gb,h2o_4gb,q8,100000,True,3,22;22;20,20.0,21.333,28.634,29.652,True,91,2.3116,0.909,23,117.77,162.44,170.95,4126.396,1134.733,
h2o,4gb,h2o_4gb,q9,10000,False,3,67;66;67,66.0,66.667,99.796,103.726,True,31,2.8863,0.711,29,117.77,193.53,212.86,18018.452,7053.276,
h2o,4gb,h2o_4gb,q10,,,0,,,,,,,,,,,,,,,,Query would use too much memory
h2o,8gb,h2o_8gb,q1,100,False,3,9;9;9,9.0,9.0,16.259,17.788,True,200,2.3052,0.82,23,118.39,169.49,175.51,1953.53,589.009,
h2o,8gb,h2o_8gb,q2,10000,False,3,26;30;30,26.0,28.667,56.536,59.351,True,77,3.5143,0.585,35,118.39,197.22,224.09,9001.078,3597.821,
h2o,8gb,h2o_8gb,q3,10000000,True,3,52;53;53,52.0,52.667,61.771,62.653,True,38,2.0852,0.945,21,118.39,197.71,209.75,10848.816,4352.532,
h2o,8gb,h2o_8gb,q4,100,False,3,17;15;14,14.0,15.333,22.077,25.378,True,143,2.3773,0.86,24,118.39,233.85,243.0,3887.636,1919.545,
h2o,8gb,h2o_8gb,q5,100000,True,3,28;31;28,28.0,29.0,36.473,37.302,True,67,2.1519,0.918,22,118.39,174.57,183.08,5606.985,1804.554,
h2o,8gb,h2o_8gb,q6,10000,False,3,53;57;55,53.0,55.0,86.363,89.509,True,39,3.3444,0.653,33,118.39,211.51,243.3,18137.667,7985.57,
h2o,8gb,h2o_8gb,q7,10000000,True,3,53;50;48,48.0,50.333,57.881,60.239,True,40,2.2036,0.946,22,118.39,195.98,203.98,10796.575,4274.777,
h2o,8gb,h2o_8gb,q8,100000,True,3,29;28;28,28.0,28.333,35.947,36.585,True,65,2.1519,0.937,22,118.39,192.03,191.81,6357.292,2437.92,
h2o,8gb,h2o_8gb,q9,10000,False,3,105;103;100,100.0,102.667,135.435,139.398,True,20,2.5667,0.794,26,118.39,229.45,257.16,29446.2,14253.078,
h2o,8gb,h2o_8gb,q10,,,0,,,,,,,,,,,,,,,,Query would use too much memory
clickbench,sf1,cb_sf1,q0,1,False,3,4;4;5,4.0,4.333,11.016,11.421,True,500,2.9812,0.735,29,118.63,119.95,119.84,715.21,7.918,
clickbench,sf1,cb_sf1,q1,1,False,3,6;4;4,4.0,4.667,11.632,12.471,True,286,1.8067,0.679,18,118.63,119.05,120.02,752.007,2.651,
clickbench,sf1,cb_sf1,q2,1,False,3,8;10;6,6.0,8.0,14.058,15.741,True,334,3.5465,0.801,35,118.63,117.71,119.94,1249.883,-9.725,
clickbench,sf1,cb_sf1,q3,1,False,3,5;5;5,5.0,5.0,11.189,12.028,True,400,2.84,0.748,28,118.63,117.75,120.1,836.032,-6.209,
clickbench,sf1,cb_sf1,q5,1,False,3,16;16;14,14.0,15.333,22.173,24.709,True,182,3.0134,0.84,30,118.63,122.05,119.69,2020.736,56.618,
clickbench,sf1,cb_sf1,q6,1,False,3,11;11;9,9.0,10.333,17.043,18.01,True,182,2.3761,0.822,24,118.63,120.23,120.11,1569.681,20.951,
clickbench,sf1,cb_sf1,q7,13,False,3,6;6;6,6.0,6.0,13.734,14.6,True,286,2.634,0.754,27,118.63,121.84,119.74,1122.094,29.58,
clickbench,sf1,cb_sf1,q12,10,False,3,6;6;6,6.0,6.0,13.407,13.849,True,334,2.5779,0.71,26,118.63,120.21,120.25,927.808,12.225,
clickbench,sf1,cb_sf1,q14,10,False,3,32;33;41,32.0,35.333,40.686,44.013,True,63,2.327,0.932,23,118.63,117.4,119.91,4336.238,-45.4,
clickbench,sf1,cb_sf1,q15,10,False,3,43;38;36,36.0,39.0,45.742,47.911,True,55,2.2714,0.944,22,118.63,120.98,121.31,4996.345,97.388,
clickbench,sf1,cb_sf1,q16,10,False,3,37;38;44,37.0,39.667,46.583,50.535,True,55,2.3305,0.941,23,118.63,119.15,124.99,5048.8,22.254,
clickbench,sf1,cb_sf1,q17,10,False,3,8;8;11,8.0,9.0,15.406,16.459,True,250,2.6868,0.799,27,118.63,128.59,134.26,1382.016,107.137,
clickbench,sf1,cb_sf1,q18,10,False,3,38;39;46,38.0,41.0,49.088,51.514,True,50,2.1995,0.941,22,118.63,121.12,123.41,5328.06,109.727,
clickbench,sf1,cb_sf1,q19,0,False,3,8;11;8,8.0,9.0,15.356,17.292,True,250,2.5899,0.817,26,118.63,119.66,120.39,1239.624,10.701,
clickbench,sf1,cb_sf1,q20,1,False,3,4;4;6,4.0,4.667,11.551,12.345,True,500,3.4726,0.724,34,118.63,119.58,119.62,830.542,6.652,
clickbench,sf1,cb_sf1,q24,10,False,3,13;13;17,13.0,14.333,21.866,23.056,True,167,2.6201,0.852,26,118.63,121.91,126.22,1912.683,51.566,
clickbench,sf1,cb_sf1,q25,10,False,3,11;16;13,11.0,13.333,19.839,21.73,True,154,2.3698,0.849,24,118.63,115.45,119.83,1776.558,-48.918,
clickbench,sf1,cb_sf1,q26,10,False,3,18;21;17,17.0,18.667,24.703,26.729,True,118,2.2066,0.87,22,118.63,118.57,120.81,2217.169,-1.083,
clickbench,sf1,cb_sf1,q27,,,0,,,,,,,,,,,,,,,,"Query requires one or more casts between none-encoded and dictionary-encoded strings, and the estimated table size (1428236 rows) exceeds the configured watchdog none-encoded string translation limit "
clickbench,sf1,cb_sf1,q28,0,False,3,0;0;0,0.0,0.0,5.888,6.087,True,5000,0.0056,0.0,0,118.63,0.0,0,0.0,-0.133,
clickbench,sf1,cb_sf1,q29,1,False,3,203;190;190,190.0,194.333,204.865,217.568,True,11,2.3622,0.96,24,118.63,121.73,124.81,26140.545,665.772,
clickbench,sf1,cb_sf1,q30,10,False,3,37;34;36,34.0,35.667,43.943,45.719,True,55,2.0335,0.931,20,118.63,117.17,121.3,4332.036,-53.867,
clickbench,sf1,cb_sf1,q31,10,False,3,34;35;35,34.0,34.667,43.653,45.198,True,58,2.2324,0.933,22,118.63,118.03,121.83,4543.069,-22.754,
clickbench,sf1,cb_sf1,q32,10,False,3,43;44;41,41.0,42.667,52.415,54.278,True,48,2.3529,0.93,24,118.63,125.16,244.97,6135.021,320.094,
clickbench,sf1,cb_sf1,q33,10,False,3,6;7;9,6.0,7.333,13.851,15.557,True,286,2.495,0.779,25,118.63,121.53,240.14,1060.185,25.342,
clickbench,sf1,cb_sf1,q34,10,False,3,16;13;12,12.0,13.667,21.254,22.886,True,154,2.4877,0.833,25,118.63,121.48,122.8,1962.338,46.105,
clickbench,sf1,cb_sf1,q35,10,False,3,41;37;37,37.0,38.333,46.308,47.835,True,53,2.2721,0.931,23,118.63,116.56,123.13,4996.962,-88.596,
clickbench,sf1,cb_sf1,q36,10,False,3,8;7;7,7.0,7.333,14.823,15.695,True,223,2.2516,0.751,23,118.63,122.85,122.64,1240.368,42.618,
clickbench,sf1,cb_sf1,q37,10,False,3,7;7;7,7.0,7.0,15.568,15.818,True,286,2.8804,0.752,29,118.63,121.34,122.3,1222.056,27.339,
clickbench,sf1,cb_sf1,q38,0,False,3,7;7;7,7.0,7.0,20.906,21.678,True,286,5.1371,0.438,51,118.63,118.72,120.78,2132.43,1.701,
clickbench,sf1,cb_sf1,q39,10,False,3,35;37;35,35.0,35.667,44.496,46.275,True,58,2.2262,0.907,23,118.63,117.4,119.62,4506.207,-46.907,
clickbench,sf1,cb_sf1,q40,10,False,3,44;53;43,43.0,46.667,53.506,57.192,True,39,2.0156,0.923,21,118.63,118.07,120.15,6101.974,-28.724,
clickbench,sf1,cb_sf1,q41,0,False,3,50;44;45,44.0,46.333,54.057,58.134,True,47,2.292,0.924,23,118.63,119.56,120.62,5830.277,45.424,
clickbench,sf1,cb_sf1,q42,10,False,3,11;9;8,8.0,9.333,17.48,18.588,True,154,1.9778,0.768,20,118.63,120.86,120.57,1552.26,28.757,
clickbench_approx,sf1,cb_sf1,q4,1,False,3,5;4;4,4.0,4.333,11.518,11.67,True,334,2.3003,0.753,23,118.23,119.98,121.67,826.35,12.062,
clickbench_approx,sf1,cb_sf1,q8,10,False,3,75;80;89,75.0,81.333,85.533,92.546,True,25,2.1723,0.966,22,118.23,123.34,124.81,10717.72,444.16,
clickbench_approx,sf1,cb_sf1,q9,10,False,3,106;110;106,106.0,107.333,116.999,118.526,True,20,2.1774,0.967,22,118.23,122.54,122.88,13341.35,469.452,
clickbench_approx,sf1,cb_sf1,q10,10,False,3,6;7;7,6.0,6.667,14.489,14.961,True,286,2.6455,0.719,26,118.23,116.98,120.15,1082.087,-11.577,
clickbench_approx,sf1,cb_sf1,q11,10,False,3,16;15;17,15.0,16.0,23.584,24.456,True,125,2.331,0.885,24,118.23,123.62,121.61,2305.192,100.414,
clickbench_approx,sf1,cb_sf1,q13,10,False,3,32;32;32,32.0,32.0,41.7,42.203,True,65,2.3634,0.909,24,118.23,121.45,121.9,4416.154,117.154,
clickbench,sf5,cb_sf5,q0,1,False,3,4;4;5,4.0,4.333,10.476,11.073,True,500,3.0197,0.711,30,117.95,118.03,119.63,712.836,0.484,
clickbench,sf5,cb_sf5,q1,1,False,3,8;4;4,4.0,5.333,12.025,13.667,True,500,3.3755,0.668,34,117.95,120.16,121.19,811.228,14.934,
clickbench,sf5,cb_sf5,q2,1,False,3,13;11;12,11.0,12.0,18.297,19.119,True,334,4.1726,0.832,42,117.95,120.38,121.46,1503.955,30.385,
clickbench,sf5,cb_sf5,q3,1,False,3,9;7;5,5.0,7.0,13.346,15.701,True,400,3.1055,0.78,31,117.95,119.61,122.28,928.603,12.862,
clickbench,sf5,cb_sf5,q5,1,False,3,15;13;13,13.0,13.667,23.408,23.713,True,125,2.2756,0.874,22,117.95,121.0,122.1,2202.848,55.515,
clickbench,sf5,cb_sf5,q6,1,False,3,10;10;10,10.0,10.0,17.9,18.867,True,200,2.5867,0.812,26,117.95,120.34,121.34,1556.485,30.928,
clickbench,sf5,cb_sf5,q7,14,False,3,6;6;7,6.0,6.333,13.105,13.754,True,286,2.4923,0.74,25,117.95,120.07,121.16,1046.294,18.416,
clickbench,sf5,cb_sf5,q12,10,False,3,6;6;6,6.0,6.0,13.209,13.412,True,250,2.069,0.748,21,117.95,118.0,124.22,976.568,0.417,
clickbench,sf5,cb_sf5,q14,10,False,3,36;44;36,36.0,38.667,44.844,47.497,True,55,2.1942,0.945,22,117.95,120.8,122.95,4819.236,113.663,
clickbench,sf5,cb_sf5,q15,10,False,3,44;42;47,42.0,44.333,52.987,54.757,True,47,2.2495,0.94,22,117.95,126.27,125.02,6043.617,398.117,
clickbench,sf5,cb_sf5,q16,10,False,3,51;47;48,47.0,48.667,57.571,59.887,True,39,2.065,0.939,20,117.95,128.52,129.41,6805.077,559.69,
clickbench,sf5,cb_sf5,q17,10,False,3,17;17;17,17.0,17.0,25.614,25.875,True,118,2.4048,0.877,24,117.95,138.15,143.52,2815.331,411.531,
clickbench,sf5,cb_sf5,q18,10,False,3,60;65;59,59.0,61.333,70.051,72.537,True,29,1.9121,0.957,19,117.95,127.61,132.81,8414.138,636.932,
clickbench,sf5,cb_sf5,q19,0,False,3,8;9;9,8.0,8.667,16.358,17.168,True,223,2.4387,0.81,24,117.95,124.72,124.91,1363.996,74.058,
clickbench,sf5,cb_sf5,q20,1,False,3,5;6;5,5.0,5.333,13.373,14.095,True,400,2.9203,0.72,30,117.95,119.16,123.49,869.982,8.83,
clickbench,sf5,cb_sf5,q24,10,False,3,14;12;13,12.0,13.0,21.199,22.841,True,167,2.8935,0.867,29,117.95,128.1,136.94,2219.467,175.762,
clickbench,sf5,cb_sf5,q25,10,False,3,16;16;24,16.0,18.667,25.845,28.207,True,118,2.3455,0.877,23,117.95,123.53,122.14,2455.458,110.942,
clickbench,sf5,cb_sf5,q26,10,False,3,21;21;20,20.0,20.667,29.108,29.35,True,100,2.4152,0.896,25,117.95,119.53,121.21,2886.99,38.197,
clickbench,sf5,cb_sf5,q27,,,0,,,,,,,,,,,,,,,,"Query requires one or more casts between none-encoded and dictionary-encoded strings, and the estimated table size (7139461 rows) exceeds the configured watchdog none-encoded string translation limit "
clickbench,sf5,cb_sf5,q28,0,False,3,0;0;0,0.0,0.0,5.365,6.622,True,5000,0.0055,0.0,0,117.95,0.0,0,0.0,-0.13,
clickbench,sf5,cb_sf5,q29,1,False,3,187;192;198,187.0,192.333,202.124,207.77,True,11,2.1324,0.958,21,117.95,122.59,132.51,23763.727,898.303,
clickbench,sf5,cb_sf5,q30,10,False,3,39;41;41,39.0,40.333,49.147,49.94,True,50,2.1842,0.933,22,117.95,122.3,122.79,5342.62,190.032,
clickbench,sf5,cb_sf5,q31,10,False,3,40;42;42,40.0,41.333,51.886,52.139,True,50,2.224,0.931,22,117.95,126.49,123.59,5626.06,379.556,
clickbench,sf5,cb_sf5,q32,10,False,3,77;71;72,71.0,73.333,82.838,84.696,True,29,2.2094,0.953,22,117.95,130.32,137.81,9928.552,942.058,
clickbench,sf5,cb_sf5,q33,10,False,3,14;9;11,9.0,11.333,16.735,19.177,True,223,2.5243,0.812,25,117.95,131.66,132.62,1490.327,155.162,
clickbench,sf5,cb_sf5,q34,10,False,3,51;57;45,45.0,51.0,56.31,61.385,True,42,2.1021,0.943,21,117.95,123.33,126.34,6172.595,268.973,
clickbench,sf5,cb_sf5,q35,10,False,3,49;44;44,44.0,45.667,54.115,56.078,True,44,2.172,0.935,22,117.95,127.63,129.18,6300.318,477.821,
clickbench,sf5,cb_sf5,q36,10,False,3,12;11;10,10.0,11.0,20.007,22.692,True,143,2.0928,0.819,21,117.95,123.85,131.74,1812.524,86.31,
clickbench,sf5,cb_sf5,q37,10,False,3,9;9;9,9.0,9.0,18.05,19.453,True,223,2.7146,0.778,27,117.95,126.0,126.24,1533.78,97.932,
clickbench,sf5,cb_sf5,q38,10,False,3,10;11;10,10.0,10.333,18.263,20.446,True,154,1.952,0.794,20,117.95,120.7,127.67,1529.916,34.852,
clickbench,sf5,cb_sf5,q39,10,False,3,40;39;36,36.0,38.333,46.196,48.768,True,49,2.0471,0.914,21,117.95,116.06,121.22,4848.653,-79.074,
clickbench,sf5,cb_sf5,q40,10,False,3,86;90;95,86.0,90.333,96.38,101.613,True,24,2.1881,0.958,22,117.95,119.47,121.07,10892.0,137.966,
clickbench,sf5,cb_sf5,q41,0,False,3,52;52;50,50.0,51.333,60.513,61.684,True,38,2.1343,0.938,21,117.95,122.58,120.69,6884.632,259.724,
clickbench,sf5,cb_sf5,q42,10,False,3,9;9;9,9.0,9.0,17.564,17.755,True,223,2.8283,0.761,28,117.95,118.86,123.96,1507.439,11.458,
clickbench_approx,sf5,cb_sf5,q4,1,False,3,5;5;12,5.0,7.333,12.586,15.649,True,400,2.8334,0.773,28,118.36,123.69,128.55,876.12,37.745,
clickbench_approx,sf5,cb_sf5,q8,10,False,3,82;82;83,82.0,82.333,91.939,93.044,True,25,2.1924,0.967,22,118.36,123.83,247.22,10859.04,479.772,
clickbench_approx,sf5,cb_sf5,q9,10,False,3,114;112;120,112.0,115.333,122.196,125.744,True,19,2.2208,0.97,22,118.36,122.48,127.0,14315.737,481.69,
clickbench_approx,sf5,cb_sf5,q10,10,False,3,7;8;8,7.0,7.667,16.229,16.724,True,286,2.9012,0.746,29,118.36,121.02,122.17,1227.643,27.01,
clickbench_approx,sf5,cb_sf5,q11,10,False,3,20;19;24,19.0,21.0,28.437,30.174,True,106,2.4939,0.899,25,118.36,121.61,240.61,2861.132,76.506,
clickbench_approx,sf5,cb_sf5,q13,10,False,3,154;133;132,132.0,139.667,141.742,152.441,True,15,2.1922,0.972,22,118.36,121.4,240.37,17741.6,444.148,
clickbench,sf10,cb_sf10,q0,1,False,3,9;4;4,4.0,5.667,11.558,13.851,True,500,2.9535,0.723,29,118.08,121.16,120.02,715.716,18.228,
clickbench,sf10,cb_sf10,q1,1,False,3,5;5;5,5.0,5.0,12.448,12.83,True,400,2.6266,0.675,26,118.08,123.97,129.45,814.088,38.715,
clickbench,sf10,cb_sf10,q2,1,False,3,11;11;10,10.0,10.667,17.559,18.159,True,182,2.0034,0.821,20,118.08,120.57,123.37,1327.187,27.383,
clickbench,sf10,cb_sf10,q3,1,False,3,6;6;5,5.0,5.667,12.977,13.223,True,400,3.0687,0.747,31,118.08,122.69,124.92,941.272,35.389,
clickbench,sf10,cb_sf10,q5,1,False,3,17;18;17,17.0,17.333,24.729,26.795,True,112,2.1927,0.881,22,118.08,121.2,121.99,2372.83,61.148,
clickbench,sf10,cb_sf10,q6,1,False,3,16;10;11,10.0,12.333,18.759,20.322,True,182,2.4041,0.824,24,118.08,119.83,122.55,1582.89,23.119,
clickbench,sf10,cb_sf10,q7,15,False,3,6;7;8,6.0,7.0,14.541,15.041,True,286,2.5201,0.739,25,118.08,118.9,123.41,1047.675,7.206,
clickbench,sf10,cb_sf10,q12,10,False,3,7;6;7,6.0,6.667,14.405,14.805,True,286,2.872,0.773,28,118.08,125.09,246.75,1256.15,70.417,
clickbench,sf10,cb_sf10,q14,10,False,3,38;38;38,38.0,38.0,47.69,48.184,True,16,0.6911,0.926,7,118.08,123.3,123.48,5325.562,225.41,
clickbench,sf10,cb_sf10,q15,10,False,3,50;50;47,47.0,49.0,57.475,59.813,True,41,2.2926,0.947,23,118.08,126.91,130.25,7096.39,493.85,
clickbench,sf10,cb_sf10,q16,10,False,3,54;57;55,54.0,55.333,64.034,65.357,True,37,2.2578,0.948,23,118.08,133.44,136.79,8142.757,937.333,
clickbench,sf10,cb_sf10,q17,10,False,3,21;22;22,21.0,21.667,29.712,30.631,True,96,2.4394,0.901,25,118.08,145.44,151.34,3695.615,695.204,
clickbench,sf10,cb_sf10,q18,10,False,3,89;84;86,84.0,86.333,96.959,98.016,True,22,1.9971,0.965,20,118.08,132.95,135.68,12068.773,1349.691,
clickbench,sf10,cb_sf10,q19,0,False,3,10;8;10,8.0,9.333,15.55,16.854,True,250,2.6644,0.823,26,118.08,124.73,126.76,1329.268,70.841,
clickbench,sf10,cb_sf10,q20,1,False,3,5;5;5,5.0,5.0,12.129,12.438,True,400,2.7674,0.714,28,118.08,118.65,125.94,820.848,3.928,
clickbench,sf10,cb_sf10,q24,10,False,3,13;13;13,13.0,13.0,20.763,21.662,True,154,2.6283,0.862,26,118.08,131.76,137.04,2248.786,233.569,
clickbench,sf10,cb_sf10,q25,10,False,3,23;22;22,22.0,22.333,31.399,31.949,True,91,2.393,0.894,24,118.08,122.27,123.68,3215.319,110.193,
clickbench,sf10,cb_sf10,q26,10,False,3,29;28;27,27.0,28.0,36.553,37.578,True,72,2.3299,0.922,23,118.08,125.27,122.57,4053.708,232.708,
clickbench,sf10,cb_sf10,q27,,,0,,,,,,,,,,,,,,,,"Query requires one or more casts between none-encoded and dictionary-encoded strings, and the estimated table size (14279869 rows) exceeds the configured watchdog none-encoded string translation limit"
clickbench,sf10,cb_sf10,q28,0,False,3,0;0;0,0.0,0.0,5.811,7.556,True,5000,0.0063,0.0,0,118.08,0.0,0,0.0,-0.149,
clickbench,sf10,cb_sf10,q29,1,False,3,194;206;207,194.0,202.333,208.712,218.355,True,11,2.4303,0.96,24,118.08,128.17,147.45,28316.909,2229.102,
clickbench,sf10,cb_sf10,q30,10,False,3,51;43;46,43.0,46.667,53.917,57.516,True,41,1.9835,0.931,20,118.08,125.46,126.28,6069.561,357.184,
clickbench,sf10,cb_sf10,q31,10,False,3,47;48;50,47.0,48.333,57.327,59.197,True,44,2.2584,0.942,22,118.08,127.48,127.31,6543.386,482.597,
clickbench,sf10,cb_sf10,q32,10,False,3,158;116;115,115.0,129.667,127.41,141.719,True,18,2.1995,0.969,22,118.08,135.35,142.21,16538.889,2110.019,
clickbench,sf10,cb_sf10,q33,10,False,3,12;21;12,12.0,15.0,21.177,24.583,True,154,2.4085,0.847,24,118.08,130.27,137.58,2037.455,190.737,
clickbench,sf10,cb_sf10,q34,10,False,3,54;52;51,51.0,52.333,61.859,62.816,True,39,2.2405,0.945,23,118.08,126.33,131.81,7257.308,473.94,
clickbench,sf10,cb_sf10,q35,10,False,3,50;50;49,49.0,49.667,60.197,60.996,True,41,2.27,0.944,23,118.08,132.13,133.8,7315.463,777.946,
clickbench,sf10,cb_sf10,q36,10,False,3,13;13;13,13.0,13.0,22.979,23.055,True,134,2.22,0.824,23,118.08,125.73,130.89,2082.993,126.759,
clickbench,sf10,cb_sf10,q37,10,False,3,11;11;10,10.0,10.667,19.103,19.877,True,182,2.5386,0.799,25,118.08,128.38,133.86,1790.665,143.65,
clickbench,sf10,cb_sf10,q38,10,False,3,15;15;17,15.0,15.667,25.226,26.473,True,106,1.7898,0.82,18,118.08,126.85,132.67,2141.774,148.018,
clickbench,sf10,cb_sf10,q39,10,False,3,47;45;44,44.0,45.333,55.479,59.19,True,43,2.0703,0.922,21,118.08,115.3,121.77,5551.163,-133.96,
clickbench,sf10,cb_sf10,q40,10,False,3,39;35;40,35.0,38.0,46.268,48.961,True,55,2.0862,0.91,21,118.08,121.29,124.07,4600.836,121.907,
clickbench,sf10,cb_sf10,q41,0,False,3,58;60;60,58.0,59.333,68.259,70.027,True,34,2.1896,0.937,22,118.08,119.09,120.54,7669.412,65.07,
clickbench,sf10,cb_sf10,q42,10,False,3,14;11;11,11.0,12.0,19.86,23.691,True,200,2.6316,0.769,26,118.08,119.65,127.44,1574.31,20.617,
clickbench_approx,sf10,cb_sf10,q4,1,False,3,6;6;6,6.0,6.0,13.203,13.772,True,143,1.1967,0.779,12,117.88,128.67,130.48,1076.748,90.266,
clickbench_approx,sf10,cb_sf10,q8,10,False,3,91;90;86,86.0,89.0,96.752,100.23,True,24,2.2915,0.969,23,117.88,123.82,125.47,11821.833,566.614,
clickbench_approx,sf10,cb_sf10,q9,10,False,3,125;143;123,123.0,130.333,133.735,141.086,True,16,2.128,0.968,22,117.88,129.14,127.37,17174.687,1496.478,
clickbench_approx,sf10,cb_sf10,q10,10,False,3,9;8;7,7.0,8.0,16.142,20.194,True,250,2.8898,0.761,29,117.88,122.57,123.08,1416.788,54.174,
clickbench_approx,sf10,cb_sf10,q11,10,False,3,21;21;23,21.0,21.667,31.282,33.28,True,65,1.6456,0.906,16,117.88,119.04,123.49,3013.723,29.305,
clickbench_approx,sf10,cb_sf10,q13,10,False,3,273;276;255,255.0,268.0,269.564,283.93,True,9,2.4309,0.97,24,117.88,118.87,123.37,32107.222,267.223,
clickbench,sf20,cb_sf20,q0,1,False,3,6;5;5,5.0,5.333,12.892,13.898,True,223,1.4677,0.7,15,117.93,113.44,119.62,746.646,-29.572,
clickbench,sf20,cb_sf20,q1,1,False,3,5;6;6,5.0,5.667,14.557,16.831,True,400,2.8041,0.706,28,117.93,121.53,125.31,851.962,25.2,
clickbench,sf20,cb_sf20,q2,1,False,3,13;9;11,9.0,11.0,16.284,18.508,True,223,2.553,0.822,26,117.93,119.54,126.28,1368.547,18.39,
clickbench,sf20,cb_sf20,q3,1,False,3,6;7;6,6.0,6.333,13.191,14.079,True,334,2.4879,0.748,25,117.93,124.65,127.72,928.494,50.037,
clickbench,sf20,cb_sf20,q5,1,False,3,19;29;22,19.0,23.333,27.655,33.229,True,96,2.2084,0.899,22,117.93,122.08,126.41,2808.323,95.324,
clickbench,sf20,cb_sf20,q6,1,False,3,11;10;12,10.0,11.0,19.401,20.354,True,134,1.8219,0.831,19,117.93,119.83,127.57,1629.276,25.769,
clickbench,sf20,cb_sf20,q7,15,False,3,12;7;8,7.0,9.0,15.805,17.288,True,200,1.7965,0.75,18,117.93,122.15,124.89,1097.245,37.897,
clickbench,sf20,cb_sf20,q12,10,False,3,8;8;8,8.0,8.0,16.009,16.365,True,250,2.8023,0.778,28,117.93,126.76,131.44,1420.872,98.939,
clickbench,sf20,cb_sf20,q14,10,False,3,45;46;46,45.0,45.667,54.948,55.16,True,46,2.2901,0.938,23,117.93,124.53,126.32,6199.826,328.561,
clickbench,sf20,cb_sf20,q15,10,False,3,62;58;59,58.0,59.667,68.956,70.606,True,36,2.3394,0.951,23,117.93,134.55,137.16,8743.417,1079.6,
clickbench,sf20,cb_sf20,q16,10,False,3,72;81;72,72.0,75.0,82.242,87.102,True,29,2.2553,0.955,23,117.93,132.24,147.98,10284.517,1112.709,
clickbench,sf20,cb_sf20,q17,10,False,3,30;30;32,30.0,30.667,39.584,40.952,True,61,2.0432,0.922,20,117.93,163.57,164.21,5478.934,1528.699,
clickbench,sf20,cb_sf20,q18,10,False,3,146;135;135,135.0,138.667,146.147,149.875,True,14,2.0235,0.975,20,117.93,133.68,145.1,19321.214,2275.863,
clickbench,sf20,cb_sf20,q19,2,False,3,8;8;8,8.0,8.0,15.595,16.03,True,250,2.7819,0.81,28,117.93,124.25,135.27,1382.58,70.237,
clickbench,sf20,cb_sf20,q20,1,False,3,8;5;5,5.0,6.0,13.545,15.729,True,334,2.3051,0.741,23,117.93,124.48,127.78,859.129,45.199,
clickbench,sf20,cb_sf20,q24,10,False,3,14;14;13,13.0,13.667,20.736,21.306,True,143,2.3929,0.865,24,117.93,144.69,153.08,2421.147,447.682,
clickbench,sf20,cb_sf20,q25,10,False,3,30;34;29,29.0,31.0,39.316,41.301,True,63,2.2427,0.929,23,117.93,120.83,127.75,4301.587,103.249,
clickbench,sf20,cb_sf20,q26,10,False,3,43;41;40,40.0,41.333,49.249,52.885,True,52,2.3324,0.937,23,117.93,126.41,126.88,5670.038,380.226,
clickbench,sf20,cb_sf20,q27,,,0,,,,,,,,,,,,,,,,"Query requires one or more casts between none-encoded and dictionary-encoded strings, and the estimated table size (28565459 rows) exceeds the configured watchdog none-encoded string translation limit"
clickbench,sf20,cb_sf20,q28,0,False,3,0;0;0,0.0,0.0,5.907,7.472,True,5000,0.0065,0.0,0,117.93,0.0,0,0.0,-0.153,
clickbench,sf20,cb_sf20,q29,1,False,3,205;203;211,203.0,206.333,217.39,220.448,True,10,2.3583,0.965,24,117.93,140.85,171.02,33215.9,5403.334,
clickbench,sf20,cb_sf20,q30,10,False,3,58;50;50,50.0,52.667,61.443,64.733,True,41,2.1923,0.943,22,117.93,128.64,131.39,6878.268,572.281,
clickbench,sf20,cb_sf20,q31,10,False,3,55;62;55,55.0,57.333,65.844,68.085,True,36,2.2279,0.955,23,117.93,127.46,134.5,7888.25,589.614,
clickbench,sf20,cb_sf20,q32,10,False,3,219;215;210,210.0,214.667,220.598,226.718,True,10,2.1338,0.98,21,117.93,140.85,159.13,30055.1,4890.182,
clickbench,sf20,cb_sf20,q33,10,False,3,16;16;16,16.0,16.0,23.93,24.027,True,125,2.3535,0.877,23,117.93,143.05,144.68,2693.328,472.895,
clickbench,sf20,cb_sf20,q34,10,False,3,63;74;61,61.0,66.0,72.96,77.292,True,32,2.1227,0.948,21,117.93,133.16,140.06,8833.125,1010.119,
clickbench,sf20,cb_sf20,q35,10,False,3,59;65;56,56.0,60.0,66.745,72.138,True,36,2.2221,0.946,22,117.93,136.34,146.34,8415.222,1135.818,
clickbench,sf20,cb_sf20,q36,10,False,3,19;15;16,15.0,16.667,24.664,26.206,True,125,2.3595,0.831,24,117.93,134.92,140.76,2546.688,320.594,
clickbench,sf20,cb_sf20,q37,10,False,3,13;12;16,12.0,13.667,21.466,22.88,True,167,2.65,0.818,26,117.93,132.3,135.3,2099.293,227.901,
clickbench,sf20,cb_sf20,q38,10,False,3,15;15;15,15.0,15.0,23.967,24.072,True,134,2.5237,0.835,25,117.93,135.33,139.58,2548.806,327.698,
clickbench,sf20,cb_sf20,q39,10,False,3,50;48;48,48.0,48.667,57.611,58.817,True,38,1.9848,0.927,20,117.93,120.94,123.06,6316.921,156.885,
clickbench,sf20,cb_sf20,q40,10,False,3,35;33;33,33.0,33.667,42.681,43.248,True,56,2.2263,0.919,23,117.93,119.56,126.27,4752.982,64.429,
clickbench,sf20,cb_sf20,q41,0,False,3,82;84;82,82.0,82.667,92.615,93.889,True,24,2.2823,0.956,23,117.93,120.89,241.6,11496.125,280.861,
clickbench,sf20,cb_sf20,q42,10,False,3,9;9;9,9.0,9.0,17.767,18.9,True,200,2.953,0.798,30,117.93,126.09,2630.62,1861.78,120.447,
clickbench_approx,sf20,cb_sf20,q4,1,False,3,7;7;6,6.0,6.667,14.235,15.599,True,286,2.4042,0.759,24,117.86,142.18,139.79,1195.199,204.41,
clickbench_approx,sf20,cb_sf20,q8,10,False,3,104;102;95,95.0,100.333,106.046,112.261,True,21,2.1516,0.969,22,117.86,127.6,128.25,13073.095,997.612,
clickbench_approx,sf20,cb_sf20,q9,10,False,3,143;141;150,141.0,144.667,150.829,155.037,True,15,2.2117,0.976,22,117.86,127.5,132.96,18800.4,1421.87,
clickbench_approx,sf20,cb_sf20,q10,10,False,3,8;8;8,8.0,8.0,16.37,16.446,True,250,2.8514,0.766,29,117.86,127.58,127.01,1455.132,110.869,
clickbench_approx,sf20,cb_sf20,q11,10,False,3,23;24;28,23.0,25.0,31.868,33.224,True,75,2.022,0.913,20,117.86,122.34,124.94,3298.387,120.793,
clickbench_approx,sf20,cb_sf20,q13,10,False,3,524;498;515,498.0,512.333,515.983,530.777,True,4,2.0662,0.977,21,117.86,122.58,122.91,63318.0,2437.132,
