suite,sf,query,K,cold,n_rows,count_wrapped,window_s,lat_min_ms,lat_mean_ms,P_load_W,P_idle_W,duty,E_total_mJ,E_dyn_mJ,cv_pct,ci95_mJ,E_paper_mJ,paper_err_pct,gpu_checked,error
tpch,sf1,q1,20,True,4,False,7.025,37.0,39.533,119.84,118.15,0.113,42093.4,593.266,0.676,394.654,4434.027,-89.47,6,
tpch,sf1,q2,10,True,100,False,5.933,230.0,278.967,119.28,118.15,0.466,70754.967,660.717,9.069,8892.891,27434.928,-61.23,6,
tpch,sf1,q3,20,True,10,False,10.782,201.0,227.067,119.26,118.15,0.421,64294.717,601.86,1.549,1380.452,23971.696,-62.72,6,
tpch,sf1,q4,9,True,5,False,5.217,244.0,267.037,118.96,118.15,0.46,68943.926,462.668,1.554,1485.025,29026.651,-57.9,6,
tpch,sf1,q5,20,True,5,False,7.131,41.0,43.883,119.41,118.15,0.123,42571.367,448.367,0.615,363.092,4895.686,-88.5,6,
tpch,sf1,q6,20,True,1,False,6.853,27.0,31.367,119.14,118.15,0.092,40821.117,340.223,0.71,401.828,3216.822,-92.12,6,
tpch,sf1,q7,20,True,4,False,7.168,40.0,45.217,119.33,118.15,0.126,42767.283,421.546,0.706,418.349,4773.051,-88.84,6,
tpch,sf1,q8,20,True,2,False,7.507,55.0,60.85,119.93,118.15,0.162,45018.567,669.206,0.683,426.016,6596.361,-85.35,6,
tpch,sf1,q9,20,True,175,False,7.395,53.0,56.133,120.55,118.15,0.152,44575.233,889.536,1.199,740.753,6389.152,-85.67,6,
tpch,sf1,q10,20,True,20,False,11.379,227.0,254.55,119.46,118.15,0.447,67965.833,747.79,2.016,1899.41,27116.935,-60.1,6,
tpch,sf1,q11,17,True,1,False,8.139,128.0,163.275,119.19,118.15,0.34,57062.059,498.682,3.266,2583.207,15256.926,-73.26,6,
tpch,sf1,q12,20,True,2,False,6.889,30.0,32.717,119.66,118.15,0.095,41214.533,520.084,0.032,18.14,3589.745,-91.29,6,
tpch,sf1,q13,20,True,42,False,8.408,81.0,107.967,120.4,118.15,0.255,50611.15,943.411,4.922,3452.126,9752.443,-80.73,6,
tpch,sf1,q14,20,True,0,False,6.404,0.0,0.0,119.5,118.15,0.0,38266.633,436.271,2.611,1384.899,0.0,-100.0,6,
tpch,sf1,q15,20,True,1,False,8.899,110.0,132.467,119.08,118.15,0.296,52972.283,402.236,3.974,2917.749,13098.649,-75.27,6,
tpch,sf1,q16,20,True,18314,True,6.978,33.0,37.183,119.48,118.15,0.107,41689.067,465.561,0.066,38.094,3942.984,-90.54,6,
tpch,sf1,q17,15,True,1,False,7.099,147.0,160.533,119.73,118.15,0.339,56670.422,751.514,0.681,534.956,17601.04,-68.94,6,
tpch,sf1,q18,11,True,57,False,8.373,415.0,447.424,118.72,118.15,0.588,90359.182,431.484,0.514,643.81,49267.655,-45.48,6,
tpch,sf1,q19,20,True,1,False,7.069,36.0,40.417,119.72,118.15,0.114,42317.683,556.504,0.057,33.681,4310.004,-89.82,6,
tpch,sf1,q20,10,True,186,False,7.17,376.0,402.8,119.46,118.15,0.562,85642.333,936.098,1.154,1370.011,44917.105,-47.55,6,
tpch,sf1,q22,20,True,7,False,8.471,101.0,110.333,119.23,118.15,0.261,50499.0,459.152,0.972,679.954,12042.32,-76.15,6,
case_bench,sf1,q1,20,True,5,False,6.485,7.0,13.983,119.07,117.65,0.043,38609.517,462.767,2.13,1139.888,833.515,-97.84,6,
case_bench,sf1,q2,20,True,1,False,6.495,11.0,14.917,119.04,117.65,0.046,38661.333,452.645,1.284,687.786,1309.416,-96.61,6,
case_bench,sf1,q3,20,True,5,False,6.535,10.0,17.183,118.84,117.65,0.052,38828.0,387.552,1.45,780.333,1188.361,-96.94,6,
case_bench,sf1,q4,20,True,3,False,6.493,11.0,14.35,119.02,117.65,0.044,38640.617,446.606,0.042,22.253,1309.27,-96.61,6,
case_bench,sf1,q5,20,True,10,False,6.672,10.0,23.45,119.22,117.65,0.069,39776.533,530.113,4.621,2547.573,1192.188,-97.0,6,
tpch,sf5,q1,20,True,4,False,7.89,77.0,82.267,120.82,117.67,0.209,47663.667,1241.32,0.09,59.19,9303.197,-80.48,6,
tpch,sf5,q2,10,True,100,False,6.011,267.0,286.067,121.02,117.67,0.476,72749.1,2013.152,0.71,715.445,32313.222,-55.58,6,
tpch,sf5,q3,20,True,10,False,11.492,248.0,262.683,119.79,117.67,0.457,68831.2,1217.985,0.089,84.777,29708.686,-56.84,6,
tpch,sf5,q4,7,True,5,False,4.567,321.0,340.476,119.68,117.67,0.522,78081.19,1314.455,1.902,2057.886,38416.441,-50.8,6,
tpch,sf5,q5,20,True,5,False,8.04,83.0,88.55,120.39,117.67,0.22,48394.133,1091.434,0.421,282.306,9992.156,-79.35,6,
tpch,sf5,q6,20,True,1,False,7.372,53.0,56.8,119.2,117.67,0.154,43939.65,562.862,0.643,391.824,6317.559,-85.62,6,
tpch,sf5,q7,20,True,4,False,8.087,86.0,90.567,120.18,117.67,0.224,48591.133,1012.059,0.761,512.305,10335.064,-78.73,6,
tpch,sf5,q8,20,True,2,False,8.533,107.0,112.25,120.73,117.67,0.263,51508.567,1303.65,0.134,95.871,12917.99,-74.92,6,
tpch,sf5,q9,20,True,175,False,8.945,120.0,133.517,123.98,117.67,0.298,55442.617,2815.009,2.443,1877.251,14877.29,-73.17,6,
tpch,sf5,q10,20,True,20,False,11.934,268.0,283.283,120.25,117.67,0.475,71754.517,1537.137,0.298,295.94,32226.969,-55.09,6,
tpch,sf5,q11,14,True,1,False,6.547,143.0,153.262,118.53,117.67,0.328,55432.31,400.98,0.725,557.051,16949.723,-69.42,6,
tpch,sf5,q12,20,True,2,False,7.565,59.0,66.067,119.35,117.67,0.175,45146.683,635.119,0.61,381.916,7041.722,-84.4,6,
tpch,sf5,q13,20,True,43,False,8.845,120.0,130.517,126.58,117.67,0.295,55982.083,3940.732,0.611,473.678,15189.992,-72.87,6,
tpch,sf5,q14,20,True,0,False,6.27,0.0,0.0,118.69,117.67,0.0,37209.967,317.757,0.735,379.213,0.0,-100.0,6,
tpch,sf5,q15,12,True,1,False,6.428,209.0,223.139,119.02,117.67,0.417,63755.222,722.408,0.798,705.552,24875.792,-60.98,6,
tpch,sf5,q16,20,True,27724,True,7.167,43.0,46.85,118.45,117.67,0.131,42446.15,278.327,0.634,373.019,5093.29,-88.0,6,
tpch,sf5,q17,13,True,1,False,6.57,181.0,193.103,120.82,117.67,0.382,61064.256,1590.342,1.212,1025.761,21867.752,-64.19,6,
tpch,sf5,q18,8,True,100,False,7.444,596.0,617.083,119.99,117.67,0.663,111648.458,2155.056,0.694,1073.248,71512.883,-35.95,6,
tpch,sf5,q19,20,True,1,False,7.816,73.0,77.233,120.43,117.67,0.198,47066.433,1077.338,0.597,389.644,8791.364,-81.32,6,
tpch,sf5,q20,8,True,901,False,6.537,475.0,501.833,119.46,117.67,0.614,97622.375,1462.987,0.724,979.919,56745.035,-41.87,6,
tpch,sf5,q22,15,True,7,False,7.061,148.0,158.067,118.7,117.67,0.336,55877.089,484.832,0.833,644.741,17567.817,-68.56,6,
case_bench,sf5,q1,20,True,5,False,6.383,7.0,9.017,119.15,120.66,0.028,38025.0,-482.768,0.016,8.364,834.037,-97.81,6,
case_bench,sf5,q2,20,True,1,False,6.516,11.0,16.25,119.15,120.66,0.05,38822.333,-490.034,1.412,759.684,1310.634,-96.62,6,
case_bench,sf5,q3,20,True,5,False,6.435,10.0,11.95,118.46,120.66,0.037,38112.133,-708.223,0.672,354.72,1184.558,-96.89,6,
case_bench,sf5,q4,20,True,3,False,6.448,11.0,12.317,118.27,120.66,0.038,38129.967,-769.874,0.658,347.831,1301.007,-96.59,6,
case_bench,sf5,q5,20,True,10,False,6.608,14.0,20.45,119.91,120.66,0.062,39619.167,-248.227,1.154,633.487,1678.727,-95.76,6,
tpch,sf10,q1,20,True,4,False,9.113,139.0,143.483,122.47,117.72,0.315,55801.733,2163.908,0.6,463.908,17023.299,-69.49,6,
tpch,sf10,q2,8,True,100,False,6.04,357.0,440.75,124.49,117.72,0.577,93865.708,4979.688,12.491,16249.56,44441.643,-52.65,6,
tpch,sf10,q3,20,True,10,False,12.709,317.0,323.167,120.75,117.72,0.509,76729.35,1926.549,0.05,53.642,38278.54,-50.11,6,
tpch,sf10,q4,5,True,5,False,3.971,464.0,482.133,120.23,117.72,0.607,95498.8,1995.593,1.193,1578.525,55786.373,-41.58,6,
tpch,sf10,q5,20,True,5,False,9.336,138.0,153.717,121.33,117.72,0.329,56639.183,1685.715,3.366,2642.304,16744.025,-70.44,6,
tpch,sf10,q6,20,True,1,False,8.267,97.0,101.867,119.96,117.72,0.246,49583.833,924.312,0.198,135.794,11635.795,-76.53,6,
tpch,sf10,q7,20,True,4,False,9.241,144.0,148.65,121.36,117.72,0.322,56073.417,1682.885,0.492,382.211,17476.104,-68.83,6,
tpch,sf10,q8,20,True,2,False,10.152,175.0,193.133,122.86,117.72,0.38,62364.083,2611.325,3.589,3101.793,21500.204,-65.52,6,
tpch,sf10,q9,20,True,175,False,11.121,210.0,242.317,129.58,117.72,0.434,72027.6,6567.569,5.658,5647.992,27210.878,-62.22,6,
tpch,sf10,q10,20,True,20,False,13.054,324.0,339.717,121.72,117.72,0.52,79446.833,2609.348,0.359,395.152,39436.456,-50.36,6,
tpch,sf10,q11,14,True,1,False,6.837,159.0,173.786,119.05,117.72,0.356,58141.548,652.049,1.357,1093.119,18929.411,-67.44,6,
tpch,sf10,q12,20,True,2,False,8.349,99.0,105.183,120.35,117.72,0.252,50243.85,1099.818,1.001,697.272,11914.912,-76.29,6,
tpch,sf10,q13,20,True,45,False,9.6,156.0,168.3,133.84,117.72,0.351,64244.35,7739.427,0.804,716.175,20879.478,-67.5,6,
tpch,sf10,q14,20,True,0,False,6.629,0.0,0.0,118.65,117.72,0.0,39304.45,285.189,8.168,4449.399,0.0,-100.0,6,
tpch,sf10,q15,12,True,1,False,6.985,255.0,270.056,118.93,117.72,0.464,69227.833,704.737,0.651,624.999,30327.293,-56.19,6,
tpch,sf10,q16,20,True,27840,True,7.368,53.0,56.5,118.62,117.72,0.153,43698.75,331.737,0.64,387.764,6286.906,-85.61,6,
tpch,sf10,q17,11,True,1,False,6.177,237.0,249.333,123.1,117.72,0.444,69128.0,3022.393,0.055,52.505,29175.347,-57.8,6,
tpch,sf10,q18,4,True,100,False,6.65,1302.0,1349.417,120.44,117.72,0.812,200234.167,4512.434,0.735,2039.493,156809.593,-21.69,6,
tpch,sf10,q19,20,True,1,False,9.116,132.0,141.95,121.89,117.72,0.311,55558.717,1899.462,0.136,104.574,16089.175,-71.04,6,
tpch,sf10,q20,7,True,1804,False,6.671,565.0,634.381,120.89,117.72,0.664,115178.333,2987.934,5.56,8874.757,68304.749,-40.7,6,
tpch,sf10,q22,11,True,7,False,5.826,199.0,216.515,118.87,117.72,0.409,62947.758,604.175,0.754,658.124,23654.188,-62.42,6,
case_bench,sf10,q1,20,True,5,False,6.771,7.0,28.3,119.28,117.76,0.078,40383.15,515.316,8.244,4613.949,834.98,-97.93,6,
case_bench,sf10,q2,20,True,1,False,6.451,11.0,12.967,119.11,117.76,0.04,38417.033,434.521,0.694,369.701,1310.16,-96.59,6,
case_bench,sf10,q3,20,True,5,False,6.428,10.0,11.567,118.58,117.76,0.036,38115.7,265.987,0.691,365.218,1185.845,-96.89,6,
case_bench,sf10,q4,20,True,3,False,6.432,10.0,11.467,118.56,117.76,0.036,38131.317,258.545,0.85,449.256,1185.625,-96.89,6,
case_bench,sf10,q5,20,True,10,False,6.614,17.0,20.467,120.89,117.76,0.062,39979.0,1035.651,0.564,312.322,2055.159,-94.86,6,
tpch,sf20,q1,20,True,4,False,11.819,266.0,278.783,124.87,117.75,0.472,73792.517,4208.224,0.279,285.141,33215.491,-54.99,6,
tpch,sf20,q2,6,True,100,False,5.131,525.0,540.389,139.94,117.75,0.632,119684.667,18981.341,1.112,1844.847,73468.475,-38.61,6,
tpch,sf20,q3,20,True,10,False,15.156,401.0,445.283,123.27,117.75,0.587,93415.733,4189.142,3.032,3925.813,49432.21,-47.08,6,
tpch,sf20,q4,7,True,5,False,6.738,631.0,650.19,124.66,117.75,0.675,119991.667,6655.506,0.762,1266.484,78660.738,-34.44,6,
tpch,sf20,q5,20,True,5,False,11.484,246.0,259.633,123.84,117.75,0.452,71110.233,3500.16,0.923,909.436,30464.88,-57.16,6,
tpch,sf20,q6,20,True,1,False,10.125,186.0,194.25,120.22,117.75,0.384,60860.45,1253.353,0.966,814.717,22361.124,-63.26,6,
tpch,sf20,q7,20,True,4,False,11.809,267.0,277.183,123.82,117.75,0.469,73105.7,3584.401,0.534,540.732,33059.458,-54.78,6,
tpch,sf20,q8,20,True,2,False,12.807,316.0,326.35,127.3,117.75,0.51,81514.817,6113.776,0.488,551.476,40225.373,-50.65,6,
tpch,sf20,q9,20,True,175,False,14.738,382.0,423.467,136.96,117.75,0.574,100899.933,14130.428,3.95,5524.324,52317.023,-48.15,6,
tpch,sf20,q10,20,True,20,False,15.424,443.0,458.067,126.12,117.75,0.594,97266.033,6457.547,0.37,499.142,55871.317,-42.56,6,
tpch,sf20,q11,14,True,1,False,7.336,177.0,209.595,118.64,117.75,0.398,62181.357,480.055,5.48,4722.938,20999.579,-66.23,6,
tpch,sf20,q12,20,True,2,False,9.992,177.0,187.367,121.3,117.75,0.375,60602.65,1775.636,0.58,486.807,21470.219,-64.57,6,
tpch,sf20,q13,16,True,45,False,8.839,229.0,241.042,146.51,117.75,0.436,80938.646,15889.799,0.581,651.677,33550.685,-58.55,6,
tpch,sf20,q14,20,True,0,False,6.232,0.0,0.0,118.75,117.75,0.0,37004.867,313.579,0.88,451.556,0.0,-100.0,6,
tpch,sf20,q15,12,True,1,False,8.33,351.0,370.833,120.1,117.75,0.534,83377.167,1644.229,3.107,3590.328,42155.944,-49.44,6,
tpch,sf20,q16,20,True,27840,True,7.64,61.0,70.45,118.74,117.75,0.184,45359.0,378.481,0.698,438.878,7243.191,-84.03,6,
tpch,sf20,q17,8,True,1,False,5.625,374.0,391.542,126.41,117.75,0.557,88876.292,6087.293,0.833,1026.204,47277.0,-46.81,6,
tpch,sf20,q18,9,True,100,False,13.486,1157.0,1185.407,123.34,117.75,0.791,184817.63,8380.683,0.606,1550.994,142704.684,-22.79,6,
tpch,sf20,q19,20,True,1,False,11.549,252.0,264.1,126.59,117.75,0.457,73095.267,5101.965,0.633,641.023,31900.329,-56.36,6,
tpch,sf20,q20,6,True,3543,False,6.548,716.0,767.889,124.36,117.75,0.704,135723.167,7223.775,1.748,3288.307,89044.422,-34.39,6,
tpch,sf20,q22,8,True,7,False,5.271,281.0,345.625,120.16,117.75,0.519,79201.042,1620.414,11.964,13132.389,33764.488,-57.37,6,
case_bench,sf20,q1,20,True,5,False,6.373,7.0,8.95,118.81,120.72,0.028,37857.017,-608.109,0.743,389.705,831.657,-97.8,6,
case_bench,sf20,q2,20,True,1,False,6.458,11.0,13.333,119.01,120.72,0.041,38429.3,-552.683,0.709,377.668,1309.061,-96.59,6,
case_bench,sf20,q3,20,True,5,False,6.435,9.0,11.917,119.45,120.72,0.037,38435.017,-406.719,0.723,384.922,1075.071,-97.2,6,
case_bench,sf20,q4,20,True,3,False,6.434,10.0,12.067,118.21,120.72,0.037,38028.283,-806.916,0.038,20.267,1182.122,-96.89,6,
case_bench,sf20,q5,20,True,10,False,6.653,19.0,22.433,120.72,120.72,0.067,40156.467,1.696,0.759,422.61,2293.713,-94.29,6,
h2o,1gb,q1,20,True,100,False,6.735,24.0,26.2,118.89,117.09,0.078,40034.4,606.216,0.745,413.091,2853.333,-92.87,6,
h2o,1gb,q2,20,True,10000,False,7.291,28.0,31.9,119.55,117.09,0.087,43582.383,896.718,0.565,341.099,3347.326,-92.32,6,
h2o,1gb,q3,20,True,9698578,True,7.165,40.0,46.983,120.54,117.09,0.131,43185.7,1236.89,0.143,85.808,4821.626,-88.84,6,
h2o,1gb,q4,20,True,100,False,7.372,54.0,57.6,119.49,117.09,0.156,44042.633,885.783,0.565,344.916,6452.506,-85.35,6,
h2o,1gb,q5,20,True,100000,True,6.824,27.0,30.467,119.62,117.09,0.089,40815.317,863.29,0.623,352.188,3229.692,-92.09,6,
h2o,1gb,q6,20,True,10000,False,8.136,61.0,64.9,120.88,117.09,0.16,49172.133,1542.95,0.639,435.632,7373.759,-85.0,6,
h2o,1gb,q7,20,True,9698578,True,7.173,41.0,47.183,120.71,117.09,0.132,43293.467,1299.843,0.006,3.515,4949.215,-88.57,6,
h2o,1gb,q8,20,True,100000,True,7.788,43.0,78.1,119.76,117.09,0.197,46647.633,1055.224,6.788,4388.358,5149.532,-88.96,6,
h2o,1gb,q9,20,True,10000,False,8.296,71.0,76.633,122.76,117.09,0.185,50925.05,2354.156,1.15,811.713,8716.067,-82.88,6,
h2o,1gb,q10,19,True,35000000,True,12.438,324.0,342.509,124.9,117.09,0.523,81761.491,5111.354,0.637,721.287,40466.852,-50.51,6,
h2o,2gb,q1,20,True,100,False,7.034,37.0,40.65,119.19,117.11,0.116,41917.65,730.879,0.676,392.62,4409.997,-89.48,6,
h2o,2gb,q2,20,True,10000,False,7.677,47.0,51.283,121.12,117.11,0.134,46493.133,1538.663,0.148,95.678,5692.671,-87.76,6,
h2o,2gb,q3,20,True,9990924,True,7.406,54.0,58.883,121.23,117.11,0.159,44894.967,1527.103,0.082,51.173,6546.622,-85.42,6,
h2o,2gb,q4,20,True,100,False,8.227,95.0,99.633,120.01,117.11,0.242,49368.3,1195.133,0.519,354.99,11401.356,-76.91,6,
h2o,2gb,q5,20,True,100000,True,7.077,38.0,41.25,119.55,117.11,0.117,42305.783,866.366,1.31,768.35,4543.003,-89.26,6,
h2o,2gb,q6,20,True,10000,False,8.888,99.0,105.25,122.93,117.11,0.237,54633.317,2590.039,1.034,782.767,12170.488,-77.72,6,
h2o,2gb,q7,20,True,9990924,True,7.438,55.0,60.267,121.1,117.11,0.162,45036.767,1484.325,0.686,428.293,6660.558,-85.21,6,
h2o,2gb,q8,20,True,100000,True,7.744,69.0,75.433,120.51,117.11,0.195,46660.367,1316.63,0.628,406.073,8315.073,-82.18,6,
h2o,2gb,q9,20,True,10000,False,9.077,112.0,118.267,126.44,117.11,0.261,57383.233,4234.9,1.035,822.788,14160.934,-75.32,6,
h2o,2gb,q10,10,True,70000000,True,8.018,454.0,489.367,128.87,117.11,0.61,103327.967,9434.056,2.146,3073.081,58505.431,-43.38,6,
h2o,4gb,q1,20,True,100,False,7.563,63.0,66.933,119.78,117.75,0.177,45292.05,767.29,0.653,410.197,7546.29,-83.34,6,
h2o,4gb,q2,20,True,10000,False,8.655,85.0,100.15,122.89,117.75,0.23,53174.983,2219.365,3.397,2503.115,10445.917,-80.36,6,
h2o,4gb,q3,20,True,9999989,True,7.897,78.0,83.683,124.68,117.75,0.212,49231.117,2735.917,0.719,490.624,9724.769,-80.25,6,
h2o,4gb,q4,20,True,100,False,9.795,171.0,177.917,121.78,117.75,0.363,59643.067,1974.255,0.419,346.02,20824.313,-65.09,6,
h2o,4gb,q5,20,True,100000,True,7.515,60.0,64.317,120.98,117.75,0.171,45459.283,1215.499,0.14,88.489,7259.076,-84.03,6,
h2o,4gb,q6,20,True,10000,False,10.248,164.0,172.167,126.01,117.75,0.336,64566.85,4232.546,0.721,645.556,20666.114,-67.99,6,
h2o,4gb,q7,20,True,9999989,True,7.884,77.0,82.667,124.21,117.75,0.21,48962.533,2547.975,0.053,35.777,9564.44,-80.47,6,
h2o,4gb,q8,20,True,100000,True,8.721,116.0,124.183,121.8,117.75,0.285,53110.567,1767.232,0.578,425.79,14129.003,-73.4,6,
h2o,4gb,q9,20,True,10000,False,10.555,183.0,193.45,132.01,117.75,0.367,69669.25,7525.451,0.778,751.046,24157.978,-65.32,6,
h2o,4gb,q10,,True,,,,,,,,,,,,,,,,Query would use too much memory
h2o,8gb,q1,20,True,100,False,8.603,112.0,118.467,120.56,117.28,0.275,51857.283,1412.923,0.558,401.073,13502.965,-73.96,6,
h2o,8gb,q2,20,True,10000,False,9.914,155.0,162.433,125.59,117.28,0.328,62253.467,4120.234,0.1,86.593,19466.482,-68.73,6,
h2o,8gb,q3,20,True,10000000,True,8.751,120.0,125.967,128.65,117.28,0.288,56291.667,4977.99,0.75,585.496,15438.518,-72.57,6,
h2o,8gb,q4,20,True,100,False,12.881,318.0,331.9,122.67,117.28,0.515,79009.917,3475.024,0.367,401.487,39010.287,-50.63,6,
h2o,8gb,q5,20,True,100000,True,8.322,100.0,104.833,123.56,117.28,0.252,51409.117,2612.473,0.724,516.003,12355.527,-75.97,6,
h2o,8gb,q6,20,True,10000,False,12.902,296.0,305.017,131.01,117.28,0.473,84516.45,8859.721,0.945,1107.5,38778.435,-54.12,6,
h2o,8gb,q7,20,True,10000000,True,8.817,119.0,129.033,128.87,117.28,0.293,56811.45,5111.291,0.558,439.119,15335.798,-73.01,6,
h2o,8gb,q8,20,True,100000,True,10.607,204.0,218.733,123.8,117.28,0.412,65650.45,3454.328,0.929,845.678,25254.699,-61.53,6,
h2o,8gb,q9,20,True,10000,False,13.571,326.0,341.817,140.21,117.28,0.504,95142.817,15563.494,0.115,152.232,45709.842,-51.96,6,
h2o,8gb,q10,,True,,,,,,,,,,,,,,,,Query would use too much memory
clickbench,sf1,q0,20,True,1,False,6.366,7.0,8.617,119.46,117.68,0.027,38025.9,564.762,0.007,3.811,836.198,-97.8,6,
clickbench,sf1,q1,20,True,1,False,6.394,8.0,9.5,118.96,117.68,0.03,38029.633,408.008,0.014,7.513,951.671,-97.5,6,
clickbench,sf1,q2,20,True,1,False,6.515,10.0,15.067,119.22,117.68,0.046,38834.183,499.077,0.745,400.947,1192.163,-96.93,6,
clickbench,sf1,q3,20,True,1,False,6.47,9.0,13.483,118.57,117.68,0.042,38358.983,286.458,0.534,283.713,1067.125,-97.22,6,
clickbench,sf1,q5,20,True,1,False,6.695,16.0,24.033,118.71,117.68,0.071,39740.633,345.851,2.224,1225.095,1899.384,-95.22,6,
clickbench,sf1,q6,20,True,1,False,6.552,15.0,17.083,119.14,117.68,0.052,39032.15,476.417,0.69,373.159,1787.06,-95.42,6,
clickbench,sf1,q7,20,True,13,False,6.464,10.0,12.55,118.94,117.68,0.039,38439.1,404.655,0.707,376.568,1189.36,-96.91,6,
clickbench,sf1,q12,20,True,10,False,6.487,9.0,13.967,119.02,117.68,0.043,38603.45,434.754,1.379,737.966,1071.156,-97.23,6,
clickbench,sf1,q14,20,True,10,False,10.491,197.0,212.533,118.41,117.68,0.405,62116.883,384.591,0.802,690.167,23327.636,-62.45,6,
clickbench,sf1,q15,20,True,10,False,7.151,43.0,46.183,118.76,117.68,0.129,42464.717,385.732,0.598,351.897,5106.815,-87.97,6,
clickbench,sf1,q16,20,True,10,False,10.536,202.0,214.833,118.38,117.68,0.408,62359.267,365.998,0.431,372.114,23912.283,-61.65,6,
clickbench,sf1,q17,20,True,10,False,9.993,168.0,188.183,118.48,117.68,0.377,59198.633,397.523,0.821,673.526,19904.109,-66.38,6,
clickbench,sf1,q18,20,True,10,False,10.723,209.0,224.05,118.63,117.68,0.418,63602.45,507.643,0.826,728.496,24793.75,-61.02,6,
clickbench,sf1,q19,20,True,0,False,6.525,13.0,16.033,118.59,117.68,0.049,38691.7,295.126,0.721,386.822,1541.627,-96.02,6,
clickbench,sf1,q20,20,True,1,False,6.408,9.0,10.133,119.37,117.68,0.032,38246.667,542.618,0.736,390.082,1074.375,-97.19,6,
clickbench,sf1,q24,20,True,10,False,6.647,17.0,21.883,119.13,117.68,0.066,39592.85,480.135,0.802,440.023,2025.154,-94.89,6,
clickbench,sf1,q25,20,True,10,False,6.563,16.0,17.617,118.52,117.68,0.054,38893.4,275.423,0.702,378.634,1896.361,-95.12,6,
clickbench,sf1,q26,20,True,10,False,6.723,19.0,25.583,117.98,117.68,0.076,39661.917,102.365,2.118,1164.372,2241.612,-94.35,6,
clickbench,sf1,q27,,True,,,,,,,,,,,,,,,,"Query requires one or more casts between none-encoded and dictionary-encoded strings, and the estimated table size (1428236 rows) exceeds the configured watchdog none-encoded string translation limit "
clickbench,sf1,q28,20,True,0,False,6.265,0.0,0.0,118.83,117.68,0.0,37220.417,358.757,0.675,348.444,0.0,-100.0,6,
clickbench,sf1,q29,11,True,1,False,5.532,179.0,186.576,119.39,117.68,0.371,60048.121,861.26,0.861,716.569,21371.645,-64.41,6,
clickbench,sf1,q30,20,True,10,False,10.515,197.0,213.85,118.08,117.68,0.407,62079.5,208.437,0.775,666.749,23261.603,-62.53,6,
clickbench,sf1,q31,20,True,10,False,10.57,201.0,216.65,118.29,117.68,0.41,62513.283,320.08,0.427,369.688,23775.841,-61.97,6,
clickbench,sf1,q32,20,True,10,False,10.73,207.0,224.267,119.02,117.68,0.418,63853.6,718.509,0.867,767.196,24637.199,-61.42,6,
clickbench,sf1,q33,20,True,10,False,6.453,10.0,12.35,119.21,117.68,0.038,38462.733,491.613,0.707,376.826,1192.065,-96.9,6,
clickbench,sf1,q34,20,True,10,False,6.576,15.0,17.567,118.86,117.68,0.053,39078.967,385.914,0.7,379.35,1782.826,-95.44,6,
clickbench,sf1,q35,20,True,10,False,10.528,199.0,214.467,118.85,117.68,0.407,62563.567,616.257,0.368,319.12,23651.739,-62.2,6,
clickbench,sf1,q36,20,True,10,False,6.576,14.0,18.133,118.16,117.68,0.055,38851.917,156.864,0.73,392.851,1654.248,-95.74,6,
clickbench,sf1,q37,20,True,10,False,6.545,14.0,16.45,118.73,117.68,0.05,38854.367,343.209,0.685,368.958,1662.245,-95.72,6,
clickbench,sf1,q38,20,True,0,False,6.675,14.0,16.117,119.4,117.68,0.048,39847.15,573.23,0.034,18.98,1671.604,-95.8,6,
clickbench,sf1,q39,20,True,10,False,10.661,202.0,220.65,118.57,117.68,0.414,63210.233,478.737,2.302,2016.951,23950.758,-62.11,6,
clickbench,sf1,q40,20,True,10,False,10.879,213.0,231.15,118.74,117.68,0.425,64590.283,575.257,0.902,807.453,25291.241,-60.84,6,
clickbench,sf1,q41,20,True,0,False,10.71,211.0,222.95,118.13,117.68,0.416,63259.667,240.421,0.5,437.97,24925.644,-60.6,6,
clickbench,sf1,q42,20,True,10,False,6.598,15.0,18.9,118.93,117.68,0.057,39234.85,413.876,1.221,664.172,1784.003,-95.45,6,
clickbench_approx,sf1,q4,20,True,1,False,6.407,9.0,10.583,118.77,117.77,0.033,38051.45,321.871,0.083,43.885,1068.961,-97.19,6,
clickbench_approx,sf1,q8,20,True,10,False,7.946,81.0,85.6,118.82,117.77,0.215,47211.1,420.158,0.572,374.281,9624.804,-79.61,6,
clickbench_approx,sf1,q9,20,True,10,False,8.392,103.0,107.633,119.2,117.77,0.257,50015.483,601.366,0.019,12.903,12277.801,-75.45,6,
clickbench_approx,sf1,q10,20,True,10,False,6.513,11.0,14.6,118.79,117.77,0.045,38684.583,335.975,1.422,762.62,1306.74,-96.62,6,
clickbench_approx,sf1,q11,20,True,10,False,6.746,21.0,25.3,118.29,117.77,0.075,39900.8,177.231,1.846,1020.915,2484.016,-93.77,6,
clickbench_approx,sf1,q13,20,True,10,False,7.005,35.0,38.65,118.87,117.77,0.11,41635.983,385.959,0.709,408.902,4160.482,-90.01,6,
clickbench,sf5,q0,20,True,1,False,6.394,7.0,9.833,118.95,117.68,0.031,38031.1,406.861,0.015,8.064,832.673,-97.81,6,
clickbench,sf5,q1,20,True,1,False,6.429,9.0,11.367,118.96,117.68,0.035,38242.333,413.072,0.71,376.506,1070.67,-97.2,6,
clickbench,sf5,q2,20,True,1,False,6.526,13.0,16.167,118.95,117.68,0.05,38817.033,415.895,0.717,385.697,1546.37,-96.02,6,
clickbench,sf5,q3,20,True,1,False,6.536,15.0,16.583,118.82,117.68,0.051,38829.267,373.731,0.705,379.608,1782.308,-95.41,6,
clickbench,sf5,q5,20,True,1,False,6.685,20.0,23.783,119.15,117.68,0.071,39823.967,491.357,0.003,1.791,2383.0,-94.02,6,
clickbench,sf5,q6,20,True,1,False,6.715,19.0,25.15,118.05,117.68,0.075,39636.167,125.08,0.694,381.201,2243.022,-94.34,6,
clickbench,sf5,q7,20,True,14,False,6.491,12.0,14.333,119.04,117.68,0.044,38630.883,439.941,0.017,9.313,1428.423,-96.3,6,
clickbench,sf5,q12,20,True,10,False,6.502,12.0,14.883,118.29,117.68,0.046,38456.683,199.766,0.758,403.851,1419.5,-96.31,6,
clickbench,sf5,q14,20,True,10,False,10.501,200.0,213.35,119.07,117.68,0.406,62514.35,729.425,0.348,301.169,23813.468,-61.91,6,
clickbench,sf5,q15,20,True,10,False,7.445,56.0,60.15,119.34,117.68,0.162,44425.383,620.596,0.621,382.466,6683.291,-84.96,6,
clickbench,sf5,q16,20,True,10,False,10.9,218.0,232.867,119.36,117.68,0.427,65053.883,917.782,0.165,148.654,26021.032,-60.0,6,
clickbench,sf5,q17,20,True,10,False,10.355,184.0,206.183,119.3,117.68,0.398,61762.333,835.705,1.631,1395.919,21951.733,-64.46,6,
clickbench,sf5,q18,20,True,10,False,11.286,235.0,251.7,119.89,117.68,0.446,67651.433,1246.741,0.701,656.831,28173.552,-58.35,6,
clickbench,sf5,q19,20,True,0,False,6.592,18.0,19.7,118.81,117.68,0.06,39159.567,372.574,0.192,103.985,2138.556,-94.54,6,
clickbench,sf5,q20,20,True,1,False,6.455,11.0,12.667,118.81,117.68,0.039,38344.283,365.036,0.725,385.08,1306.905,-96.59,6,
clickbench,sf5,q24,20,True,10,False,6.778,25.0,28.567,119.08,117.68,0.084,40355.133,473.949,0.716,400.576,2976.994,-92.62,6,
clickbench,sf5,q25,20,True,10,False,6.686,21.0,23.75,119.19,117.68,0.071,39846.083,504.631,0.004,2.184,2502.944,-93.72,6,
clickbench,sf5,q26,20,True,10,False,6.792,27.0,28.717,119.06,117.68,0.085,40433.0,468.528,0.012,6.93,3214.567,-92.05,6,
clickbench,sf5,q27,,True,,,,,,,,,,,,,,,,"Query requires one or more casts between none-encoded and dictionary-encoded strings, and the estimated table size (7139461 rows) exceeds the configured watchdog none-encoded string translation limit "
clickbench,sf5,q28,20,True,0,False,6.237,0.0,0.0,119.37,117.68,0.0,37225.633,527.839,0.747,385.564,0.0,-100.0,6,
clickbench,sf5,q29,12,True,1,False,6.086,171.0,190.306,120.11,117.68,0.375,60912.861,1234.945,0.9,760.198,20539.377,-66.28,6,
clickbench,sf5,q30,20,True,10,False,10.727,207.0,224.5,118.62,117.68,0.419,63623.117,504.264,0.805,709.597,24553.79,-61.41,6,
clickbench,sf5,q31,20,True,10,False,10.92,217.0,233.283,118.94,117.68,0.427,64939.933,690.316,0.84,756.107,25810.13,-60.26,6,
clickbench,sf5,q32,20,True,10,False,11.415,243.0,258.317,120.57,117.68,0.453,68812.217,1646.621,0.513,489.634,29297.672,-57.42,6,
clickbench,sf5,q33,20,True,10,False,6.592,15.0,19.467,118.94,117.68,0.059,39203.533,415.783,1.238,672.723,1784.051,-95.45,6,
clickbench,sf5,q34,20,True,10,False,10.657,206.0,221.067,119.31,117.68,0.415,63574.233,871.287,0.495,436.36,24578.51,-61.34,6,
clickbench,sf5,q35,20,True,10,False,10.678,206.0,222.017,119.07,117.68,0.416,63572.5,744.447,0.443,390.354,24529.017,-61.42,6,
clickbench,sf5,q36,20,True,10,False,6.83,28.0,30.467,119.69,117.68,0.089,40878.167,688.99,0.71,402.461,3351.441,-91.8,6,
clickbench,sf5,q37,20,True,10,False,6.818,27.0,29.633,119.28,117.68,0.087,40659.483,544.969,0.698,393.055,3220.46,-92.08,6,
clickbench,sf5,q38,20,True,10,False,6.869,30.0,32.317,118.97,117.68,0.094,40862.167,444.158,0.646,365.717,3569.116,-91.27,6,
clickbench,sf5,q39,20,True,10,False,10.965,222.0,236.1,118.39,117.68,0.431,64905.6,387.86,0.567,510.148,26281.475,-59.51,6,
clickbench,sf5,q40,20,True,10,False,11.749,248.0,275.083,118.5,117.68,0.468,69613.717,485.818,0.841,811.18,29388.858,-57.78,6,
clickbench,sf5,q41,20,True,0,False,11.19,234.0,246.7,118.36,117.68,0.441,66218.633,380.399,0.011,10.524,27695.9,-58.18,6,
clickbench,sf5,q42,20,True,10,False,6.77,24.0,27.683,118.95,117.68,0.082,40262.3,427.782,0.056,31.187,2854.81,-92.91,6,
clickbench_approx,sf5,q4,20,True,1,False,6.555,14.0,17.967,118.24,117.21,0.055,38751.55,337.951,0.898,482.439,1655.403,-95.73,6,
clickbench_approx,sf5,q8,20,True,10,False,8.172,92.0,96.783,119.58,117.21,0.237,48861.95,970.525,0.686,464.826,11001.593,-77.48,6,
clickbench_approx,sf5,q9,16,True,10,False,7.079,123.0,129.958,120.4,117.21,0.294,53272.937,1412.58,1.195,882.287,14808.894,-72.2,6,
clickbench_approx,sf5,q10,20,True,10,False,6.635,18.0,21.233,119.51,117.21,0.064,39645.083,762.401,0.709,389.828,2151.101,-94.57,6,
clickbench_approx,sf5,q11,20,True,10,False,6.866,31.0,32.6,119.55,117.21,0.095,41040.883,805.28,0.027,15.425,3706.18,-90.97,6,
clickbench_approx,sf5,q13,15,True,10,False,6.971,144.0,152.889,119.8,117.21,0.329,55677.889,1207.568,1.173,905.099,17251.744,-69.02,6,
clickbench,sf10,q0,20,True,1,False,6.382,7.0,9.583,118.51,116.67,0.03,37815.483,589.759,0.725,379.853,829.589,-97.81,6,
clickbench,sf10,q1,20,True,1,False,6.454,11.0,12.617,119.08,116.67,0.039,38427.717,779.402,0.716,381.335,1309.894,-96.59,6,
clickbench,sf10,q2,20,True,1,False,6.532,16.0,16.817,118.9,116.67,0.051,38833.183,729.768,0.7,376.535,1902.391,-95.1,6,
clickbench,sf10,q3,20,True,1,False,6.557,16.0,17.75,118.97,116.67,0.054,39003.417,754.701,0.652,352.368,1903.463,-95.12,6,
clickbench,sf10,q5,20,True,1,False,6.811,25.0,30.067,119.24,116.67,0.088,40605.55,875.172,0.67,377.093,2980.958,-92.66,6,
clickbench,sf10,q6,20,True,1,False,6.674,21.0,23.167,119.4,116.67,0.069,39842.3,913.629,0.013,7.252,2507.473,-93.71,6,
clickbench,sf10,q7,20,True,15,False,6.491,13.0,14.617,118.76,116.67,0.045,38541.633,680.836,0.18,96.164,1543.919,-95.99,6,
clickbench,sf10,q12,20,True,10,False,6.584,16.0,18.8,119.11,116.67,0.057,39213.033,805.17,1.272,691.546,1905.712,-95.14,6,
clickbench,sf10,q14,20,True,10,False,10.651,205.0,220.8,118.73,116.67,0.415,63229.8,1098.128,0.436,382.096,24338.989,-61.51,6,
clickbench,sf10,q15,20,True,10,False,7.615,63.0,68.883,119.89,116.67,0.181,45646.267,1228.075,0.032,20.188,7553.216,-83.45,6,
clickbench,sf10,q16,20,True,10,False,11.112,229.0,243.3,119.95,116.67,0.438,66639.317,1822.941,0.109,100.743,27467.821,-58.78,6,
clickbench,sf10,q17,20,True,10,False,10.429,194.0,209.983,120.26,116.67,0.403,62707.917,1874.046,0.314,272.74,23330.244,-62.8,6,
clickbench,sf10,q18,20,True,10,False,11.92,266.0,283.8,121.06,116.67,0.476,72155.233,2623.568,0.931,931.256,32203.239,-55.37,6,
clickbench,sf10,q19,20,True,0,False,6.646,19.0,22.017,119.35,116.67,0.066,39659.15,893.115,0.823,452.221,2267.691,-94.28,6,
clickbench,sf10,q20,20,True,1,False,6.533,14.0,16.5,119.17,116.67,0.05,38926.117,817.611,0.81,436.985,1668.371,-95.71,6,
clickbench,sf10,q24,20,True,10,False,6.882,29.0,33.367,119.9,116.67,0.097,41254.1,1112.076,0.067,38.376,3477.112,-91.57,6,
clickbench,sf10,q25,20,True,10,False,6.858,28.0,32.017,119.19,116.67,0.093,40874.3,866.987,0.701,396.994,3337.414,-91.83,6,
clickbench,sf10,q26,20,True,10,False,6.986,35.0,38.233,118.73,116.67,0.109,41474.583,721.466,0.685,393.488,4155.564,-89.98,6,
clickbench,sf10,q27,,True,,,,,,,,,,,,,,,,"Query requires one or more casts between none-encoded and dictionary-encoded strings, and the estimated table size (14279869 rows) exceeds the configured watchdog none-encoded string translation limit"
clickbench,sf10,q28,20,True,0,False,6.241,0.0,0.0,118.65,116.67,0.0,37024.05,619.886,0.748,383.882,0.0,-100.0,6,
clickbench,sf10,q29,11,True,1,False,5.606,181.0,194.03,123.18,116.67,0.381,62774.03,3318.217,0.118,102.813,22295.636,-64.48,6,
clickbench,sf10,q30,20,True,10,False,10.995,226.0,238.1,119.36,116.67,0.433,65617.85,1481.904,0.041,36.845,26975.549,-58.89,6,
clickbench,sf10,q31,20,True,10,False,11.162,231.0,246.017,119.5,116.67,0.441,66689.4,1580.608,0.373,344.35,27603.961,-58.61,6,
clickbench,sf10,q32,19,True,10,False,11.868,293.0,312.544,122.13,116.67,0.5,76282.175,3410.716,0.579,612.005,35782.741,-53.09,6,
clickbench,sf10,q33,20,True,10,False,6.674,21.0,23.717,119.37,116.67,0.071,39837.317,903.419,0.744,410.568,2506.858,-93.71,6,
clickbench,sf10,q34,20,True,10,False,10.89,214.0,232.333,120.08,116.67,0.427,65386.867,1862.345,0.711,644.73,25698.118,-60.7,6,
clickbench,sf10,q35,20,True,10,False,10.92,215.0,234.15,120.24,116.67,0.429,65649.0,1949.905,0.405,368.791,25851.496,-60.62,6,
clickbench,sf10,q36,20,True,10,False,7.122,40.0,44.617,119.45,116.67,0.125,42539.25,992.229,0.656,386.584,4778.093,-88.77,6,
clickbench,sf10,q37,20,True,10,False,7.187,37.0,47.8,119.3,116.67,0.133,42867.933,945.554,1.915,1138.023,4413.965,-89.7,6,
clickbench,sf10,q38,20,True,10,False,7.165,43.0,47.2,119.26,116.67,0.132,42725.833,929.396,0.616,364.938,5128.113,-88.0,6,
clickbench,sf10,q39,20,True,10,False,11.943,237.0,284.717,118.99,116.67,0.476,71057.55,1388.526,3.368,3316.493,28200.031,-60.31,6,
clickbench,sf10,q40,20,True,10,False,11.055,228.0,240.717,119.23,116.67,0.435,65903.433,1415.441,0.34,310.245,27183.782,-58.75,6,
clickbench,sf10,q41,20,True,0,False,11.543,249.0,264.217,118.26,116.67,0.458,68253.75,922.854,0.405,383.007,29447.918,-56.86,6,
clickbench,sf10,q42,20,True,10,False,6.921,31.0,34.9,118.99,116.67,0.101,41173.767,803.209,0.78,445.232,3688.588,-91.04,6,
clickbench_approx,sf10,q4,20,True,1,False,6.576,16.0,19.067,119.46,117.62,0.058,39278.983,605.064,1.212,659.803,1911.368,-95.13,6,
clickbench_approx,sf10,q8,20,True,10,False,8.346,99.0,105.967,119.15,117.62,0.254,49722.967,638.406,0.54,372.291,11796.24,-76.28,6,
clickbench_approx,sf10,q9,16,True,10,False,7.355,143.0,147.812,120.26,117.62,0.322,55286.521,1214.211,0.663,507.809,17197.542,-68.89,6,
clickbench_approx,sf10,q10,20,True,10,False,6.731,23.0,25.867,118.52,117.62,0.077,39890.617,304.025,0.675,372.975,2726.065,-93.17,6,
clickbench_approx,sf10,q11,20,True,10,False,7.054,38.0,41.45,118.77,117.62,0.118,41892.217,406.509,0.682,396.23,4513.405,-89.23,6,
clickbench_approx,sf10,q13,8,True,10,False,4.753,263.0,277.833,119.36,117.62,0.468,70917.917,1041.043,1.981,1947.095,31392.306,-55.73,6,
clickbench,sf20,q0,20,True,1,False,6.366,7.0,8.75,118.88,117.15,0.027,37839.333,550.965,0.012,6.307,832.183,-97.8,6,
clickbench,sf20,q1,20,True,1,False,6.505,14.0,14.667,118.29,117.15,0.045,38471.383,368.72,0.022,11.946,1655.998,-95.7,6,
clickbench,sf20,q2,20,True,1,False,6.715,21.0,25.417,119.08,117.15,0.076,39978.167,646.58,0.742,410.932,2500.7,-93.74,6,
clickbench,sf20,q3,20,True,1,False,6.655,21.0,22.617,119.14,117.15,0.068,39643.017,660.625,0.709,389.662,2501.867,-93.69,6,
clickbench,sf20,q5,20,True,1,False,6.871,28.0,33.017,118.78,117.15,0.096,40806.25,558.963,0.847,478.928,3325.852,-91.85,6,
clickbench,sf20,q6,20,True,1,False,6.811,26.0,29.367,118.91,117.15,0.086,40498.267,600.458,0.665,373.135,3091.763,-92.37,6,
clickbench,sf20,q7,20,True,15,False,6.559,16.0,17.683,118.55,117.15,0.054,38876.033,458.594,0.71,382.391,1896.801,-95.12,6,
clickbench,sf20,q12,20,True,10,False,6.631,19.0,20.85,118.86,117.15,0.063,39408.433,566.293,0.863,471.524,2258.306,-94.27,6,
clickbench,sf20,q14,20,True,10,False,10.854,215.0,230.667,118.89,117.15,0.425,64521.517,943.636,0.824,736.793,25561.441,-60.38,6,
clickbench,sf20,q15,20,True,10,False,7.986,77.0,86.983,120.84,117.15,0.218,48251.833,1470.912,1.028,687.446,9304.727,-80.72,6,
clickbench,sf20,q16,20,True,10,False,11.794,253.0,277.367,120.91,117.15,0.47,71304.217,2216.899,1.777,1755.752,30590.326,-57.1,6,
clickbench,sf20,q17,20,True,10,False,10.676,212.0,222.583,121.54,117.15,0.417,64878.217,2342.328,0.132,118.991,25766.436,-60.28,6,
clickbench,sf20,q18,15,True,10,False,9.909,329.0,348.756,122.48,117.15,0.528,80904.4,3517.205,0.91,1020.714,40294.406,-50.2,6,
clickbench,sf20,q19,20,True,2,False,6.749,24.0,27.15,119.35,117.15,0.08,40273.067,742.929,0.681,380.275,2864.475,-92.89,6,
clickbench,sf20,q20,20,True,1,False,6.602,16.0,19.583,118.87,117.15,0.059,39239.3,568.997,1.243,676.056,1901.986,-95.15,6,
clickbench,sf20,q24,20,True,10,False,7.081,36.0,42.65,120.25,117.15,0.12,42575.383,1097.371,1.238,730.381,4328.925,-89.83,6,
clickbench,sf20,q25,20,True,10,False,7.089,40.0,43.5,119.39,117.15,0.123,42322.333,795.997,1.087,637.392,4775.797,-88.72,6,
clickbench,sf20,q26,20,True,10,False,7.261,49.0,51.767,119.17,117.15,0.143,43263.7,732.275,0.52,311.647,5839.255,-86.5,6,
clickbench,sf20,q27,,True,,,,,,,,,,,,,,,,"Query requires one or more casts between none-encoded and dictionary-encoded strings, and the estimated table size (28565459 rows) exceeds the configured watchdog none-encoded string translation limit"
clickbench,sf20,q28,20,True,0,False,6.224,0.0,0.0,118.84,117.15,0.0,36982.617,523.42,0.779,399.408,0.0,-100.0,6,
clickbench,sf20,q29,11,True,1,False,5.787,192.0,209.818,127.54,117.15,0.399,67097.545,5463.509,1.325,1232.445,24488.179,-63.5,6,
clickbench,sf20,q30,20,True,10,False,11.405,239.0,258.667,119.55,117.15,0.454,68172.35,1368.501,0.005,5.093,28572.93,-58.09,6,
clickbench,sf20,q31,20,True,10,False,11.591,254.0,267.433,120.07,117.15,0.461,69583.183,1690.13,0.092,88.858,30497.362,-56.17,6,
clickbench,sf20,q32,10,True,10,False,7.522,402.0,439.9,123.95,117.15,0.584,93236.0,5119.571,4.063,5249.683,49825.987,-46.56,6,
clickbench,sf20,q33,20,True,10,False,6.784,26.0,28.633,119.37,117.15,0.084,40487.633,751.659,0.568,318.455,3103.653,-92.33,6,
clickbench,sf20,q34,20,True,10,False,11.161,233.0,246.317,120.68,117.15,0.441,67348.167,1969.154,0.484,452.071,28118.637,-58.25,6,
clickbench,sf20,q35,20,True,10,False,10.974,222.0,236.717,120.93,117.15,0.431,66352.833,2073.545,0.345,317.228,26846.865,-59.54,6,
clickbench,sf20,q36,20,True,10,False,7.36,54.0,56.517,119.1,117.15,0.154,43826.383,716.265,0.619,375.684,6431.402,-85.33,6,
clickbench,sf20,q37,20,True,10,False,7.327,51.0,54.85,119.58,117.15,0.15,43808.4,889.616,0.655,397.939,6098.522,-86.08,6,
clickbench,sf20,q38,20,True,10,False,7.477,59.0,62.133,119.83,117.15,0.166,44800.15,1002.111,0.114,70.873,7070.146,-84.22,6,
clickbench,sf20,q39,20,True,10,False,11.772,261.0,276.683,119.0,117.15,0.47,70040.75,1085.073,0.152,147.903,31057.999,-55.66,6,
clickbench,sf20,q40,20,True,10,False,11.498,246.0,262.917,119.12,117.15,0.457,68479.3,1129.914,0.389,368.987,29302.935,-57.21,6,
clickbench,sf20,q41,20,True,0,False,12.217,281.0,298.433,118.5,117.15,0.489,72386.1,823.958,0.054,53.774,33298.708,-54.0,6,
clickbench,sf20,q42,20,True,10,False,7.102,41.0,43.8,118.52,117.15,0.123,42087.517,486.029,0.022,13.112,4859.341,-88.45,6,
clickbench_approx,sf20,q4,20,True,1,False,6.665,22.0,23.217,119.31,117.6,0.07,39763.283,570.867,0.746,411.192,2624.924,-93.4,6,
clickbench_approx,sf20,q8,20,True,10,False,8.632,114.0,119.967,120.13,117.6,0.278,51846.717,1091.598,1.392,1000.381,13694.46,-73.59,6,
clickbench_approx,sf20,q9,15,True,10,False,7.311,171.0,175.711,121.96,117.6,0.361,59442.644,2125.422,0.666,548.332,20855.57,-64.91,6,
clickbench_approx,sf20,q10,20,True,10,False,6.882,30.0,33.233,119.39,117.6,0.097,41082.167,614.03,0.002,0.937,3581.763,-91.28,6,
clickbench_approx,sf20,q11,20,True,10,False,7.321,50.0,54.517,119.31,117.6,0.149,43672.333,624.747,0.659,398.765,5965.481,-86.34,6,
clickbench_approx,sf20,q13,5,True,10,False,4.202,478.0,522.267,120.76,117.6,0.621,101447.933,2615.069,2.153,3027.237,57725.094,-43.1,6,
