suite,sf,db,mode,cold,query,reps,min_ms,mean_ms,median_ms,p95_ms,max_ms,cv_pct,n_rows,count_wrapped,wall_min_ms,wall_mean_ms,gpu_checked,error
tpch,sf1,tpch_sf1,gpu,True,q1,3,37.0,42.0,39.0,39.0,50.0,13.61,4,False,48.024,60.006,6,
tpch,sf1,tpch_sf1,gpu,True,q2,3,237.0,243.667,240.0,240.0,254.0,3.04,100,False,251.021,260.973,6,
tpch,sf1,tpch_sf1,gpu,True,q3,3,220.0,232.0,224.0,224.0,252.0,6.14,10,False,231.131,243.289,6,
tpch,sf1,tpch_sf1,gpu,True,q4,3,239.0,249.667,254.0,254.0,256.0,3.04,5,False,250.069,260.882,6,
tpch,sf1,tpch_sf1,gpu,True,q5,3,42.0,360.667,42.0,42.0,998.0,124.95,5,False,54.154,373.905,6,
tpch,sf1,tpch_sf1,gpu,True,q6,3,29.0,30.0,29.0,29.0,32.0,4.71,1,False,38.127,39.951,6,
tpch,sf1,tpch_sf1,gpu,True,q7,3,43.0,43.333,43.0,43.0,44.0,1.09,4,False,55.072,56.094,6,
tpch,sf1,tpch_sf1,gpu,True,q8,3,57.0,64.667,60.0,60.0,77.0,13.62,2,False,70.591,79.664,6,
tpch,sf1,tpch_sf1,gpu,True,q9,3,54.0,55.0,55.0,55.0,56.0,1.48,175,False,68.164,69.879,6,
tpch,sf1,tpch_sf1,gpu,True,q10,3,244.0,252.333,250.0,250.0,263.0,3.14,20,False,256.268,265.043,6,
tpch,sf1,tpch_sf1,gpu,True,q11,3,132.0,134.667,136.0,136.0,136.0,1.4,1,False,149.279,153.699,6,
tpch,sf1,tpch_sf1,gpu,True,q12,3,31.0,31.667,31.0,31.0,33.0,2.98,2,False,43.106,44.419,6,
tpch,sf1,tpch_sf1,gpu,True,q13,3,84.0,89.667,89.0,89.0,96.0,5.49,42,False,95.501,101.291,6,
tpch,sf1,tpch_sf1,gpu,True,q14,3,0.0,0.0,0.0,0.0,0.0,,0,False,10.806,11.034,6,
tpch,sf1,tpch_sf1,gpu,True,q15,3,120.0,125.333,121.0,121.0,135.0,5.46,1,False,132.872,138.349,6,
tpch,sf1,tpch_sf1,gpu,True,q16,3,44.0,230.0,61.0,61.0,585.0,109.18,18314,True,56.155,241.86,6,
tpch,sf1,tpch_sf1,gpu,True,q17,3,151.0,156.333,157.0,157.0,161.0,2.63,1,False,162.252,168.572,6,
tpch,sf1,tpch_sf1,gpu,True,q18,3,435.0,439.667,439.0,439.0,445.0,0.93,57,False,448.615,454.053,6,
tpch,sf1,tpch_sf1,gpu,True,q19,3,38.0,39.333,40.0,40.0,40.0,2.4,1,False,51.132,52.371,6,
tpch,sf1,tpch_sf1,gpu,True,q20,3,415.0,421.0,416.0,416.0,432.0,1.85,186,False,429.379,435.016,6,
tpch,sf1,tpch_sf1,gpu,True,q22,3,112.0,114.0,113.0,113.0,117.0,1.89,7,False,124.448,126.158,6,
case_bench,sf1,tpch_sf1,gpu,True,q1,3,8.0,8.333,8.0,8.0,9.0,5.66,5,False,17.63,18.806,6,
case_bench,sf1,tpch_sf1,gpu,True,q2,3,13.0,13.667,14.0,14.0,14.0,3.45,1,False,22.064,23.309,6,
case_bench,sf1,tpch_sf1,gpu,True,q3,3,11.0,11.0,11.0,11.0,11.0,0.0,5,False,20.539,21.838,6,
case_bench,sf1,tpch_sf1,gpu,True,q4,3,11.0,11.333,11.0,11.0,12.0,4.16,3,False,20.611,20.976,6,
case_bench,sf1,tpch_sf1,gpu,True,q5,3,10.0,11.333,10.0,10.0,14.0,16.64,10,False,19.874,21.387,6,
tpch,sf5,tpch_sf5,gpu,True,q1,3,79.0,79.333,79.0,79.0,80.0,0.59,4,False,90.68,90.852,6,
tpch,sf5,tpch_sf5,gpu,True,q2,3,270.0,277.333,275.0,275.0,287.0,2.57,100,False,282.632,291.69,6,
tpch,sf5,tpch_sf5,gpu,True,q3,3,243.0,253.0,248.0,248.0,268.0,4.27,10,False,254.682,265.278,6,
tpch,sf5,tpch_sf5,gpu,True,q4,3,332.0,346.333,336.0,336.0,371.0,5.06,5,False,344.214,358.361,6,
tpch,sf5,tpch_sf5,gpu,True,q5,3,89.0,91.333,92.0,92.0,93.0,1.86,5,False,103.678,105.475,6,
tpch,sf5,tpch_sf5,gpu,True,q6,3,55.0,58.333,55.0,55.0,65.0,8.08,1,False,66.41,69.973,6,
tpch,sf5,tpch_sf5,gpu,True,q7,3,88.0,90.667,89.0,89.0,95.0,3.41,4,False,100.738,103.512,6,
tpch,sf5,tpch_sf5,gpu,True,q8,3,108.0,110.667,111.0,111.0,113.0,1.86,2,False,121.552,124.639,6,
tpch,sf5,tpch_sf5,gpu,True,q9,3,123.0,127.333,128.0,128.0,131.0,2.59,175,False,136.235,140.619,6,
tpch,sf5,tpch_sf5,gpu,True,q10,3,264.0,275.0,269.0,269.0,292.0,4.43,20,False,276.936,287.518,6,
tpch,sf5,tpch_sf5,gpu,True,q11,3,149.0,163.0,153.0,153.0,187.0,10.46,1,False,163.439,179.117,6,
tpch,sf5,tpch_sf5,gpu,True,q12,3,62.0,64.0,63.0,63.0,67.0,3.38,2,False,73.328,75.877,6,
tpch,sf5,tpch_sf5,gpu,True,q13,3,124.0,138.333,145.0,145.0,146.0,7.33,43,False,135.378,150.866,6,
tpch,sf5,tpch_sf5,gpu,True,q14,3,0.0,0.0,0.0,0.0,0.0,,0,False,10.489,10.682,6,
tpch,sf5,tpch_sf5,gpu,True,q15,3,219.0,223.667,220.0,220.0,232.0,2.64,1,False,230.668,236.032,6,
tpch,sf5,tpch_sf5,gpu,True,q16,3,42.0,133.0,65.0,65.0,292.0,84.83,27724,True,53.25,144.128,6,
tpch,sf5,tpch_sf5,gpu,True,q17,3,184.0,191.0,185.0,185.0,204.0,4.82,1,False,196.219,202.397,6,
tpch,sf5,tpch_sf5,gpu,True,q18,3,614.0,621.333,624.0,624.0,626.0,0.84,100,False,627.64,634.947,6,
tpch,sf5,tpch_sf5,gpu,True,q19,3,76.0,76.0,76.0,76.0,76.0,0.0,1,False,88.571,89.034,6,
tpch,sf5,tpch_sf5,gpu,True,q20,3,496.0,500.0,502.0,502.0,502.0,0.57,901,False,511.185,515.942,6,
tpch,sf5,tpch_sf5,gpu,True,q22,3,157.0,164.333,161.0,161.0,175.0,4.7,7,False,170.003,176.89,6,
case_bench,sf5,tpch_sf5,gpu,True,q1,3,7.0,8.0,8.0,8.0,9.0,10.21,5,False,17.415,17.784,6,
case_bench,sf5,tpch_sf5,gpu,True,q2,3,12.0,12.667,12.0,12.0,14.0,7.44,1,False,22.055,23.239,6,
case_bench,sf5,tpch_sf5,gpu,True,q3,3,10.0,10.667,11.0,11.0,11.0,4.42,5,False,18.71,20.153,6,
case_bench,sf5,tpch_sf5,gpu,True,q4,3,11.0,11.667,11.0,11.0,13.0,8.08,3,False,20.245,21.466,6,
case_bench,sf5,tpch_sf5,gpu,True,q5,3,14.0,14.333,14.0,14.0,15.0,3.29,10,False,22.64,23.131,6,
tpch,sf10,tpch_sf10,gpu,True,q1,3,142.0,147.0,148.0,148.0,151.0,2.55,4,False,153.959,158.972,6,
tpch,sf10,tpch_sf10,gpu,True,q2,3,362.0,372.0,370.0,370.0,384.0,2.44,100,False,376.106,385.921,6,
tpch,sf10,tpch_sf10,gpu,True,q3,3,318.0,325.667,323.0,323.0,336.0,2.33,10,False,331.908,338.147,6,
tpch,sf10,tpch_sf10,gpu,True,q4,3,470.0,482.333,474.0,474.0,503.0,3.05,5,False,481.456,493.872,6,
tpch,sf10,tpch_sf10,gpu,True,q5,3,139.0,141.333,139.0,139.0,146.0,2.33,5,False,151.592,154.055,6,
tpch,sf10,tpch_sf10,gpu,True,q6,3,103.0,109.0,104.0,104.0,120.0,7.15,1,False,115.015,120.54,6,
tpch,sf10,tpch_sf10,gpu,True,q7,3,145.0,147.333,147.0,147.0,150.0,1.39,4,False,159.024,161.153,6,
tpch,sf10,tpch_sf10,gpu,True,q8,3,180.0,184.333,185.0,185.0,188.0,1.79,2,False,193.624,199.13,6,
tpch,sf10,tpch_sf10,gpu,True,q9,3,216.0,219.333,220.0,220.0,222.0,1.14,175,False,229.701,233.292,6,
tpch,sf10,tpch_sf10,gpu,True,q10,3,336.0,355.667,355.0,355.0,376.0,4.59,20,False,349.255,368.823,6,
tpch,sf10,tpch_sf10,gpu,True,q11,3,162.0,165.0,166.0,166.0,167.0,1.31,1,False,176.131,179.37,6,
tpch,sf10,tpch_sf10,gpu,True,q12,3,99.0,104.0,106.0,106.0,107.0,3.42,2,False,111.197,116.411,6,
tpch,sf10,tpch_sf10,gpu,True,q13,3,159.0,160.333,160.0,160.0,162.0,0.78,45,False,171.295,171.993,6,
tpch,sf10,tpch_sf10,gpu,True,q14,3,0.0,0.0,0.0,0.0,0.0,,0,False,10.3,10.672,6,
tpch,sf10,tpch_sf10,gpu,True,q15,3,257.0,267.0,271.0,271.0,273.0,2.67,1,False,269.456,279.014,6,
tpch,sf10,tpch_sf10,gpu,True,q16,3,60.0,162.0,89.0,89.0,337.0,76.73,27840,True,71.527,177.706,6,
tpch,sf10,tpch_sf10,gpu,True,q17,3,240.0,251.667,255.0,255.0,260.0,3.38,1,False,252.541,264.01,6,
tpch,sf10,tpch_sf10,gpu,True,q18,3,1327.0,1357.0,1364.0,1364.0,1380.0,1.64,100,False,1340.262,1370.226,6,
tpch,sf10,tpch_sf10,gpu,True,q19,3,138.0,140.667,142.0,142.0,142.0,1.34,1,False,153.927,155.364,6,
tpch,sf10,tpch_sf10,gpu,True,q20,3,573.0,586.0,588.0,588.0,597.0,1.69,1804,False,591.67,604.01,6,
tpch,sf10,tpch_sf10,gpu,True,q22,3,200.0,205.333,205.0,205.0,211.0,2.19,7,False,212.293,217.727,6,
case_bench,sf10,tpch_sf10,gpu,True,q1,3,8.0,8.667,9.0,9.0,9.0,5.44,5,False,17.116,18.074,6,
case_bench,sf10,tpch_sf10,gpu,True,q2,3,13.0,14.0,13.0,13.0,16.0,10.1,1,False,22.17,23.335,6,
case_bench,sf10,tpch_sf10,gpu,True,q3,3,11.0,11.667,12.0,12.0,12.0,4.04,5,False,20.777,22.146,6,
case_bench,sf10,tpch_sf10,gpu,True,q4,3,11.0,36.0,11.0,11.0,86.0,98.21,3,False,20.908,46.443,6,
case_bench,sf10,tpch_sf10,gpu,True,q5,3,18.0,21.667,19.0,19.0,28.0,20.75,10,False,27.818,31.168,6,
tpch,sf20,tpch_sf20,gpu,True,q1,3,265.0,279.0,278.0,278.0,294.0,4.25,4,False,277.384,290.691,6,
tpch,sf20,tpch_sf20,gpu,True,q2,3,553.0,557.667,556.0,556.0,564.0,0.83,100,False,567.449,572.343,6,
tpch,sf20,tpch_sf20,gpu,True,q3,3,430.0,434.333,435.0,435.0,438.0,0.76,10,False,441.653,445.835,6,
tpch,sf20,tpch_sf20,gpu,True,q4,3,668.0,681.0,684.0,684.0,691.0,1.41,5,False,679.882,692.509,6,
tpch,sf20,tpch_sf20,gpu,True,q5,3,250.0,280.0,268.0,268.0,322.0,10.93,5,False,262.161,293.772,6,
tpch,sf20,tpch_sf20,gpu,True,q6,3,194.0,199.667,201.0,201.0,204.0,2.1,1,False,204.614,211.793,6,
tpch,sf20,tpch_sf20,gpu,True,q7,3,280.0,287.667,286.0,286.0,297.0,2.45,4,False,293.032,303.591,6,
tpch,sf20,tpch_sf20,gpu,True,q8,3,317.0,321.667,319.0,319.0,329.0,1.63,2,False,330.527,335.453,6,
tpch,sf20,tpch_sf20,gpu,True,q9,3,394.0,399.333,397.0,397.0,407.0,1.39,175,False,407.459,413.488,6,
tpch,sf20,tpch_sf20,gpu,True,q10,3,448.0,462.667,464.0,464.0,476.0,2.48,20,False,461.009,475.719,6,
tpch,sf20,tpch_sf20,gpu,True,q11,3,183.0,188.0,188.0,188.0,193.0,2.17,1,False,196.067,201.616,6,
tpch,sf20,tpch_sf20,gpu,True,q12,3,180.0,181.0,181.0,181.0,182.0,0.45,2,False,192.705,193.99,6,
tpch,sf20,tpch_sf20,gpu,True,q13,3,240.0,252.667,254.0,254.0,264.0,3.9,45,False,251.792,265.483,6,
tpch,sf20,tpch_sf20,gpu,True,q14,3,0.0,0.0,0.0,0.0,0.0,,0,False,9.874,10.569,6,
tpch,sf20,tpch_sf20,gpu,True,q15,3,376.0,388.333,386.0,386.0,403.0,2.87,1,False,388.024,399.946,6,
tpch,sf20,tpch_sf20,gpu,True,q16,3,71.0,176.667,77.0,77.0,382.0,82.2,27840,True,82.373,190.552,6,
tpch,sf20,tpch_sf20,gpu,True,q17,3,395.0,398.667,398.0,398.0,403.0,0.83,1,False,409.95,412.147,6,
tpch,sf20,tpch_sf20,gpu,True,q18,3,1210.0,1229.667,1233.0,1233.0,1246.0,1.21,100,False,1223.151,1244.232,6,
tpch,sf20,tpch_sf20,gpu,True,q19,3,257.0,266.0,261.0,261.0,280.0,3.77,1,False,269.49,280.006,6,
tpch,sf20,tpch_sf20,gpu,True,q20,3,733.0,747.0,754.0,754.0,754.0,1.33,3543,False,755.088,770.382,6,
tpch,sf20,tpch_sf20,gpu,True,q22,3,295.0,299.0,298.0,298.0,304.0,1.25,7,False,307.608,311.504,6,
case_bench,sf20,tpch_sf20,gpu,True,q1,3,8.0,8.667,9.0,9.0,9.0,5.44,5,False,18.444,18.606,6,
case_bench,sf20,tpch_sf20,gpu,True,q2,3,12.0,12.667,13.0,13.0,13.0,3.72,1,False,20.96,21.233,6,
case_bench,sf20,tpch_sf20,gpu,True,q3,3,10.0,12.667,11.0,11.0,17.0,24.4,5,False,19.326,21.52,6,
case_bench,sf20,tpch_sf20,gpu,True,q4,3,11.0,89.0,108.0,108.0,148.0,64.63,3,False,24.819,100.305,6,
case_bench,sf20,tpch_sf20,gpu,True,q5,3,20.0,22.333,21.0,21.0,26.0,11.75,10,False,29.548,33.166,6,
h2o,1gb,h2o_1gb,gpu,True,q1,3,25.0,30.667,32.0,32.0,35.0,13.66,100,False,34.91,40.772,6,
h2o,1gb,h2o_1gb,gpu,True,q2,3,28.0,30.0,29.0,29.0,33.0,7.2,10000,False,60.344,66.917,6,
h2o,1gb,h2o_1gb,gpu,True,q3,3,46.0,122.667,47.0,47.0,275.0,87.81,9698578,True,57.157,133.89,6,
h2o,1gb,h2o_1gb,gpu,True,q4,3,55.0,55.667,55.0,55.0,57.0,1.69,100,False,65.887,67.548,6,
h2o,1gb,h2o_1gb,gpu,True,q5,3,27.0,109.0,31.0,31.0,269.0,103.81,100000,True,37.57,119.311,6,
h2o,1gb,h2o_1gb,gpu,True,q6,3,61.0,64.333,63.0,63.0,69.0,5.28,10000,False,98.838,102.808,6,
h2o,1gb,h2o_1gb,gpu,True,q7,3,50.0,56.0,57.0,57.0,61.0,8.12,9698578,True,61.589,67.782,6,
h2o,1gb,h2o_1gb,gpu,True,q8,3,55.0,138.0,59.0,59.0,300.0,83.02,100000,True,65.561,148.693,6,
h2o,1gb,h2o_1gb,gpu,True,q9,3,74.0,80.667,74.0,74.0,94.0,11.69,10000,False,112.626,118.691,6,
h2o,1gb,h2o_1gb,gpu,True,q10,3,355.0,654.667,385.0,385.0,1224.0,61.52,35000000,True,367.13,666.413,6,
h2o,2gb,h2o_2gb,gpu,True,q1,3,38.0,38.333,38.0,38.0,39.0,1.23,100,False,47.488,48.409,6,
h2o,2gb,h2o_2gb,gpu,True,q2,3,47.0,48.333,47.0,47.0,51.0,3.9,10000,False,78.902,80.31,6,
h2o,2gb,h2o_2gb,gpu,True,q3,3,58.0,138.667,65.0,65.0,293.0,78.73,9990924,True,68.303,150.252,6,
h2o,2gb,h2o_2gb,gpu,True,q4,3,103.0,107.0,107.0,107.0,111.0,3.05,100,False,113.283,117.812,6,
h2o,2gb,h2o_2gb,gpu,True,q5,3,39.0,39.667,39.0,39.0,41.0,2.38,100000,True,49.247,49.851,6,
h2o,2gb,h2o_2gb,gpu,True,q6,3,100.0,100.667,101.0,101.0,101.0,0.47,10000,False,138.117,141.118,6,
h2o,2gb,h2o_2gb,gpu,True,q7,3,56.0,62.0,65.0,65.0,65.0,6.84,9990924,True,66.278,72.777,6,
h2o,2gb,h2o_2gb,gpu,True,q8,3,70.0,74.333,70.0,70.0,83.0,8.24,100000,True,81.126,84.897,6,
h2o,2gb,h2o_2gb,gpu,True,q9,3,114.0,118.333,117.0,117.0,124.0,3.54,10000,False,149.787,154.294,6,
h2o,2gb,h2o_2gb,gpu,True,q10,3,474.0,701.667,495.0,495.0,1136.0,43.79,70000000,True,491.172,717.095,6,
h2o,4gb,h2o_4gb,gpu,True,q1,3,64.0,64.667,65.0,65.0,65.0,0.73,100,False,74.878,76.252,6,
h2o,4gb,h2o_4gb,gpu,True,q2,3,85.0,89.0,86.0,86.0,96.0,5.58,10000,False,110.581,118.098,6,
h2o,4gb,h2o_4gb,gpu,True,q3,3,78.0,79.667,79.0,79.0,82.0,2.13,9999989,True,89.866,92.08,6,
h2o,4gb,h2o_4gb,gpu,True,q4,3,171.0,176.667,177.0,177.0,182.0,2.55,100,False,182.058,187.789,6,
h2o,4gb,h2o_4gb,gpu,True,q5,3,61.0,62.0,62.0,62.0,63.0,1.32,100000,True,72.468,72.966,6,
h2o,4gb,h2o_4gb,gpu,True,q6,3,166.0,167.667,167.0,167.0,170.0,1.01,10000,False,206.048,209.33,6,
h2o,4gb,h2o_4gb,gpu,True,q7,3,78.0,80.667,82.0,82.0,82.0,2.34,9999989,True,88.935,91.806,6,
h2o,4gb,h2o_4gb,gpu,True,q8,3,116.0,116.667,117.0,117.0,117.0,0.4,100000,True,127.656,127.922,6,
h2o,4gb,h2o_4gb,gpu,True,q9,3,187.0,189.667,190.0,190.0,192.0,1.08,10000,False,221.748,223.506,6,
h2o,4gb,h2o_4gb,gpu,True,q10,0,,,,,,,,,,,,Query would use too much memory
h2o,8gb,h2o_8gb,gpu,True,q1,3,112.0,121.333,116.0,116.0,136.0,8.65,100,False,124.023,132.584,6,
h2o,8gb,h2o_8gb,gpu,True,q2,3,159.0,160.333,159.0,159.0,163.0,1.18,10000,False,189.113,196.284,6,
h2o,8gb,h2o_8gb,gpu,True,q3,3,124.0,130.333,131.0,131.0,136.0,3.78,10000000,True,138.499,143.103,6,
h2o,8gb,h2o_8gb,gpu,True,q4,3,331.0,335.333,337.0,337.0,338.0,0.92,100,False,342.782,347.344,6,
h2o,8gb,h2o_8gb,gpu,True,q5,3,103.0,107.333,108.0,108.0,111.0,3.07,100000,True,113.808,118.28,6,
h2o,8gb,h2o_8gb,gpu,True,q6,3,299.0,304.667,306.0,306.0,309.0,1.38,10000,False,336.461,341.366,6,
h2o,8gb,h2o_8gb,gpu,True,q7,3,120.0,125.333,127.0,127.0,129.0,3.08,10000000,True,132.041,136.64,6,
h2o,8gb,h2o_8gb,gpu,True,q8,3,211.0,212.0,212.0,212.0,213.0,0.39,100000,True,222.497,224.457,6,
h2o,8gb,h2o_8gb,gpu,True,q9,3,328.0,333.333,335.0,335.0,337.0,1.16,10000,False,362.628,369.153,6,
h2o,8gb,h2o_8gb,gpu,True,q10,0,,,,,,,,,,,,Query would use too much memory
clickbench,sf1,cb_sf1,gpu,True,q0,3,8.0,8.333,8.0,8.0,9.0,5.66,1,False,17.691,18.73,6,
clickbench,sf1,cb_sf1,gpu,True,q1,3,8.0,8.333,8.0,8.0,9.0,5.66,1,False,18.103,18.594,6,
clickbench,sf1,cb_sf1,gpu,True,q2,3,12.0,13.667,14.0,14.0,15.0,9.13,1,False,23.607,24.716,6,
clickbench,sf1,cb_sf1,gpu,True,q3,3,10.0,10.333,10.0,10.0,11.0,4.56,1,False,18.521,19.398,6,
clickbench,sf1,cb_sf1,gpu,True,q5,3,19.0,19.667,19.0,19.0,21.0,4.79,1,False,28.698,29.881,6,
clickbench,sf1,cb_sf1,gpu,True,q6,3,15.0,16.667,17.0,17.0,18.0,7.48,1,False,25.279,26.951,6,
clickbench,sf1,cb_sf1,gpu,True,q7,3,10.0,10.667,10.0,10.0,12.0,8.84,13,False,18.863,19.81,6,
clickbench,sf1,cb_sf1,gpu,True,q12,3,10.0,10.0,10.0,10.0,10.0,0.0,10,False,18.424,18.865,6,
clickbench,sf1,cb_sf1,gpu,True,q14,3,199.0,212.667,216.0,216.0,223.0,4.74,10,False,210.389,224.443,6,
clickbench,sf1,cb_sf1,gpu,True,q15,3,43.0,48.667,51.0,51.0,52.0,8.28,10,False,62.76,65.52,6,
clickbench,sf1,cb_sf1,gpu,True,q16,3,206.0,215.333,214.0,214.0,226.0,3.82,10,False,216.92,226.557,6,
clickbench,sf1,cb_sf1,gpu,True,q17,3,178.0,191.667,183.0,183.0,214.0,8.31,10,False,188.092,202.171,6,
clickbench,sf1,cb_sf1,gpu,True,q18,3,208.0,211.667,211.0,211.0,216.0,1.56,10,False,222.401,224.282,6,
clickbench,sf1,cb_sf1,gpu,True,q19,3,13.0,14.333,14.0,14.0,16.0,8.7,0,False,22.173,23.792,6,
clickbench,sf1,cb_sf1,gpu,True,q20,3,9.0,9.333,9.0,9.0,10.0,5.05,1,False,19.131,19.899,6,
clickbench,sf1,cb_sf1,gpu,True,q24,3,18.0,19.667,19.0,19.0,22.0,8.64,10,False,26.582,29.448,6,
clickbench,sf1,cb_sf1,gpu,True,q25,3,16.0,16.667,16.0,16.0,18.0,5.66,10,False,26.348,31.003,6,
clickbench,sf1,cb_sf1,gpu,True,q26,3,19.0,22.0,21.0,21.0,26.0,13.38,10,False,29.391,32.295,6,
clickbench,sf1,cb_sf1,gpu,True,q27,0,,,,,,,,,,,,"Query requires one or more casts between none-encoded and dictionary-encoded strings, and the estimated table size (1428236 rows) exceeds the configured watchdog none-encoded string translation limit "
clickbench,sf1,cb_sf1,gpu,True,q28,3,0.0,0.0,0.0,0.0,0.0,,0,False,9.647,10.272,6,
clickbench,sf1,cb_sf1,gpu,True,q29,3,185.0,188.667,189.0,189.0,192.0,1.52,1,False,200.715,204.92,6,
clickbench,sf1,cb_sf1,gpu,True,q30,3,208.0,211.0,212.0,212.0,213.0,1.02,10,False,218.411,221.77,6,
clickbench,sf1,cb_sf1,gpu,True,q31,3,204.0,207.667,206.0,206.0,213.0,1.86,10,False,215.271,219.921,6,
clickbench,sf1,cb_sf1,gpu,True,q32,3,220.0,228.333,228.0,228.0,237.0,3.04,10,False,232.174,239.941,6,
clickbench,sf1,cb_sf1,gpu,True,q33,3,10.0,11.333,11.0,11.0,13.0,11.0,10,False,20.326,21.258,6,
clickbench,sf1,cb_sf1,gpu,True,q34,3,15.0,17.0,16.0,16.0,20.0,12.71,10,False,27.166,28.306,6,
clickbench,sf1,cb_sf1,gpu,True,q35,3,203.0,215.333,217.0,217.0,226.0,4.39,10,False,215.109,226.756,6,
clickbench,sf1,cb_sf1,gpu,True,q36,3,14.0,16.667,16.0,16.0,20.0,14.97,10,False,24.12,27.379,6,
clickbench,sf1,cb_sf1,gpu,True,q37,3,14.0,17.0,16.0,16.0,21.0,17.32,10,False,25.375,28.592,6,
clickbench,sf1,cb_sf1,gpu,True,q38,3,15.0,16.333,17.0,17.0,17.0,5.77,0,False,32.821,34.519,6,
clickbench,sf1,cb_sf1,gpu,True,q39,3,204.0,211.667,213.0,213.0,218.0,2.74,10,False,216.618,224.028,6,
clickbench,sf1,cb_sf1,gpu,True,q40,3,229.0,231.0,230.0,230.0,234.0,0.94,10,False,241.388,244.179,6,
clickbench,sf1,cb_sf1,gpu,True,q41,3,221.0,230.333,235.0,235.0,235.0,2.87,0,False,232.921,242.535,6,
clickbench,sf1,cb_sf1,gpu,True,q42,3,16.0,16.667,16.0,16.0,18.0,5.66,10,False,26.455,27.359,6,
clickbench_approx,sf1,cb_sf1,gpu,True,q4,3,10.0,10.333,10.0,10.0,11.0,4.56,1,False,18.869,19.356,6,
clickbench_approx,sf1,cb_sf1,gpu,True,q8,3,83.0,84.0,84.0,84.0,85.0,0.97,10,False,95.199,95.847,6,
clickbench_approx,sf1,cb_sf1,gpu,True,q9,3,110.0,118.0,118.0,118.0,126.0,5.54,10,False,121.314,129.035,6,
clickbench_approx,sf1,cb_sf1,gpu,True,q10,3,11.0,11.333,11.0,11.0,12.0,4.16,10,False,21.467,22.037,6,
clickbench_approx,sf1,cb_sf1,gpu,True,q11,3,22.0,22.667,22.0,22.0,24.0,4.16,10,False,32.355,34.495,6,
clickbench_approx,sf1,cb_sf1,gpu,True,q13,3,36.0,37.667,37.0,37.0,40.0,4.51,10,False,47.121,48.513,6,
clickbench,sf5,cb_sf5,gpu,True,q0,3,8.0,8.0,8.0,8.0,8.0,0.0,1,False,16.582,16.781,6,
clickbench,sf5,cb_sf5,gpu,True,q1,3,10.0,10.0,10.0,10.0,10.0,0.0,1,False,18.819,18.854,6,
clickbench,sf5,cb_sf5,gpu,True,q2,3,13.0,13.667,14.0,14.0,14.0,3.45,1,False,22.242,23.136,6,
clickbench,sf5,cb_sf5,gpu,True,q3,3,15.0,15.667,15.0,15.0,17.0,6.02,1,False,23.598,25.341,6,
clickbench,sf5,cb_sf5,gpu,True,q5,3,21.0,22.0,22.0,22.0,23.0,3.71,1,False,30.478,31.135,6,
clickbench,sf5,cb_sf5,gpu,True,q6,3,20.0,20.667,21.0,21.0,21.0,2.28,1,False,30.269,31.374,6,
clickbench,sf5,cb_sf5,gpu,True,q7,3,12.0,13.333,12.0,12.0,16.0,14.14,14,False,21.866,23.473,6,
clickbench,sf5,cb_sf5,gpu,True,q12,3,13.0,13.667,13.0,13.0,15.0,6.9,10,False,23.32,23.503,6,
clickbench,sf5,cb_sf5,gpu,True,q14,3,207.0,211.333,212.0,212.0,215.0,1.56,10,False,218.477,224.086,6,
clickbench,sf5,cb_sf5,gpu,True,q15,3,57.0,57.667,58.0,58.0,58.0,0.82,10,False,68.972,69.7,6,
clickbench,sf5,cb_sf5,gpu,True,q16,3,229.0,236.333,239.0,239.0,241.0,2.22,10,False,241.519,248.223,6,
clickbench,sf5,cb_sf5,gpu,True,q17,3,196.0,198.0,198.0,198.0,200.0,0.82,10,False,206.583,208.622,6,
clickbench,sf5,cb_sf5,gpu,True,q18,3,243.0,252.0,244.0,244.0,269.0,4.77,10,False,254.765,263.919,6,
clickbench,sf5,cb_sf5,gpu,True,q19,3,18.0,19.0,19.0,19.0,20.0,4.3,0,False,27.799,28.638,6,
clickbench,sf5,cb_sf5,gpu,True,q20,3,13.0,15.667,14.0,14.0,20.0,19.73,1,False,22.618,25.873,6,
clickbench,sf5,cb_sf5,gpu,True,q24,3,26.0,28.667,28.0,28.0,32.0,8.7,10,False,36.382,39.707,6,
clickbench,sf5,cb_sf5,gpu,True,q25,3,22.0,24.667,23.0,23.0,29.0,12.53,10,False,31.946,35.11,6,
clickbench,sf5,cb_sf5,gpu,True,q26,3,27.0,27.667,28.0,28.0,28.0,1.7,10,False,37.602,37.965,6,
clickbench,sf5,cb_sf5,gpu,True,q27,0,,,,,,,,,,,,"Query requires one or more casts between none-encoded and dictionary-encoded strings, and the estimated table size (7139461 rows) exceeds the configured watchdog none-encoded string translation limit "
clickbench,sf5,cb_sf5,gpu,True,q28,3,0.0,0.0,0.0,0.0,0.0,,0,False,9.863,10.788,6,
clickbench,sf5,cb_sf5,gpu,True,q29,3,200.0,201.333,202.0,202.0,202.0,0.47,1,False,215.328,217.089,6,
clickbench,sf5,cb_sf5,gpu,True,q30,3,214.0,220.667,223.0,223.0,225.0,2.17,10,False,225.841,232.362,6,
clickbench,sf5,cb_sf5,gpu,True,q31,3,229.0,235.0,235.0,235.0,241.0,2.08,10,False,242.029,246.949,6,
clickbench,sf5,cb_sf5,gpu,True,q32,3,269.0,275.0,271.0,271.0,285.0,2.59,10,False,281.752,287.519,6,
clickbench,sf5,cb_sf5,gpu,True,q33,3,16.0,16.333,16.0,16.0,17.0,2.89,10,False,25.683,26.181,6,
clickbench,sf5,cb_sf5,gpu,True,q34,3,209.0,220.667,214.0,214.0,239.0,5.95,10,False,220.721,232.901,6,
clickbench,sf5,cb_sf5,gpu,True,q35,3,221.0,228.333,226.0,226.0,238.0,3.12,10,False,233.116,240.61,6,
clickbench,sf5,cb_sf5,gpu,True,q36,3,30.0,43.0,32.0,32.0,67.0,39.51,10,False,41.787,54.773,6,
clickbench,sf5,cb_sf5,gpu,True,q37,3,28.0,28.0,28.0,28.0,28.0,0.0,10,False,39.413,39.482,6,
clickbench,sf5,cb_sf5,gpu,True,q38,3,30.0,37.333,32.0,32.0,50.0,24.09,10,False,42.528,50.026,6,
clickbench,sf5,cb_sf5,gpu,True,q39,3,225.0,232.333,233.0,233.0,239.0,2.47,10,False,237.624,245.359,6,
clickbench,sf5,cb_sf5,gpu,True,q40,3,265.0,271.333,271.0,271.0,278.0,1.96,10,False,283.27,289.648,6,
clickbench,sf5,cb_sf5,gpu,True,q41,3,244.0,254.667,257.0,257.0,263.0,3.11,0,False,256.379,267.811,6,
clickbench,sf5,cb_sf5,gpu,True,q42,3,25.0,25.333,25.0,25.0,26.0,1.86,10,False,36.129,36.583,6,
clickbench_approx,sf5,cb_sf5,gpu,True,q4,3,15.0,15.0,15.0,15.0,15.0,0.0,1,False,24.081,24.315,6,
clickbench_approx,sf5,cb_sf5,gpu,True,q8,3,92.0,93.333,93.0,93.0,95.0,1.34,10,False,103.82,106.012,6,
clickbench_approx,sf5,cb_sf5,gpu,True,q9,3,125.0,125.667,126.0,126.0,126.0,0.38,10,False,136.34,137.325,6,
clickbench_approx,sf5,cb_sf5,gpu,True,q10,3,19.0,19.0,19.0,19.0,19.0,0.0,10,False,29.331,29.531,6,
clickbench_approx,sf5,cb_sf5,gpu,True,q11,3,31.0,34.333,35.0,35.0,37.0,7.27,10,False,41.47,44.931,6,
clickbench_approx,sf5,cb_sf5,gpu,True,q13,3,149.0,154.333,151.0,151.0,163.0,4.01,10,False,160.089,165.718,6,
clickbench,sf10,cb_sf10,gpu,True,q0,3,7.0,8.333,8.0,8.0,10.0,14.97,1,False,16.661,18.235,6,
clickbench,sf10,cb_sf10,gpu,True,q1,3,11.0,19.0,12.0,12.0,34.0,55.87,1,False,20.55,28.673,6,
clickbench,sf10,cb_sf10,gpu,True,q2,3,17.0,18.667,17.0,17.0,22.0,12.63,1,False,26.91,28.882,6,
clickbench,sf10,cb_sf10,gpu,True,q3,3,16.0,16.0,16.0,16.0,16.0,0.0,1,False,25.311,25.61,6,
clickbench,sf10,cb_sf10,gpu,True,q5,3,25.0,25.667,26.0,26.0,26.0,1.84,1,False,34.728,35.436,6,
clickbench,sf10,cb_sf10,gpu,True,q6,3,23.0,23.0,23.0,23.0,23.0,0.0,1,False,31.728,32.955,6,
clickbench,sf10,cb_sf10,gpu,True,q7,3,13.0,54.667,14.0,14.0,137.0,106.5,15,False,21.861,64.675,6,
clickbench,sf10,cb_sf10,gpu,True,q12,3,17.0,17.0,17.0,17.0,17.0,0.0,10,False,26.92,27.107,6,
clickbench,sf10,cb_sf10,gpu,True,q14,3,210.0,212.667,210.0,210.0,218.0,1.77,10,False,220.896,224.244,6,
clickbench,sf10,cb_sf10,gpu,True,q15,3,64.0,64.667,65.0,65.0,65.0,0.73,10,False,75.67,75.944,6,
clickbench,sf10,cb_sf10,gpu,True,q16,3,241.0,258.333,262.0,262.0,272.0,5.0,10,False,251.812,269.277,6,
clickbench,sf10,cb_sf10,gpu,True,q17,3,216.0,236.333,240.0,240.0,253.0,6.48,10,False,226.382,246.825,6,
clickbench,sf10,cb_sf10,gpu,True,q18,3,274.0,280.667,276.0,276.0,292.0,2.87,10,False,286.016,292.792,6,
clickbench,sf10,cb_sf10,gpu,True,q19,3,20.0,22.0,21.0,21.0,25.0,9.82,0,False,29.701,31.388,6,
clickbench,sf10,cb_sf10,gpu,True,q20,3,15.0,15.0,15.0,15.0,15.0,0.0,1,False,24.531,25.464,6,
clickbench,sf10,cb_sf10,gpu,True,q24,3,31.0,31.667,31.0,31.0,33.0,2.98,10,False,41.193,41.987,6,
clickbench,sf10,cb_sf10,gpu,True,q25,3,30.0,48.333,30.0,30.0,85.0,53.64,10,False,39.624,60.035,6,
clickbench,sf10,cb_sf10,gpu,True,q26,3,35.0,38.333,37.0,37.0,43.0,8.87,10,False,45.896,49.097,6,
clickbench,sf10,cb_sf10,gpu,True,q27,0,,,,,,,,,,,,"Query requires one or more casts between none-encoded and dictionary-encoded strings, and the estimated table size (14279869 rows) exceeds the configured watchdog none-encoded string translation limit"
clickbench,sf10,cb_sf10,gpu,True,q28,3,0.0,0.0,0.0,0.0,0.0,,0,False,9.889,10.651,6,
clickbench,sf10,cb_sf10,gpu,True,q29,3,192.0,193.0,193.0,193.0,194.0,0.42,1,False,207.841,209.613,6,
clickbench,sf10,cb_sf10,gpu,True,q30,3,224.0,238.667,235.0,235.0,257.0,5.75,10,False,235.81,250.852,6,
clickbench,sf10,cb_sf10,gpu,True,q31,3,241.0,246.0,245.0,245.0,252.0,1.85,10,False,254.443,258.106,6,
clickbench,sf10,cb_sf10,gpu,True,q32,3,301.0,305.667,307.0,307.0,309.0,1.11,10,False,313.171,317.356,6,
clickbench,sf10,cb_sf10,gpu,True,q33,3,21.0,22.333,22.0,22.0,24.0,5.58,10,False,31.419,32.458,6,
clickbench,sf10,cb_sf10,gpu,True,q34,3,222.0,231.333,224.0,224.0,248.0,5.11,10,False,233.776,243.103,6,
clickbench,sf10,cb_sf10,gpu,True,q35,3,219.0,222.667,219.0,219.0,230.0,2.33,10,False,229.936,234.082,6,
clickbench,sf10,cb_sf10,gpu,True,q36,3,41.0,41.0,41.0,41.0,41.0,0.0,10,False,52.292,52.519,6,
clickbench,sf10,cb_sf10,gpu,True,q37,3,38.0,38.667,39.0,39.0,39.0,1.22,10,False,49.077,49.432,6,
clickbench,sf10,cb_sf10,gpu,True,q38,3,43.0,43.667,44.0,44.0,44.0,1.08,10,False,54.005,54.876,6,
clickbench,sf10,cb_sf10,gpu,True,q39,3,250.0,264.667,270.0,270.0,274.0,3.97,10,False,262.169,276.766,6,
clickbench,sf10,cb_sf10,gpu,True,q40,3,238.0,241.0,242.0,242.0,243.0,0.9,10,False,249.641,252.818,6,
clickbench,sf10,cb_sf10,gpu,True,q41,3,248.0,255.667,255.0,255.0,264.0,2.56,0,False,261.419,268.403,6,
clickbench,sf10,cb_sf10,gpu,True,q42,3,32.0,32.667,33.0,33.0,33.0,1.44,10,False,42.825,44.293,6,
clickbench_approx,sf10,cb_sf10,gpu,True,q4,3,17.0,17.0,17.0,17.0,17.0,0.0,1,False,26.379,26.472,6,
clickbench_approx,sf10,cb_sf10,gpu,True,q8,3,103.0,104.333,104.0,104.0,106.0,1.2,10,False,115.075,115.954,6,
clickbench_approx,sf10,cb_sf10,gpu,True,q9,3,143.0,152.0,156.0,156.0,157.0,4.2,10,False,155.363,163.853,6,
clickbench_approx,sf10,cb_sf10,gpu,True,q10,3,24.0,32.667,31.0,31.0,43.0,24.02,10,False,33.485,43.368,6,
clickbench_approx,sf10,cb_sf10,gpu,True,q11,3,38.0,39.667,40.0,40.0,41.0,3.14,10,False,49.437,50.791,6,
clickbench_approx,sf10,cb_sf10,gpu,True,q13,3,272.0,280.333,276.0,276.0,293.0,3.25,10,False,290.742,297.382,6,
clickbench,sf20,cb_sf20,gpu,True,q0,3,7.0,7.333,7.0,7.0,8.0,6.43,1,False,15.653,17.448,6,
clickbench,sf20,cb_sf20,gpu,True,q1,3,14.0,15.0,14.0,14.0,17.0,9.43,1,False,23.157,25.054,6,
clickbench,sf20,cb_sf20,gpu,True,q2,3,22.0,22.667,23.0,23.0,23.0,2.08,1,False,30.741,32.967,6,
clickbench,sf20,cb_sf20,gpu,True,q3,3,21.0,21.667,22.0,22.0,22.0,2.18,1,False,31.134,31.393,6,
clickbench,sf20,cb_sf20,gpu,True,q5,3,30.0,30.333,30.0,30.0,31.0,1.55,1,False,39.821,40.713,6,
clickbench,sf20,cb_sf20,gpu,True,q6,3,28.0,30.0,31.0,31.0,31.0,4.71,1,False,38.017,40.976,6,
clickbench,sf20,cb_sf20,gpu,True,q7,3,16.0,16.667,17.0,17.0,17.0,2.83,15,False,25.816,26.198,6,
clickbench,sf20,cb_sf20,gpu,True,q12,3,19.0,21.0,20.0,20.0,24.0,10.29,10,False,29.708,31.849,6,
clickbench,sf20,cb_sf20,gpu,True,q14,3,221.0,233.667,238.0,238.0,242.0,3.9,10,False,231.358,244.88,6,
clickbench,sf20,cb_sf20,gpu,True,q15,3,80.0,86.333,86.0,86.0,93.0,6.15,10,False,90.438,97.748,6,
clickbench,sf20,cb_sf20,gpu,True,q16,3,257.0,276.0,258.0,258.0,313.0,9.48,10,False,269.594,288.085,6,
clickbench,sf20,cb_sf20,gpu,True,q17,3,232.0,237.667,235.0,235.0,246.0,2.53,10,False,243.357,248.885,6,
clickbench,sf20,cb_sf20,gpu,True,q18,3,333.0,335.0,335.0,335.0,337.0,0.49,10,False,344.047,346.279,6,
clickbench,sf20,cb_sf20,gpu,True,q19,3,25.0,26.667,26.0,26.0,29.0,6.37,2,False,34.373,36.46,6,
clickbench,sf20,cb_sf20,gpu,True,q20,3,16.0,16.0,16.0,16.0,16.0,0.0,1,False,25.901,26.086,6,
clickbench,sf20,cb_sf20,gpu,True,q24,3,38.0,39.667,40.0,40.0,41.0,3.14,10,False,49.082,50.396,6,
clickbench,sf20,cb_sf20,gpu,True,q25,3,42.0,43.667,44.0,44.0,45.0,2.86,10,False,51.878,53.747,6,
clickbench,sf20,cb_sf20,gpu,True,q26,3,50.0,50.333,50.0,50.0,51.0,0.94,10,False,61.109,61.972,6,
clickbench,sf20,cb_sf20,gpu,True,q27,0,,,,,,,,,,,,"Query requires one or more casts between none-encoded and dictionary-encoded strings, and the estimated table size (28565459 rows) exceeds the configured watchdog none-encoded string translation limit"
clickbench,sf20,cb_sf20,gpu,True,q28,3,0.0,0.0,0.0,0.0,0.0,,0,False,10.055,10.332,6,
clickbench,sf20,cb_sf20,gpu,True,q29,3,208.0,212.667,214.0,214.0,216.0,1.6,1,False,223.698,229.634,6,
clickbench,sf20,cb_sf20,gpu,True,q30,3,245.0,253.0,247.0,247.0,267.0,3.93,10,False,257.406,265.077,6,
clickbench,sf20,cb_sf20,gpu,True,q31,3,267.0,276.333,274.0,274.0,288.0,3.16,10,False,283.006,289.415,6,
clickbench,sf20,cb_sf20,gpu,True,q32,3,406.0,412.0,413.0,413.0,417.0,1.1,10,False,418.359,424.419,6,
clickbench,sf20,cb_sf20,gpu,True,q33,3,27.0,33.0,27.0,27.0,45.0,25.71,10,False,36.59,43.453,6,
clickbench,sf20,cb_sf20,gpu,True,q34,3,234.0,241.667,236.0,236.0,255.0,3.92,10,False,246.163,253.855,6,
clickbench,sf20,cb_sf20,gpu,True,q35,3,240.0,248.0,249.0,249.0,255.0,2.49,10,False,252.576,260.954,6,
clickbench,sf20,cb_sf20,gpu,True,q36,3,55.0,55.667,56.0,56.0,56.0,0.85,10,False,66.543,67.28,6,
clickbench,sf20,cb_sf20,gpu,True,q37,3,52.0,52.333,52.0,52.0,53.0,0.9,10,False,62.755,63.562,6,
clickbench,sf20,cb_sf20,gpu,True,q38,3,60.0,64.333,61.0,61.0,72.0,8.45,10,False,73.133,77.135,6,
clickbench,sf20,cb_sf20,gpu,True,q39,3,268.0,275.667,278.0,278.0,281.0,2.02,10,False,279.528,287.607,6,
clickbench,sf20,cb_sf20,gpu,True,q40,3,268.0,274.667,277.0,277.0,279.0,1.74,10,False,280.096,287.254,6,
clickbench,sf20,cb_sf20,gpu,True,q41,3,278.0,292.333,293.0,293.0,306.0,3.91,0,False,289.961,305.269,6,
clickbench,sf20,cb_sf20,gpu,True,q42,3,42.0,42.667,43.0,43.0,43.0,1.1,10,False,53.521,53.747,6,
clickbench_approx,sf20,cb_sf20,gpu,True,q4,3,22.0,22.333,22.0,22.0,23.0,2.11,1,False,32.305,32.581,6,
clickbench_approx,sf20,cb_sf20,gpu,True,q8,3,116.0,117.333,116.0,116.0,120.0,1.61,10,False,126.928,128.578,6,
clickbench_approx,sf20,cb_sf20,gpu,True,q9,3,174.0,178.0,180.0,180.0,180.0,1.59,10,False,184.981,188.963,6,
clickbench_approx,sf20,cb_sf20,gpu,True,q10,3,31.0,32.0,32.0,32.0,33.0,2.55,10,False,41.898,43.133,6,
clickbench_approx,sf20,cb_sf20,gpu,True,q11,3,51.0,51.333,51.0,51.0,52.0,0.92,10,False,61.84,62.156,6,
clickbench_approx,sf20,cb_sf20,gpu,True,q13,3,490.0,502.0,503.0,503.0,513.0,1.88,10,False,508.401,519.85,6,
