pl_w,sm_mhz,suite,sf,query,K,lat_min_ms,lat_mean_ms,P_idle_W,P_load_W,E_total_mJ,E_dyn_mJ,duty,cv_pct,gpu_checked,error
200,345,tpch,sf10,q1,61,30.0,31.191,70.04,95.56,3257.186,869.64,2.745,2.161,6,
200,345,tpch,sf10,q6,154,9.0,10.571,70.04,84.5,1096.102,187.507,2.445,0.441,6,
200,345,h2o,4gb,q1,167,11.0,12.246,70.04,87.96,1249.595,254.482,2.586,0.287,6,
200,345,h2o,4gb,q3,40,49.0,52.633,70.04,101.3,5623.717,1735.031,2.844,1.932,6,
200,345,clickbench,sf10,q0,400,3.0,4.243,70.04,70.86,411.043,4.724,2.194,5.353,6,
200,345,clickbench,sf10,q31,38,51.0,55.605,70.04,76.08,4463.096,354.067,2.844,1.982,6,
200,750,tpch,sf10,q1,106,17.0,19.113,72.26,111.46,2437.311,857.19,2.622,1.566,6,
200,750,tpch,sf10,q6,200,7.0,9.093,72.26,87.92,1003.145,178.677,2.391,0.051,6,
200,750,h2o,4gb,q1,200,9.0,9.59,72.26,92.78,1069.98,236.673,2.495,1.526,6,
200,750,h2o,4gb,q3,39,48.0,51.957,72.26,105.31,5779.214,1813.791,2.84,2.287,6,
200,750,clickbench,sf10,q0,400,3.0,4.103,72.26,73.02,412.742,4.301,2.177,4.114,6,
200,750,clickbench,sf10,q31,40,48.0,56.808,72.26,78.27,4684.967,359.886,2.847,10.185,6,
200,1155,tpch,sf10,q1,134,14.0,15.448,76.96,124.05,2239.896,850.178,2.567,1.171,6,
200,1155,tpch,sf10,q6,250,6.0,8.417,76.96,93.05,1005.979,173.877,2.336,3.216,6,
200,1155,h2o,4gb,q1,223,7.0,8.259,76.96,99.67,1003.54,228.596,2.461,1.626,6,
200,1155,h2o,4gb,q3,47,35.0,41.021,76.96,115.37,5036.993,1676.91,2.819,1.424,6,
200,1155,clickbench,sf10,q0,500,2.0,4.047,76.96,77.92,424.443,5.214,2.229,1.749,6,
200,1155,clickbench,sf10,q31,45,44.0,47.993,76.96,82.15,4204.215,265.233,2.813,0.133,6,
200,1575,tpch,sf10,q1,143,12.0,13.956,103.03,169.7,2814.091,1105.453,2.525,2.965,6,
200,1575,tpch,sf10,q6,167,6.0,8.457,103.03,122.68,1331.357,213.227,2.338,2.019,6,
200,1575,h2o,4gb,q1,250,7.0,8.443,103.03,129.85,1348.241,278.453,2.439,2.772,6,
200,1575,h2o,4gb,q3,50,37.0,40.887,103.03,148.95,6484.987,1999.137,2.817,1.776,6,
200,1575,clickbench,sf10,q0,500,2.0,4.048,103.03,103.99,577.251,5.279,2.188,4.402,6,
200,1575,clickbench,sf10,q31,44,43.0,47.379,103.03,110.91,5600.303,397.425,2.815,2.23,6,
200,1980,tpch,sf10,q1,154,12.0,13.091,117.31,188.31,2953.247,1113.59,2.504,2.268,6,
200,1980,tpch,sf10,q6,250,6.0,7.993,117.31,135.55,1399.052,188.277,2.323,1.778,6,
200,1980,h2o,4gb,q1,250,7.0,7.919,117.31,150.2,1475.004,323.037,2.419,1.694,6,
200,1980,h2o,4gb,q3,55,37.0,40.642,117.31,164.61,7153.521,2055.842,2.806,1.98,6,
200,1980,clickbench,sf10,q0,334,2.0,4.005,117.31,118.6,628.874,6.886,2.266,2.673,6,
200,1980,clickbench,sf10,q31,45,43.0,47.089,117.31,125.7,6307.83,421.066,2.815,2.27,6,
325,345,tpch,sf10,q1,65,30.0,30.969,72.22,97.81,3305.323,864.839,2.749,2.021,6,
325,345,tpch,sf10,q6,223,8.0,10.277,72.22,85.12,1078.123,163.386,2.434,1.104,6,
325,345,h2o,4gb,q1,167,11.0,11.88,72.22,88.01,1218.872,218.698,2.574,1.927,6,
325,345,h2o,4gb,q3,38,48.0,51.719,72.22,102.51,5580.36,1649.027,2.85,0.186,6,
325,345,clickbench,sf10,q0,400,3.0,4.061,72.22,70.29,386.473,-10.628,2.216,0.062,6,
325,345,clickbench,sf10,q31,38,51.0,54.026,72.22,76.09,4332.561,220.209,2.846,0.232,6,
325,750,tpch,sf10,q1,100,18.0,19.0,72.16,113.18,2455.12,889.873,2.628,0.525,6,
325,750,tpch,sf10,q6,250,7.0,9.205,72.16,86.91,1006.599,170.831,2.384,2.179,6,
325,750,h2o,4gb,q1,200,9.0,9.49,72.16,92.16,1056.47,229.318,2.484,0.221,6,
325,750,h2o,4gb,q3,42,47.0,52.706,72.16,104.86,5825.04,1816.478,2.846,2.092,6,
325,750,clickbench,sf10,q0,500,2.0,4.067,72.16,73.63,407.735,8.168,2.203,0.054,6,
325,750,clickbench,sf10,q31,41,48.0,51.463,72.16,77.22,4213.146,275.912,2.83,2.008,6,
325,1155,tpch,sf10,q1,118,14.0,15.904,77.04,122.12,2262.98,835.401,2.575,3.495,6,
325,1155,tpch,sf10,q6,223,6.0,8.245,77.04,92.69,980.575,165.563,2.338,1.757,6,
325,1155,h2o,4gb,q1,250,7.0,8.296,77.04,98.32,1006.243,217.846,2.432,2.338,6,
325,1155,h2o,4gb,q3,49,38.0,41.544,77.04,114.37,5073.857,1656.353,2.809,0.694,6,
325,1155,clickbench,sf10,q0,400,3.0,4.074,77.04,77.63,427.527,3.246,2.219,0.026,6,
325,1155,clickbench,sf10,q31,44,44.0,47.045,77.04,83.09,4172.553,304.073,2.811,1.93,6,
325,1575,tpch,sf10,q1,143,12.0,13.893,104.09,170.36,2808.268,1092.397,2.528,1.461,6,
325,1575,tpch,sf10,q6,223,6.0,8.173,104.09,122.1,1283.638,189.383,2.332,1.967,6,
325,1575,h2o,4gb,q1,223,7.0,8.064,104.09,132.04,1316.701,278.689,2.426,1.329,6,
325,1575,h2o,4gb,q3,55,37.0,41.006,104.09,150.11,6574.873,2015.789,2.809,0.62,6,
325,1575,clickbench,sf10,q0,500,2.0,4.021,104.09,105.9,575.935,9.829,2.218,4.503,6,
325,1575,clickbench,sf10,q31,46,44.0,46.297,104.09,111.14,5489.159,348.133,2.812,2.039,6,
325,1980,tpch,sf10,q1,154,11.0,13.167,117.01,200.62,3168.275,1320.445,2.501,3.113,6,
325,1980,tpch,sf10,q6,223,6.0,8.082,117.01,139.09,1441.25,228.815,2.34,1.879,6,
325,1980,h2o,4gb,q1,250,7.0,7.848,117.01,150.67,1477.627,330.141,2.401,1.586,6,
325,1980,h2o,4gb,q3,56,37.0,41.155,117.01,169.37,7438.78,2299.697,2.811,0.212,6,
325,1980,clickbench,sf10,q0,500,2.0,4.063,117.01,119.18,664.859,12.091,2.185,2.817,6,
325,1980,clickbench,sf10,q31,44,43.0,46.205,117.01,122.87,6074.644,289.661,2.804,2.415,6,
450,345,tpch,sf10,q1,67,29.0,30.891,70.07,96.8,3261.507,900.867,2.751,2.065,6,
450,345,tpch,sf10,q6,167,8.0,10.034,70.07,85.34,1052.517,188.357,2.441,2.152,6,
450,345,h2o,4gb,q1,154,11.0,12.695,70.07,86.14,1302.582,243.09,2.519,3.067,6,
450,345,h2o,4gb,q3,39,49.0,53.248,70.07,102.07,5732.897,1797.403,2.844,1.81,6,
450,345,clickbench,sf10,q0,400,3.0,4.497,70.07,70.25,433.862,1.123,2.185,1.927,6,
450,345,clickbench,sf10,q31,37,52.0,54.856,70.07,75.63,4392.009,322.936,2.834,2.326,6,
450,750,tpch,sf10,q1,96,19.0,20.733,72.15,108.03,2525.299,838.747,2.661,1.527,6,
450,750,tpch,sf10,q6,182,8.0,10.304,72.15,87.03,1111.941,190.139,2.42,6.292,6,
450,750,h2o,4gb,q1,182,10.0,11.24,72.15,89.87,1190.663,234.76,2.545,3.391,6,
450,750,h2o,4gb,q3,39,50.0,53.692,72.15,104.1,5896.265,1809.859,2.844,1.961,6,
450,750,clickbench,sf10,q0,400,3.0,4.633,72.15,73.89,461.177,10.832,2.227,4.934,6,
450,750,clickbench,sf10,q31,38,50.0,54.219,72.15,77.56,4473.535,312.228,2.82,0.354,6,
450,1155,tpch,sf10,q1,106,15.0,16.843,77.25,120.0,2334.761,831.685,2.597,0.04,6,
450,1155,tpch,sf10,q6,200,7.0,9.065,77.25,90.23,1032.843,148.524,2.376,1.886,6,
450,1155,h2o,4gb,q1,200,8.0,9.448,77.25,97.42,1113.102,230.41,2.481,0.569,6,
450,1155,h2o,4gb,q3,49,38.0,42.966,77.25,112.87,5166.435,1630.288,2.816,1.446,6,
450,1155,clickbench,sf10,q0,400,4.0,4.362,77.25,77.95,474.39,4.233,2.15,5.093,6,
450,1155,clickbench,sf10,q31,41,45.0,50.098,77.25,83.01,4423.537,307.006,2.82,3.831,6,
450,1575,tpch,sf10,q1,134,13.0,14.502,103.25,165.83,2834.701,1069.752,2.545,0.468,6,
450,1575,tpch,sf10,q6,223,7.0,8.801,103.25,121.99,1357.496,208.538,2.373,5.544,6,
450,1575,h2o,4gb,q1,250,7.0,8.549,103.25,129.3,1355.709,273.151,2.446,2.166,6,
450,1575,h2o,4gb,q3,49,38.0,41.374,103.25,151.91,6696.633,2145.154,2.816,0.035,6,
450,1575,clickbench,sf10,q0,400,3.0,4.204,103.25,104.17,591.637,5.229,2.221,4.189,6,
450,1575,clickbench,sf10,q31,42,44.0,47.992,103.25,111.66,5703.437,429.714,2.819,2.037,6,
450,1980,tpch,sf10,q1,125,12.0,14.688,117.6,192.72,3340.885,1302.234,2.542,2.668,6,
450,1980,tpch,sf10,q6,250,6.0,8.631,117.6,138.35,1518.484,227.759,2.359,1.67,6,
450,1980,h2o,4gb,q1,167,7.0,8.267,117.6,150.46,1534.571,335.122,2.432,2.179,6,
450,1980,h2o,4gb,q3,52,38.0,41.801,117.6,162.35,7239.872,1995.469,2.812,2.363,6,
450,1980,clickbench,sf10,q0,400,3.0,4.174,117.6,119.8,683.999,12.552,2.193,6.122,6,
450,1980,clickbench,sf10,q31,36,44.0,49.157,117.6,126.01,6603.13,440.532,2.814,0.28,6,
575,345,tpch,sf10,q1,65,30.0,33.179,70.0,94.53,3402.908,883.284,2.765,1.271,6,
575,345,tpch,sf10,q6,154,9.0,10.526,70.0,85.05,1098.905,194.461,2.444,3.564,6,
575,345,h2o,4gb,q1,154,11.0,12.351,70.0,88.05,1260.812,258.485,2.587,1.575,6,
575,345,h2o,4gb,q3,40,49.0,52.708,70.0,101.11,5624.2,1730.819,2.843,1.79,6,
575,345,clickbench,sf10,q0,400,3.0,4.184,70.0,70.62,411.021,3.617,2.157,3.942,6,
575,345,clickbench,sf10,q31,38,50.0,53.632,70.0,75.33,4275.491,302.505,2.835,2.229,6,
575,750,tpch,sf10,q1,106,18.0,19.481,74.54,108.76,2418.003,760.766,2.629,1.858,6,
575,750,tpch,sf10,q6,250,7.0,9.22,74.54,86.45,996.148,137.181,2.4,3.685,6,
575,750,h2o,4gb,q1,182,8.0,9.727,74.54,89.98,1057.353,181.434,2.483,0.087,6,
575,750,h2o,4gb,q3,40,48.0,51.475,74.54,103.96,5648.117,1598.415,2.842,1.968,6,
575,750,clickbench,sf10,q0,400,4.0,4.133,74.54,72.52,413.187,-11.544,2.176,4.114,6,
575,750,clickbench,sf10,q31,40,48.0,51.183,74.54,77.45,4195.367,157.309,2.835,2.07,6,
575,1155,tpch,sf10,q1,125,14.0,15.227,77.0,124.48,2213.44,844.311,2.569,1.988,6,
575,1155,tpch,sf10,q6,200,6.0,8.468,77.0,92.45,996.475,166.538,2.357,3.285,6,
575,1155,h2o,4gb,q1,223,7.0,8.327,77.0,95.04,970.785,184.304,2.446,0.542,6,
575,1155,h2o,4gb,q3,48,36.0,41.521,77.0,114.77,5074.736,1670.394,2.817,2.083,6,
575,1155,clickbench,sf10,q0,500,2.0,4.109,77.0,78.19,435.375,6.655,2.214,2.934,6,
575,1155,clickbench,sf10,q31,42,44.0,46.714,77.0,82.8,4137.794,289.927,2.804,0.14,6,
575,1575,tpch,sf10,q1,143,12.0,14.399,103.32,165.16,2805.97,1050.655,2.542,2.539,6,
575,1575,tpch,sf10,q6,286,6.0,8.104,103.32,122.76,1280.808,202.907,2.33,2.714,6,
575,1575,h2o,4gb,q1,250,7.0,7.892,103.32,130.85,1275.828,268.461,2.428,1.785,6,
575,1575,h2o,4gb,q3,52,36.0,41.346,103.32,148.6,6563.75,2000.353,2.808,0.713,6,
575,1575,clickbench,sf10,q0,400,2.0,4.038,103.32,104.03,557.551,3.802,2.26,2.174,6,
575,1575,clickbench,sf10,q31,45,43.0,46.867,103.32,109.67,5482.267,317.812,2.813,2.127,6,
575,1980,tpch,sf10,q1,154,11.0,13.677,117.56,201.21,3270.258,1359.633,2.525,1.891,6,
575,1980,tpch,sf10,q6,200,6.0,8.028,117.56,138.98,1434.942,221.224,2.333,2.515,6,
575,1980,h2o,4gb,q1,286,7.0,7.643,117.56,150.78,1446.526,318.686,2.39,1.498,6,
575,1980,h2o,4gb,q3,52,37.0,40.705,117.56,167.39,7269.776,2164.212,2.812,1.407,6,
575,1980,clickbench,sf10,q0,500,2.0,4.08,117.56,119.5,666.941,10.847,2.193,2.883,6,
575,1980,clickbench,sf10,q31,43,43.0,46.442,117.56,126.26,6259.481,431.235,2.81,2.237,6,
700,345,tpch,sf10,q1,67,29.0,31.756,72.35,96.68,3336.522,839.896,2.761,1.5,6,
700,345,tpch,sf10,q6,200,8.0,10.712,72.35,85.26,1110.767,168.181,2.466,1.605,6,
700,345,h2o,4gb,q1,167,11.0,11.78,72.35,87.75,1208.463,212.086,2.566,0.244,6,
700,345,h2o,4gb,q3,40,48.0,52.208,72.35,100.76,5558.042,1567.193,2.839,0.811,6,
700,345,clickbench,sf10,q0,400,2.0,4.083,72.35,71.29,387.411,-5.745,2.254,0.029,6,
700,345,clickbench,sf10,q31,38,51.0,54.412,72.35,75.4,4339.851,175.73,2.836,0.139,6,
700,750,tpch,sf10,q1,106,17.0,19.355,72.24,112.15,2470.318,879.006,2.636,1.629,6,
700,750,tpch,sf10,q6,143,7.0,9.783,72.24,87.33,1064.562,183.975,2.408,2.333,6,
700,750,h2o,4gb,q1,200,8.0,9.552,72.24,91.94,1067.698,228.792,2.468,1.567,6,
700,750,h2o,4gb,q3,40,48.0,51.858,72.24,104.9,5733.125,1784.834,2.847,3.411,6,
700,750,clickbench,sf10,q0,400,2.0,4.305,72.24,73.65,425.418,8.165,2.236,5.322,6,
700,750,clickbench,sf10,q31,40,48.0,52.108,72.24,76.18,4198.933,217.042,2.836,2.055,6,
700,1155,tpch,sf10,q1,125,14.0,14.971,77.08,124.87,2185.429,836.39,2.566,2.905,6,
700,1155,tpch,sf10,q6,250,6.0,8.989,77.08,91.12,1034.763,159.407,2.375,1.523,6,
700,1155,h2o,4gb,q1,200,7.0,8.243,77.08,98.05,987.415,211.16,2.456,0.25,6,
700,1155,h2o,4gb,q3,50,38.0,41.547,77.08,115.15,5103.767,1687.211,2.812,2.157,6,
700,1155,clickbench,sf10,q0,286,2.0,4.029,77.08,78.41,427.043,7.214,2.219,3.018,6,
700,1155,clickbench,sf10,q31,42,44.0,48.246,77.08,83.32,4269.444,319.554,2.825,2.065,6,
700,1575,tpch,sf10,q1,118,12.0,13.37,104.3,174.32,2776.144,1115.094,2.519,0.154,6,
700,1575,tpch,sf10,q6,286,6.0,9.233,104.3,122.62,1419.936,212.169,2.392,5.427,6,
700,1575,h2o,4gb,q1,250,7.0,7.785,104.3,133.85,1296.219,286.205,2.412,1.306,6,
700,1575,h2o,4gb,q3,50,37.0,40.833,104.3,152.67,6663.313,2111.021,2.807,0.378,6,
700,1575,clickbench,sf10,q0,400,2.0,4.082,104.3,105.79,580.498,8.156,2.232,0.047,6,
700,1575,clickbench,sf10,q31,44,43.0,46.939,104.3,113.23,5667.932,446.912,2.813,1.946,6,
700,1980,tpch,sf10,q1,143,12.0,13.193,118.0,198.52,3155.382,1279.842,2.49,2.245,6,
700,1980,tpch,sf10,q6,200,6.0,8.735,118.0,139.34,1535.298,235.113,2.378,2.15,6,
700,1980,h2o,4gb,q1,250,7.0,7.675,118.0,152.31,1459.496,328.772,2.403,0.452,6,
700,1980,h2o,4gb,q3,45,36.0,41.637,118.0,166.49,7409.689,2158.084,2.807,3.311,6,
700,1980,clickbench,sf10,q0,500,3.0,4.091,118.0,119.21,664.209,6.748,2.203,3.326,6,
700,1980,clickbench,sf10,q31,45,43.0,46.267,118.0,125.73,6200.348,381.142,2.815,0.06,6,
