pl_w,sm_mhz,suite,sf,db,query,n_rows,count_wrapped,reps,lat_ms,lat_min_ms,lat_mean_ms,wall_min_ms,wall_mean_ms,amplified,K,window_s,duty,n_samples,P_idle_W,P_win_W,P_peak_W,E_total_mJ,E_dyn_mJ,gpu_checked,error
200,1155,tpch,sf1,tpch_sf1,q1,4,False,3,14;11;12,11.0,12.333,20.776,22.433,True,167,2.3226,0.815,24,77.21,83.27,85.98,1158.024,84.229,6,
200,1155,case_bench,sf1,tpch_sf1,q1,5,False,3,5;4;4,4.0,4.333,12.101,13.552,True,334,2.2809,0.716,23,77.21,78.3,78.13,534.689,7.44,6,
200,1155,tpch,sf5,tpch_sf5,q1,4,False,3,16;15;14,14.0,15.0,22.562,24.115,True,143,2.4038,0.838,24,77.27,102.17,107.59,1717.427,418.536,6,
200,1155,case_bench,sf5,tpch_sf5,q1,5,False,3,5;4;4,4.0,4.333,11.555,13.012,True,500,3.3385,0.732,33,77.25,76.79,78.11,512.722,-3.06,6,
200,1155,tpch,sf10,tpch_sf10,q1,4,False,3,22;18;25,18.0,21.667,27.331,30.605,True,80,1.6494,0.869,16,77.26,118.0,123.28,2432.925,839.961,6,
200,1155,case_bench,sf10,tpch_sf10,q1,5,False,3,4;4;4,4.0,4.0,11.302,11.886,True,400,2.6268,0.731,26,77.24,76.88,78.14,504.895,-2.349,6,
200,1155,tpch,sf20,tpch_sf20,q1,4,False,3,25;24;24,24.0,24.333,33.133,34.443,True,84,2.2609,0.902,23,77.2,140.96,146.25,3794.083,1716.173,6,
200,1155,case_bench,sf20,tpch_sf20,q1,5,False,3,4;4;4,4.0,4.0,12.092,12.178,True,500,3.2141,0.712,32,79.22,77.46,78.39,497.948,-11.318,6,
200,1155,h2o,1gb,h2o_1gb,q1,100,False,3,9;8;8,8.0,8.333,16.757,17.008,True,223,2.3071,0.815,23,77.33,86.12,86.19,890.955,90.976,6,
200,1155,h2o,2gb,h2o_2gb,q1,100,False,3,15;10;9,9.0,11.333,16.845,19.546,True,223,2.5398,0.825,25,77.26,85.82,89.27,977.377,97.476,6,
200,1155,h2o,4gb,h2o_4gb,q1,100,False,3,11;10;11,10.0,10.667,19.449,20.433,True,182,2.312,0.836,23,77.27,94.24,97.61,1197.214,215.595,6,
200,1155,h2o,8gb,h2o_8gb,q1,100,False,3,13;12;12,12.0,12.333,19.529,20.437,True,167,2.4251,0.867,25,77.28,105.45,111.46,1531.341,409.123,6,
200,1155,clickbench,sf1,cb_sf1,q0,1,False,3,5;15;5,5.0,8.333,12.285,15.669,True,400,2.9135,0.762,29,77.25,77.26,78.24,562.735,0.036,6,
200,1155,clickbench_approx,sf1,cb_sf1,q4,1,False,3,10;6;5,5.0,7.0,14.15,16.292,True,400,2.8096,0.761,28,77.24,78.29,80.48,549.91,7.366,6,
200,1155,clickbench,sf5,cb_sf5,q0,1,False,3,5;4;5,4.0,4.667,11.49,11.908,True,400,2.5625,0.745,26,79.23,78.94,78.36,505.688,-1.845,6,
200,1155,clickbench_approx,sf5,cb_sf5,q4,1,False,3,6;6;6,6.0,6.0,13.488,13.667,True,200,1.5342,0.767,15,77.3,79.57,82.39,610.41,17.446,6,
200,1155,clickbench,sf10,cb_sf10,q0,1,False,3,10;5;5,5.0,6.667,12.234,14.455,True,400,2.6186,0.756,26,77.25,80.16,78.25,524.8,19.1,6,
200,1155,clickbench_approx,sf10,cb_sf10,q4,1,False,3,7;7;6,6.0,6.667,14.335,15.583,True,334,2.7552,0.784,28,77.21,82.62,85.6,681.566,44.629,6,
200,1155,clickbench,sf20,cb_sf20,q0,1,False,3,5;5;5,5.0,5.0,12.807,12.892,True,400,2.8337,0.793,29,77.21,79.64,78.7,564.165,17.192,6,
200,1155,clickbench_approx,sf20,cb_sf20,q4,1,False,3,8;8;8,8.0,8.0,16.242,16.635,True,250,2.3902,0.806,24,77.2,88.86,90.68,849.564,111.437,6,
200,1575,tpch,sf1,tpch_sf1,q1,4,False,3,12;11;13,11.0,12.0,20.72,27.963,True,182,2.634,0.817,26,102.97,110.28,115.39,1595.984,105.81,6,
200,1575,case_bench,sf1,tpch_sf1,q1,5,False,3,5;5;5,5.0,5.0,12.638,14.138,True,400,2.574,0.728,25,102.68,104.26,103.81,670.928,10.155,6,
200,1575,tpch,sf5,tpch_sf5,q1,4,False,3,15;12;13,12.0,13.333,19.792,24.529,True,154,2.5027,0.839,25,102.58,135.33,139.63,2199.305,532.232,6,
200,1575,case_bench,sf5,tpch_sf5,q1,5,False,3,4;4;5,4.0,4.333,11.917,12.278,True,500,3.2473,0.705,33,102.67,101.77,104.25,660.966,-5.803,6,
200,1575,tpch,sf10,tpch_sf10,q1,4,False,3,17;17;16,16.0,16.667,24.752,25.46,True,118,2.2106,0.86,23,102.66,157.49,167.75,2950.322,1027.093,6,
200,1575,case_bench,sf10,tpch_sf10,q1,5,False,3,4;4;6,4.0,4.667,11.593,12.416,True,500,3.2055,0.714,32,102.7,103.16,104.12,661.392,3.004,6,
200,1575,tpch,sf20,tpch_sf20,q1,4,False,3,20;20;19,19.0,19.667,27.645,28.049,True,100,2.4624,0.891,25,102.78,183.05,334.43,4507.28,1976.519,6,
200,1575,case_bench,sf20,tpch_sf20,q1,5,False,3,4;4;4,4.0,4.0,12.449,12.851,True,400,2.618,0.714,26,102.87,102.77,103.91,672.643,-0.648,6,
200,1575,h2o,1gb,h2o_1gb,q1,100,False,3,8;8;9,8.0,8.333,17.956,18.776,True,250,2.7789,0.823,27,102.7,109.99,112.43,1222.648,81.082,6,
200,1575,h2o,2gb,h2o_2gb,q1,100,False,3,9;8;8,8.0,8.333,16.378,17.555,True,250,2.5343,0.818,26,102.65,114.17,119.65,1157.344,116.754,6,
200,1575,h2o,4gb,h2o_4gb,q1,100,False,3,13;9;9,9.0,10.333,18.171,19.43,True,200,2.234,0.828,22,102.61,131.05,132.43,1463.825,317.703,6,
200,1575,h2o,8gb,h2o_8gb,q1,100,False,3,11;11;11,11.0,11.0,18.281,18.663,True,167,2.1603,0.849,22,102.69,139.33,149.97,1802.413,473.96,6,
200,1575,clickbench,sf1,cb_sf1,q0,1,False,3,4;5;4,4.0,4.333,11.547,13.777,True,500,3.1256,0.729,31,102.74,102.47,103.8,640.55,-1.675,6,
200,1575,clickbench_approx,sf1,cb_sf1,q4,1,False,3,5;5;5,5.0,5.0,11.593,12.04,True,400,2.6111,0.767,27,102.76,104.01,105.78,678.965,8.15,6,
200,1575,clickbench,sf5,cb_sf5,q0,1,False,3,4;4;4,4.0,4.0,11.265,11.454,True,400,2.6739,0.745,27,102.74,104.33,104.1,697.435,10.644,6,
200,1575,clickbench_approx,sf5,cb_sf5,q4,1,False,3,5;5;7,5.0,5.667,13.065,14.911,True,400,2.7518,0.774,27,102.73,110.81,111.41,762.293,55.54,6,
200,1575,clickbench,sf10,cb_sf10,q0,1,False,3,4;5;5,4.0,4.667,11.996,12.416,True,500,3.072,0.719,31,102.7,104.45,104.24,641.72,10.748,6,
200,1575,clickbench_approx,sf10,cb_sf10,q4,1,False,3,6;6;6,6.0,6.0,13.594,17.903,True,400,3.2666,0.791,32,102.7,113.04,113.12,923.162,84.478,6,
200,1575,clickbench,sf20,cb_sf20,q0,1,False,3,6;4;4,4.0,4.667,10.957,12.078,True,500,2.9206,0.734,30,102.76,103.16,104.72,602.602,2.345,6,
200,1575,clickbench_approx,sf20,cb_sf20,q4,1,False,3,6;7;6,6.0,6.333,13.497,14.75,True,334,2.7262,0.781,27,102.78,118.4,122.43,966.41,127.516,6,
200,1980,tpch,sf1,tpch_sf1,q1,4,False,3,12;12;11,11.0,11.667,20.791,21.259,True,125,1.673,0.813,17,116.59,129.32,132.44,1730.872,170.398,6,
200,1980,case_bench,sf1,tpch_sf1,q1,5,False,3,4;3;3,3.0,3.333,10.216,10.831,True,334,2.1376,0.671,21,116.79,115.53,118.1,739.389,-8.062,6,
200,1980,tpch,sf5,tpch_sf5,q1,4,False,3,14;12;17,12.0,14.333,21.938,24.029,True,167,2.6697,0.828,26,116.83,156.08,162.24,2495.114,627.439,6,
200,1980,case_bench,sf5,tpch_sf5,q1,5,False,3,3;6;3,3.0,4.0,10.103,12.329,True,667,4.1588,0.661,41,117.05,118.91,118.34,741.397,11.598,6,
200,1980,tpch,sf10,tpch_sf10,q1,4,False,3,14;14;14,14.0,14.0,22.116,22.356,True,134,2.4347,0.852,24,116.88,177.11,199.29,3217.881,1094.314,6,
200,1980,case_bench,sf10,tpch_sf10,q1,5,False,3,3;5;4,3.0,4.0,10.874,12.65,True,667,4.0884,0.656,41,116.4,117.52,118.24,720.324,6.827,6,
200,1980,tpch,sf20,tpch_sf20,q1,4,False,3,19;20;20,19.0,19.667,28.196,28.758,True,87,2.0569,0.883,20,116.95,196.81,224.32,4652.943,1888.117,6,
200,1980,case_bench,sf20,tpch_sf20,q1,5,False,3,6;4;4,4.0,4.667,11.302,13.081,True,667,4.0752,0.648,41,116.69,118.04,117.99,721.21,8.265,6,
200,1980,h2o,1gb,h2o_1gb,q1,100,False,3,7;11;9,7.0,9.0,17.099,22.491,True,200,1.9958,0.805,20,116.5,126.65,131.69,1263.84,101.229,6,
200,1980,h2o,2gb,h2o_2gb,q1,100,False,3,7;8;7,7.0,7.333,14.433,14.691,True,286,2.9608,0.804,30,116.56,133.87,135.69,1385.913,179.249,6,
200,1980,h2o,4gb,h2o_4gb,q1,100,False,3,8;9;11,8.0,9.333,15.123,16.625,True,250,2.7335,0.823,27,116.43,144.88,151.82,1584.112,311.041,6,
200,1980,h2o,8gb,h2o_8gb,q1,100,False,3,11;13;13,11.0,12.333,20.272,22.298,True,182,2.5037,0.839,25,119.43,161.67,169.02,2223.956,581.091,6,
200,1980,clickbench,sf1,cb_sf1,q0,1,False,3,4;6;4,4.0,4.667,11.21,13.306,True,167,1.0088,0.738,10,116.72,116.25,118.42,702.228,-2.783,6,
200,1980,clickbench_approx,sf1,cb_sf1,q4,1,False,3,5;5;5,5.0,5.0,11.699,12.016,True,334,2.2502,0.734,23,116.62,121.34,119.87,817.503,31.815,6,
200,1980,clickbench,sf5,cb_sf5,q0,1,False,3,4;4;6,4.0,4.667,11.24,14.134,True,400,2.4015,0.734,24,116.62,117.29,117.95,704.148,3.993,6,
200,1980,clickbench_approx,sf5,cb_sf5,q4,1,False,3,9;5;5,5.0,6.333,12.675,14.46,True,400,2.764,0.767,28,119.46,125.4,127.86,866.495,41.0,6,
200,1980,clickbench,sf10,cb_sf10,q0,1,False,3,5;4;4,4.0,4.333,11.741,13.177,True,334,1.9887,0.733,20,116.64,118.34,119.13,704.62,10.138,6,
200,1980,clickbench_approx,sf10,cb_sf10,q4,1,False,3,5;6;9,5.0,6.667,13.716,18.24,True,334,2.7115,0.783,27,116.57,126.49,129.36,1026.862,80.519,6,
200,1980,clickbench,sf20,cb_sf20,q0,1,False,3,8;4;4,4.0,5.333,11.186,13.865,True,400,2.3651,0.737,24,116.45,119.77,119.3,708.16,19.617,6,
200,1980,clickbench_approx,sf20,cb_sf20,q4,1,False,3,6;6;7,6.0,6.333,12.923,13.536,True,286,2.3686,0.789,24,116.52,137.33,138.41,1137.381,172.383,6,
200,345,tpch,sf1,tpch_sf1,q1,4,False,3,12;11;12,11.0,11.667,19.846,20.046,True,167,2.6967,0.833,27,70.45,77.11,78.69,1245.084,107.414,6,
200,345,case_bench,sf1,tpch_sf1,q1,5,False,3,5;5;5,5.0,5.0,13.102,13.507,True,400,3.1821,0.77,32,70.31,71.03,71.05,565.025,5.703,6,
200,345,tpch,sf5,tpch_sf5,q1,4,False,3,21;20;21,20.0,20.667,29.404,29.631,True,100,2.4514,0.886,24,70.26,86.83,90.34,2128.55,406.19,6,
200,345,case_bench,sf5,tpch_sf5,q1,5,False,3,5;7;7,5.0,6.333,12.289,13.958,True,400,2.7525,0.776,27,70.25,71.88,70.99,494.605,11.183,6,
200,345,tpch,sf10,tpch_sf10,q1,4,False,3,33;32;31,31.0,32.0,40.826,41.605,True,63,2.2443,0.919,23,70.15,93.41,97.74,3327.54,828.461,6,
200,345,case_bench,sf10,tpch_sf10,q1,5,False,3,5;5;5,5.0,5.0,12.239,12.357,True,106,0.826,0.777,8,70.19,77.01,70.84,600.151,53.156,6,
200,345,tpch,sf20,tpch_sf20,q1,4,False,3,56;56;55,55.0,55.667,64.562,66.713,True,37,2.1559,0.949,22,70.15,98.3,103.85,5727.595,1640.137,6,
200,345,case_bench,sf20,tpch_sf20,q1,5,False,3,4;5;5,4.0,4.667,11.962,12.344,True,400,2.6903,0.756,27,70.12,70.75,70.8,475.825,4.215,6,
200,345,h2o,1gb,h2o_1gb,q1,100,False,3,8;8;8,8.0,8.0,15.724,18.205,True,223,2.4813,0.81,24,70.11,76.53,77.21,851.574,71.503,6,
200,345,h2o,2gb,h2o_2gb,q1,100,False,3,10;10;10,10.0,10.0,18.045,19.868,True,200,2.5414,0.821,25,71.82,78.82,81.33,1001.51,88.941,6,
200,345,h2o,4gb,h2o_4gb,q1,100,False,3,19;29;14,14.0,20.667,24.259,30.187,True,154,2.4549,0.857,25,70.01,84.21,88.41,1342.338,226.279,6,
200,345,h2o,8gb,h2o_8gb,q1,100,False,3,25;18;18,18.0,20.333,26.414,29.956,True,112,2.3854,0.887,24,71.67,93.53,97.25,1992.009,465.466,6,
200,345,clickbench,sf1,cb_sf1,q0,1,False,3,4;4;4,4.0,4.0,11.693,12.306,True,500,3.1731,0.734,32,70.13,71.01,70.68,450.662,5.583,6,
200,345,clickbench_approx,sf1,cb_sf1,q4,1,False,3,5;5;5,5.0,5.0,12.379,13.906,True,112,0.8896,0.778,9,70.07,72.26,72.36,573.929,17.386,6,
200,345,clickbench,sf5,cb_sf5,q0,1,False,3,7;4;4,4.0,5.0,11.405,16.758,True,500,3.2937,0.742,33,70.09,70.54,71.05,464.7,2.988,6,
200,345,clickbench_approx,sf5,cb_sf5,q4,1,False,3,6;5;20,5.0,10.333,13.574,19.091,True,334,2.8234,0.778,28,70.05,73.33,74.76,619.877,27.734,6,
200,345,clickbench,sf10,cb_sf10,q0,1,False,3,4;4;6,4.0,4.667,11.535,13.712,True,500,3.2122,0.703,32,70.06,70.17,70.89,450.792,0.723,6,
200,345,clickbench_approx,sf10,cb_sf10,q4,1,False,3,6;6;6,6.0,6.0,13.18,13.56,True,334,2.7751,0.791,27,69.99,77.64,78.25,645.081,63.58,6,
200,345,clickbench,sf20,cb_sf20,q0,1,False,3,5;4;4,4.0,4.333,11.37,11.813,True,500,3.2806,0.728,33,71.76,71.16,71.38,466.878,-3.977,6,
200,345,clickbench_approx,sf20,cb_sf20,q4,1,False,3,8;8;8,8.0,8.0,15.116,15.528,True,200,2.0697,0.815,20,70.01,81.62,82.99,844.675,120.212,6,
200,750,tpch,sf1,tpch_sf1,q1,4,False,3,14;14;14,14.0,14.0,23.231,23.291,True,87,1.4244,0.83,15,72.5,82.5,80.4,1350.644,163.697,6,
200,750,case_bench,sf1,tpch_sf1,q1,5,False,3,9;4;6,4.0,6.333,13.556,15.168,True,500,3.6134,0.733,36,72.63,74.81,73.42,540.608,15.747,6,
200,750,tpch,sf5,tpch_sf5,q1,4,False,3,16;16;17,16.0,16.333,25.11,30.072,True,118,2.3716,0.863,24,72.64,93.74,97.94,1884.076,424.066,6,
200,750,case_bench,sf5,tpch_sf5,q1,5,False,3,5;5;4,4.0,4.667,12.849,13.113,True,286,1.921,0.725,19,72.7,72.3,73.44,485.615,-2.729,6,
200,750,tpch,sf10,tpch_sf10,q1,4,False,3,23;21;25,21.0,23.0,30.675,33.119,True,77,1.9188,0.889,19,72.76,111.95,110.55,2789.87,976.615,6,
200,750,case_bench,sf10,tpch_sf10,q1,5,False,3,4;4;4,4.0,4.0,11.949,13.816,True,400,2.757,0.749,27,72.75,71.65,73.73,493.85,-7.554,6,
200,750,tpch,sf20,tpch_sf20,q1,4,False,3,31;35;30,30.0,32.0,39.838,41.168,True,61,2.2236,0.918,22,72.62,118.3,123.8,4312.115,1665.052,6,
200,750,case_bench,sf20,tpch_sf20,q1,5,False,3,4;5;7,4.0,5.333,12.5,13.39,True,500,3.3325,0.73,34,72.74,72.52,73.56,483.334,-1.505,6,
200,750,h2o,1gb,h2o_1gb,q1,100,False,3,9;9;8,8.0,8.667,15.136,16.619,True,182,1.986,0.827,20,72.65,79.11,79.95,863.258,70.475,6,
200,750,h2o,2gb,h2o_2gb,q1,100,False,3,11;9;9,9.0,9.667,17.027,18.495,True,200,2.423,0.835,24,72.85,85.06,84.36,1030.54,148.015,6,
200,750,h2o,4gb,h2o_4gb,q1,100,False,3,12;12;12,12.0,12.0,19.586,20.208,True,167,2.3532,0.856,24,72.68,90.68,92.26,1277.844,253.698,6,
200,750,h2o,8gb,h2o_8gb,q1,100,False,3,15;14;15,14.0,14.667,22.135,22.761,True,100,1.6985,0.872,17,72.83,98.77,101.1,1677.72,440.732,6,
200,750,clickbench,sf1,cb_sf1,q0,1,False,3,5;5;5,5.0,5.0,12.444,13.171,True,400,2.6874,0.755,27,74.62,73.45,73.54,493.45,-7.861,6,
200,750,clickbench_approx,sf1,cb_sf1,q4,1,False,3,5;5;5,5.0,5.0,12.584,13.85,True,334,2.5008,0.758,25,72.72,73.99,75.03,554.015,9.501,6,
200,750,clickbench,sf5,cb_sf5,q0,1,False,3,5;5;4,4.0,4.667,11.727,12.232,True,400,3.0829,0.781,31,72.75,73.43,145.76,565.948,5.267,6,
200,750,clickbench_approx,sf5,cb_sf5,q4,1,False,3,12;6;7,6.0,8.333,16.394,18.037,True,334,2.6224,0.801,26,72.74,79.05,77.4,620.656,49.506,6,
200,750,clickbench,sf10,cb_sf10,q0,1,False,3,5;4;5,4.0,4.667,11.422,11.798,True,500,3.3283,0.763,33,74.47,72.48,77.82,482.506,-13.185,6,
200,750,clickbench_approx,sf10,cb_sf10,q4,1,False,3,7;6;7,6.0,6.667,14.151,14.554,True,154,1.4871,0.812,15,72.55,74.15,79.69,716.032,15.443,6,
200,750,clickbench,sf20,cb_sf20,q0,1,False,3,5;5;5,5.0,5.0,11.651,11.786,True,400,2.6717,0.763,27,72.47,74.1,73.98,494.938,10.906,6,
200,750,clickbench_approx,sf20,cb_sf20,q4,1,False,3,14;11;9,9.0,11.333,16.713,18.982,True,223,2.4191,0.832,24,72.51,81.86,83.73,888.0,101.452,6,
325,1155,tpch,sf1,tpch_sf1,q1,4,False,3,9;10;10,9.0,9.667,18.09,18.334,True,167,2.2127,0.801,22,77.35,87.98,86.71,1165.749,140.862,6,
325,1155,case_bench,sf1,tpch_sf1,q1,5,False,3,4;5;5,4.0,4.667,11.939,13.248,True,400,2.6064,0.676,26,77.35,77.53,78.18,505.197,1.189,6,
325,1155,tpch,sf5,tpch_sf5,q1,4,False,3,19;13;16,13.0,16.0,22.482,26.414,True,118,2.3625,0.861,23,77.28,98.9,185.61,1980.059,432.792,6,
325,1155,case_bench,sf5,tpch_sf5,q1,5,False,3,4;4;5,4.0,4.333,11.348,12.263,True,334,2.1388,0.684,21,77.3,76.32,78.67,488.722,-6.265,6,
325,1155,tpch,sf10,tpch_sf10,q1,4,False,3,17;15;15,15.0,15.667,23.481,24.122,True,118,2.3363,0.857,24,77.29,113.27,132.63,2242.593,712.36,6,
325,1155,case_bench,sf10,tpch_sf10,q1,5,False,3,5;5;9,5.0,6.333,11.839,13.643,True,334,2.834,0.762,28,77.3,76.68,78.06,650.65,-5.255,6,
325,1155,tpch,sf20,tpch_sf20,q1,4,False,3,32;42;35,32.0,36.333,42.458,47.674,True,84,2.509,0.901,25,77.32,132.92,144.34,3970.06,1660.584,6,
325,1155,case_bench,sf20,tpch_sf20,q1,5,False,3,9;5;5,5.0,6.333,11.955,13.594,True,400,2.9225,0.734,29,77.45,77.24,78.35,564.358,-1.52,6,
325,1155,h2o,1gb,h2o_1gb,q1,100,False,3,8;9;9,8.0,8.667,17.368,19.813,True,286,2.9424,0.777,29,77.43,84.49,84.86,869.203,72.616,6,
325,1155,h2o,2gb,h2o_2gb,q1,100,False,3,8;9;22,8.0,13.0,16.613,22.526,True,250,2.9664,0.803,29,77.42,87.62,89.4,1039.692,121.016,6,
325,1155,h2o,4gb,h2o_4gb,q1,100,False,3,9;9;8,8.0,8.667,15.526,16.349,True,154,1.8539,0.8,19,77.37,92.94,99.19,1118.76,187.368,6,
325,1155,h2o,8gb,h2o_8gb,q1,100,False,3,11;14;11,11.0,12.0,18.744,19.912,True,154,2.2975,0.83,23,77.37,106.26,110.91,1585.279,431.044,6,
325,1155,clickbench,sf1,cb_sf1,q0,1,False,3,4;4;4,4.0,4.0,11.293,12.632,True,500,3.244,0.737,32,77.34,79.1,155.38,513.228,11.424,6,
325,1155,clickbench_approx,sf1,cb_sf1,q4,1,False,3,5;5;5,5.0,5.0,12.649,13.503,True,400,2.8171,0.735,29,78.31,78.09,79.81,549.98,-1.523,6,
325,1155,clickbench,sf5,cb_sf5,q0,1,False,3,5;5;4,4.0,4.667,14.09,14.829,True,400,2.4839,0.718,25,77.43,75.26,78.18,467.315,-13.512,6,
325,1155,clickbench_approx,sf5,cb_sf5,q4,1,False,3,5;5;5,5.0,5.0,12.67,12.872,True,334,2.8053,0.757,28,77.48,81.2,159.83,681.973,31.178,6,
325,1155,clickbench,sf10,cb_sf10,q0,1,False,3,5;4;4,4.0,4.333,11.056,11.998,True,250,1.7028,0.696,17,77.45,77.77,78.78,529.708,2.174,6,
325,1155,clickbench_approx,sf10,cb_sf10,q4,1,False,3,10;7;6,6.0,7.667,18.36,29.22,True,334,2.8592,0.759,29,77.45,82.44,85.74,705.769,42.781,6,
325,1155,clickbench,sf20,cb_sf20,q0,1,False,3,4;4;7,4.0,5.0,11.359,13.924,True,500,3.4546,0.691,35,77.43,76.99,79.44,531.946,-3.066,6,
325,1155,clickbench_approx,sf20,cb_sf20,q4,1,False,3,7;7;7,7.0,7.0,14.554,14.683,True,286,3.1115,0.812,31,77.5,89.43,89.42,972.906,129.739,6,
325,1575,tpch,sf1,tpch_sf1,q1,4,False,3,9;10;9,9.0,9.333,17.881,20.635,True,200,3.2312,0.837,32,103.57,113.87,736.29,1839.635,166.394,6,
325,1575,case_bench,sf1,tpch_sf1,q1,5,False,3,5;5;5,5.0,5.0,11.771,13.15,True,400,2.6491,0.714,26,104.23,106.87,105.64,707.778,17.502,6,
325,1575,tpch,sf5,tpch_sf5,q1,4,False,3,11;12;11,11.0,11.333,19.854,20.691,True,143,2.0803,0.819,21,106.79,142.87,147.24,2078.413,524.796,6,
325,1575,case_bench,sf5,tpch_sf5,q1,5,False,3,5;5;4,4.0,4.667,11.489,13.445,True,500,3.7311,0.712,37,104.35,106.75,106.73,796.59,17.894,6,
325,1575,tpch,sf10,tpch_sf10,q1,4,False,3,19;15;16,15.0,16.667,24.866,25.745,True,134,2.5903,0.854,26,104.37,160.83,179.68,3108.993,1091.498,6,
325,1575,case_bench,sf10,tpch_sf10,q1,5,False,3,4;14;4,4.0,7.333,10.483,14.064,True,286,3.0824,0.572,31,104.48,105.48,105.62,1136.787,10.752,6,
325,1575,tpch,sf20,tpch_sf20,q1,4,False,3,20;28;20,20.0,22.667,27.988,31.393,True,96,3.0099,0.907,30,104.5,172.93,846.5,5421.75,2145.411,6,
325,1575,case_bench,sf20,tpch_sf20,q1,5,False,3,5;5;3,3.0,4.333,11.017,13.653,True,500,5.1972,0.652,52,104.08,104.45,728.48,1085.648,3.78,6,
325,1575,h2o,1gb,h2o_1gb,q1,100,False,3,7;15;7,7.0,9.667,16.081,18.873,True,286,3.2963,0.81,33,104.07,111.52,220.47,1285.273,85.778,6,
325,1575,h2o,2gb,h2o_2gb,q1,100,False,3,8;9;7,7.0,8.0,16.784,23.145,True,286,3.1485,0.813,32,103.76,118.68,122.15,1306.472,164.174,6,
325,1575,h2o,4gb,h2o_4gb,q1,100,False,3,8;7;11,7.0,8.667,13.879,16.96,True,250,2.5766,0.811,26,105.44,131.47,134.92,1354.944,268.208,6,
325,1575,h2o,8gb,h2o_8gb,q1,100,False,3,11;11;14,11.0,12.0,19.634,22.719,True,96,2.2936,0.617,18,103.77,127.6,635.82,3048.646,569.448,6,
325,1575,clickbench,sf1,cb_sf1,q0,1,False,3,4;4;7,4.0,5.0,10.529,12.323,True,400,3.0911,0.776,31,104.04,105.2,105.37,812.943,8.963,6,
325,1575,clickbench_approx,sf1,cb_sf1,q4,1,False,3,13;5;4,4.0,7.333,11.185,16.402,True,400,3.5946,0.739,36,104.45,106.04,107.81,952.958,14.279,6,
325,1575,clickbench,sf5,cb_sf5,q0,1,False,3,4;4;4,4.0,4.0,12.031,14.58,True,400,2.9004,0.744,29,104.41,105.03,105.68,761.595,4.534,6,
325,1575,clickbench_approx,sf5,cb_sf5,q4,1,False,3,5;9;8,5.0,7.333,12.186,15.262,True,400,3.27,0.754,33,104.48,111.14,114.44,908.57,54.438,6,
325,1575,clickbench,sf10,cb_sf10,q0,1,False,3,5;5;5,5.0,5.0,13.138,15.636,True,500,3.7031,0.729,37,104.37,104.98,210.35,777.536,4.555,6,
325,1575,clickbench_approx,sf10,cb_sf10,q4,1,False,3,6;6;7,6.0,6.333,15.219,15.705,True,286,2.9234,0.783,29,104.39,111.18,326.24,1136.43,69.354,6,
325,1575,clickbench,sf20,cb_sf20,q0,1,False,3,5;4;4,4.0,4.333,11.687,14.647,True,286,2.0235,0.712,20,104.47,109.3,106.04,773.297,34.162,6,
325,1575,clickbench_approx,sf20,cb_sf20,q4,1,False,3,6;6;10,6.0,7.333,13.144,15.323,True,286,2.6136,0.771,26,104.43,119.12,122.64,1088.594,134.213,6,
325,1980,tpch,sf1,tpch_sf1,q1,4,False,3,15;12;17,12.0,14.667,25.408,26.764,True,134,2.0985,0.807,21,118.25,126.78,134.96,1985.418,133.508,6,
325,1980,case_bench,sf1,tpch_sf1,q1,5,False,3,13;12;6,6.0,10.333,16.981,24.364,True,200,1.6973,0.734,17,118.46,119.13,119.67,1010.945,5.624,6,
325,1980,tpch,sf5,tpch_sf5,q1,4,False,3,18;16;20,16.0,18.0,29.824,33.274,True,106,2.2353,0.829,22,118.37,145.35,159.51,3065.0,568.81,6,
325,1980,case_bench,sf5,tpch_sf5,q1,5,False,3,5;5;5,5.0,5.0,12.682,13.265,True,400,3.0091,0.742,31,118.54,118.82,120.18,893.855,2.086,6,
325,1980,tpch,sf10,tpch_sf10,q1,4,False,3,19;15;14,14.0,16.0,23.059,25.208,True,134,2.5359,0.846,26,119.08,187.63,208.85,3550.858,1297.293,6,
325,1980,case_bench,sf10,tpch_sf10,q1,5,False,3,6;5;29,5.0,13.333,14.076,23.739,True,286,2.4985,0.746,25,118.68,119.31,119.86,1042.273,5.479,6,
325,1980,tpch,sf20,tpch_sf20,q1,4,False,3,19;18;17,17.0,18.0,26.189,27.172,True,87,2.0978,0.869,21,118.73,224.85,237.45,5421.609,2558.606,6,
325,1980,case_bench,sf20,tpch_sf20,q1,5,False,3,4;4;4,4.0,4.0,11.288,11.813,True,400,5.4167,0.435,54,119.43,120.57,121.18,1632.785,15.475,6,
325,1980,h2o,1gb,h2o_1gb,q1,100,False,3,10;10;16,10.0,12.0,38.504,39.717,True,223,2.9578,0.777,29,118.32,126.26,127.44,1674.637,105.24,6,
325,1980,h2o,2gb,h2o_2gb,q1,100,False,3,13;11;13,11.0,12.333,25.099,27.306,True,167,2.476,0.823,25,118.65,131.33,133.65,1947.18,188.047,6,
325,1980,h2o,4gb,h2o_4gb,q1,100,False,3,11;10;10,10.0,10.333,18.484,19.705,True,200,2.8618,0.823,28,118.72,138.41,145.65,1980.555,281.787,6,
325,1980,h2o,8gb,h2o_8gb,q1,100,False,3,12;12;11,11.0,11.667,20.945,22.018,True,167,2.5475,0.833,25,118.68,163.06,171.45,2487.365,676.885,6,
325,1980,clickbench,sf1,cb_sf1,q0,1,False,3,6;7;21,6.0,11.333,39.339,78.797,True,334,4.067,0.473,40,118.34,119.59,119.6,1456.234,15.198,6,
325,1980,clickbench_approx,sf1,cb_sf1,q4,1,False,3,6;6;6,6.0,6.0,15.29,15.614,True,286,2.5004,0.744,25,118.3,119.84,121.63,1047.713,13.409,6,
325,1980,clickbench,sf5,cb_sf5,q0,1,False,3,6;5;7,5.0,6.0,14.746,17.035,True,400,3.0088,0.734,30,118.62,119.02,120.05,895.26,2.968,6,
325,1980,clickbench_approx,sf5,cb_sf5,q4,1,False,3,8;8;12,8.0,9.333,58.98,79.979,True,286,3.3637,0.731,34,118.42,123.84,126.79,1456.528,63.714,6,
325,1980,clickbench,sf10,cb_sf10,q0,1,False,3,8;7;5,5.0,6.667,13.596,16.017,True,400,3.1637,0.737,32,118.62,120.9,120.41,956.202,18.026,6,
325,1980,clickbench_approx,sf10,cb_sf10,q4,1,False,3,9;13;11,9.0,11.0,21.764,23.313,True,200,2.0305,0.784,20,118.66,131.42,129.67,1334.23,129.508,6,
325,1980,clickbench,sf20,cb_sf20,q0,1,False,3,5;5;5,5.0,5.0,13.556,13.731,True,334,2.7601,0.732,28,118.58,121.48,120.69,1003.856,23.928,6,
325,1980,clickbench_approx,sf20,cb_sf20,q4,1,False,3,7;12;10,7.0,9.667,16.801,19.995,True,286,2.981,0.779,30,118.71,135.11,137.74,1408.248,170.89,6,
325,345,tpch,sf1,tpch_sf1,q1,4,False,3,13;11;11,11.0,11.667,19.508,22.313,True,167,2.5921,0.833,26,70.23,77.04,77.67,1195.754,105.61,6,
325,345,case_bench,sf1,tpch_sf1,q1,5,False,3,11;4;3,3.0,6.0,10.744,13.702,True,334,2.3282,0.71,23,70.19,69.72,70.98,485.967,-3.324,6,
325,345,tpch,sf5,tpch_sf5,q1,4,False,3,23;23;22,22.0,22.667,32.175,32.642,True,91,2.3228,0.886,23,70.07,86.9,90.2,2218.209,429.603,6,
325,345,case_bench,sf5,tpch_sf5,q1,5,False,3,7;6;3,3.0,5.333,11.701,13.12,True,400,2.7651,0.712,27,70.08,68.87,70.92,476.075,-8.375,6,
325,345,tpch,sf10,tpch_sf10,q1,4,False,3,36;34;32,32.0,34.0,43.295,47.495,True,63,2.3962,0.919,24,70.02,93.87,96.05,3570.238,907.036,6,
325,345,case_bench,sf10,tpch_sf10,q1,5,False,3,6;5;12,5.0,7.667,12.579,16.298,True,334,2.2739,0.699,22,70.05,71.12,70.89,484.165,7.25,6,
325,345,tpch,sf20,tpch_sf20,q1,4,False,3,58;62;53,53.0,57.667,62.436,67.413,True,36,2.1564,0.946,21,69.96,101.51,101.61,6080.361,1889.958,6,
325,345,case_bench,sf20,tpch_sf20,q1,5,False,3,4;3;5,3.0,4.0,11.54,15.083,True,667,4.3308,0.677,43,69.99,69.89,70.83,453.789,-0.662,6,
325,345,h2o,1gb,h2o_1gb,q1,100,False,3,8;8;8,8.0,8.0,15.92,16.802,True,250,2.7375,0.817,28,71.75,77.67,77.75,850.476,64.828,6,
325,345,h2o,2gb,h2o_2gb,q1,100,False,3,11;10;9,9.0,10.0,16.641,17.368,True,118,1.4911,0.832,15,70.07,80.45,81.1,1016.559,131.176,6,
325,345,h2o,4gb,h2o_4gb,q1,100,False,3,13;13;13,13.0,13.0,20.848,23.414,True,143,2.3337,0.857,23,70.11,84.07,87.93,1371.986,227.771,6,
325,345,h2o,8gb,h2o_8gb,q1,100,False,3,18;19;17,17.0,18.0,26.175,27.044,True,112,2.394,0.89,24,70.1,93.38,96.59,1996.107,497.703,6,
325,345,clickbench,sf1,cb_sf1,q0,1,False,3,5;4;8,4.0,5.667,12.365,14.184,True,400,2.7561,0.732,27,70.09,68.98,71.48,475.265,-7.652,6,
325,345,clickbench_approx,sf1,cb_sf1,q4,1,False,3,4;6;4,4.0,4.667,11.591,12.095,True,250,1.758,0.746,18,70.03,68.95,72.15,484.852,-7.629,6,
325,345,clickbench,sf5,cb_sf5,q0,1,False,3,4;4;4,4.0,4.0,11.244,11.441,True,400,3.1926,0.737,32,70.06,70.55,70.89,563.067,3.914,6,
325,345,clickbench_approx,sf5,cb_sf5,q4,1,False,3,6;5;5,5.0,5.333,12.215,12.421,True,334,2.6894,0.767,26,70.05,74.19,74.85,597.35,33.292,6,
325,345,clickbench,sf10,cb_sf10,q0,1,False,3,4;4;4,4.0,4.0,11.741,13.219,True,250,1.5844,0.73,16,70.04,71.22,70.88,451.32,7.442,6,
325,345,clickbench_approx,sf10,cb_sf10,q4,1,False,3,6;8;11,6.0,8.333,13.505,16.755,True,334,2.8279,0.795,28,70.0,78.52,77.82,664.823,72.129,6,
325,345,clickbench,sf20,cb_sf20,q0,1,False,3,4;4;4,4.0,4.0,10.734,12.953,True,400,2.5257,0.737,25,69.99,70.07,71.32,442.415,0.482,6,
325,345,clickbench_approx,sf20,cb_sf20,q4,1,False,3,15;8;8,8.0,10.333,16.117,19.655,True,223,2.3282,0.829,23,70.03,79.13,82.03,826.121,94.968,6,
325,750,tpch,sf1,tpch_sf1,q1,4,False,3,10;9;13,9.0,10.667,18.281,18.982,True,182,3.1531,0.85,31,72.71,79.31,804.56,1374.027,114.377,6,
325,750,case_bench,sf1,tpch_sf1,q1,5,False,3,4;3;3,3.0,3.333,10.535,10.969,True,334,3.2723,0.582,32,72.7,73.63,146.09,721.407,9.167,6,
325,750,tpch,sf5,tpch_sf5,q1,4,False,3,18;27;21,18.0,22.0,30.268,35.608,True,106,2.2444,0.848,23,72.65,90.33,102.38,1912.623,374.361,6,
325,750,case_bench,sf5,tpch_sf5,q1,5,False,3,3;11;3,3.0,5.667,10.904,13.854,True,400,2.6726,0.692,27,74.47,71.07,73.57,474.842,-22.713,6,
325,750,tpch,sf10,tpch_sf10,q1,4,False,3,23;20;23,20.0,22.0,28.467,30.642,True,84,2.0428,0.887,21,72.62,107.77,114.86,2620.762,854.653,6,
325,750,case_bench,sf10,tpch_sf10,q1,5,False,3,6;4;4,4.0,4.667,10.857,15.163,True,667,4.2887,0.674,43,72.52,73.22,73.73,470.789,4.466,6,
325,750,tpch,sf20,tpch_sf20,q1,4,False,3,31;30;29,29.0,30.0,37.268,38.376,True,67,2.2362,0.918,23,72.62,122.51,128.53,4088.925,1665.315,6,
325,750,case_bench,sf20,tpch_sf20,q1,5,False,3,4;5;3,3.0,4.0,10.445,11.017,True,400,2.9118,0.706,29,72.65,72.71,73.31,529.293,0.454,6,
325,750,h2o,1gb,h2o_1gb,q1,100,False,3,8;7;8,7.0,7.667,14.926,15.489,True,250,2.5664,0.797,26,72.59,79.83,80.05,819.544,74.375,6,
325,750,h2o,2gb,h2o_2gb,q1,100,False,3,10;10;13,10.0,11.0,85.902,87.226,True,143,2.0838,0.753,20,72.55,80.9,160.3,1178.916,121.634,6,
325,750,h2o,4gb,h2o_4gb,q1,100,False,3,11;15;11,11.0,12.333,21.697,24.363,True,182,2.5385,0.824,25,72.68,87.82,92.95,1224.89,211.192,6,
325,750,h2o,8gb,h2o_8gb,q1,100,False,3,13;23;15,13.0,17.0,21.661,26.202,True,154,2.8675,0.863,29,72.69,97.33,102.97,1812.266,458.724,6,
325,750,clickbench,sf1,cb_sf1,q0,1,False,3,4;4;4,4.0,4.0,12.208,12.275,True,400,3.269,0.717,33,72.71,73.64,73.3,601.825,7.565,6,
325,750,clickbench_approx,sf1,cb_sf1,q4,1,False,3,7;6;6,6.0,6.333,15.241,16.759,True,125,1.1542,0.715,12,72.57,76.78,74.5,708.928,38.815,6,
325,750,clickbench,sf5,cb_sf5,q0,1,False,3,6;6;10,6.0,7.333,18.677,20.704,True,334,2.7935,0.71,28,72.74,73.16,73.43,611.883,3.519,6,
325,750,clickbench_approx,sf5,cb_sf5,q4,1,False,3,6;6;8,6.0,6.667,15.192,17.263,True,334,3.3527,0.758,34,72.77,76.98,76.69,772.68,42.199,6,
325,750,clickbench,sf10,cb_sf10,q0,1,False,3,5;5;5,5.0,5.0,13.831,15.447,True,286,2.3292,0.709,23,72.7,75.34,73.34,613.598,21.508,6,
325,750,clickbench_approx,sf10,cb_sf10,q4,1,False,3,8;13;7,7.0,9.333,17.994,19.82,True,250,2.6651,0.775,27,72.73,79.19,79.09,844.2,68.868,6,
325,750,clickbench,sf20,cb_sf20,q0,1,False,3,7;4;6,4.0,5.667,11.663,13.27,True,500,3.1496,0.724,31,72.7,74.52,73.95,469.386,11.427,6,
325,750,clickbench_approx,sf20,cb_sf20,q4,1,False,3,9;8;8,8.0,8.333,15.468,16.217,True,250,3.229,0.806,32,72.63,82.84,83.89,1069.968,131.86,6,
450,1155,tpch,sf1,tpch_sf1,q1,4,False,3,10;9;9,9.0,9.333,17.402,18.558,True,182,2.684,0.816,27,77.42,84.75,86.27,1249.846,108.144,6,
450,1155,case_bench,sf1,tpch_sf1,q1,5,False,3,6;7;13,6.0,8.667,21.575,67.869,True,334,2.5874,0.735,26,77.65,78.34,155.41,606.901,5.379,6,
450,1155,tpch,sf5,tpch_sf5,q1,4,False,3,22;19;18,18.0,19.667,30.348,32.325,True,118,2.5361,0.847,25,77.35,94.23,184.57,2025.254,362.835,6,
450,1155,case_bench,sf5,tpch_sf5,q1,5,False,3,5;6;5,5.0,5.333,14.619,16.335,True,334,2.7166,0.759,27,77.6,77.46,155.86,629.982,-1.148,6,
450,1155,tpch,sf10,tpch_sf10,q1,4,False,3,24;18;18,18.0,20.0,26.455,30.018,True,112,2.4568,0.873,25,77.54,118.78,133.23,2605.402,904.54,6,
450,1155,case_bench,sf10,tpch_sf10,q1,5,False,3,5;5;10,5.0,6.667,13.558,15.385,True,334,3.3365,0.792,33,77.52,79.32,465.75,792.386,17.961,6,
450,1155,tpch,sf20,tpch_sf20,q1,4,False,3,25;26;26,25.0,25.667,35.588,38.041,True,47,1.3236,0.898,13,79.45,134.16,273.83,3778.085,1540.729,6,
450,1155,case_bench,sf20,tpch_sf20,q1,5,False,3,6;4;6,4.0,5.333,12.364,13.763,True,334,2.5418,0.742,25,77.49,79.66,78.26,606.198,16.505,6,
450,1155,h2o,1gb,h2o_1gb,q1,100,False,3,9;13;9,9.0,10.333,17.368,18.944,True,223,2.5301,0.797,25,77.5,85.43,85.71,969.224,89.915,6,
450,1155,h2o,2gb,h2o_2gb,q1,100,False,3,9;9;9,9.0,9.0,17.817,20.278,True,200,2.3278,0.805,23,77.47,85.66,88.76,997.04,95.345,6,
450,1155,h2o,4gb,h2o_4gb,q1,100,False,3,17;10;9,9.0,12.0,18.179,21.025,True,223,2.9132,0.834,29,77.56,93.8,97.29,1225.408,212.19,6,
450,1155,h2o,8gb,h2o_8gb,q1,100,False,3,12;13;14,12.0,13.0,20.041,21.139,True,143,2.0762,0.85,20,77.59,108.35,111.16,1573.126,446.574,6,
450,1155,clickbench,sf1,cb_sf1,q0,1,False,3,4;6;5,4.0,5.0,11.229,15.841,True,500,3.5189,0.73,35,77.63,77.54,155.99,545.722,-0.604,6,
450,1155,clickbench_approx,sf1,cb_sf1,q4,1,False,3,8;8;8,8.0,8.0,15.748,17.976,True,400,3.2281,0.727,32,77.62,77.99,156.45,629.42,3.049,6,
450,1155,clickbench,sf5,cb_sf5,q0,1,False,3,4;4;4,4.0,4.0,10.798,11.302,True,500,3.1356,0.724,31,77.61,79.67,78.57,499.602,12.895,6,
450,1155,clickbench_approx,sf5,cb_sf5,q4,1,False,3,7;6;6,6.0,6.333,13.382,14.745,True,250,1.8249,0.755,18,77.69,80.69,83.01,588.972,21.84,6,
450,1155,clickbench,sf10,cb_sf10,q0,1,False,3,8;5;4,4.0,5.667,11.403,15.384,True,400,2.4844,0.729,25,77.65,78.76,78.94,489.157,6.891,6,
450,1155,clickbench_approx,sf10,cb_sf10,q4,1,False,3,7;9;7,7.0,7.667,14.508,15.362,True,334,3.5284,0.824,35,77.61,84.89,1212.55,896.766,76.902,6,
450,1155,clickbench,sf20,cb_sf20,q0,1,False,3,6;4;4,4.0,4.667,11.122,11.95,True,500,4.1419,0.606,41,77.62,77.45,79.36,641.598,-1.378,6,
450,1155,clickbench_approx,sf20,cb_sf20,q4,1,False,3,12;7;7,7.0,8.667,15.096,16.929,True,250,2.5311,0.785,25,77.54,90.56,91.12,916.844,131.834,6,
450,1575,tpch,sf1,tpch_sf1,q1,4,False,3,10;9;9,9.0,9.333,17.072,19.348,True,200,3.1542,0.832,31,103.56,112.82,530.4,1779.25,146.01,6,
450,1575,case_bench,sf1,tpch_sf1,q1,5,False,3,4;4;4,4.0,4.0,12.979,13.57,True,500,3.414,0.702,34,103.96,104.08,105.08,710.636,0.832,6,
450,1575,tpch,sf5,tpch_sf5,q1,4,False,3,12;13;12,12.0,12.333,20.367,20.555,True,154,3.2288,0.837,33,103.94,128.43,145.54,2692.734,513.446,6,
450,1575,case_bench,sf5,tpch_sf5,q1,5,False,3,8;13;7,7.0,9.333,20.029,25.852,True,223,1.9224,0.732,19,104.02,103.42,105.06,891.592,-5.118,6,
450,1575,tpch,sf10,tpch_sf10,q1,4,False,3,26;19;20,19.0,21.667,38.683,45.5,True,100,2.4354,0.781,25,104.05,153.42,171.48,3736.46,1202.543,6,
450,1575,case_bench,sf10,tpch_sf10,q1,5,False,3,6;7;7,6.0,6.667,18.082,20.158,True,334,2.7313,0.757,27,103.99,103.4,105.09,845.545,-4.833,6,
450,1575,tpch,sf20,tpch_sf20,q1,4,False,3,22;22;23,22.0,22.333,32.045,32.923,True,91,2.7879,0.88,28,103.56,173.72,189.03,5322.187,2149.633,6,
450,1575,case_bench,sf20,tpch_sf20,q1,5,False,3,5;5;4,4.0,4.667,12.147,12.548,True,182,1.5766,0.619,16,106.28,105.61,104.37,914.841,-5.794,6,
450,1575,h2o,1gb,h2o_1gb,q1,100,False,3,9;9;9,9.0,9.0,18.737,21.691,True,154,1.6953,0.795,17,103.62,111.51,115.46,1227.597,86.871,6,
450,1575,h2o,2gb,h2o_2gb,q1,100,False,3,8;8;7,7.0,7.667,15.023,15.947,True,223,2.3587,0.793,24,103.69,114.19,120.52,1207.816,111.118,6,
450,1575,h2o,4gb,h2o_4gb,q1,100,False,3,22;9;9,9.0,13.333,16.214,21.153,True,167,2.6926,0.833,27,103.65,120.42,124.72,1941.551,270.343,6,
450,1575,h2o,8gb,h2o_8gb,q1,100,False,3,17;14;14,14.0,15.0,26.881,29.577,True,143,2.6992,0.834,27,103.64,132.72,141.54,2505.161,548.778,6,
450,1575,clickbench,sf1,cb_sf1,q0,1,False,3,23;5;10,5.0,12.667,12.366,20.887,True,400,4.1189,0.767,41,103.73,103.63,105.3,1067.088,-1.058,6,
450,1575,clickbench_approx,sf1,cb_sf1,q4,1,False,3,6;6;8,6.0,6.667,19.65,20.472,True,286,2.9015,0.661,29,103.65,104.72,107.88,1062.413,10.881,6,
450,1575,clickbench,sf5,cb_sf5,q0,1,False,3,7;5;4,4.0,5.333,12.699,16.692,True,334,2.4425,0.718,24,103.67,106.65,104.82,779.877,21.747,6,
450,1575,clickbench_approx,sf5,cb_sf5,q4,1,False,3,9;6;6,6.0,7.0,16.591,19.811,True,334,3.4244,0.654,34,103.64,110.25,110.18,1130.338,67.738,6,
450,1575,clickbench,sf10,cb_sf10,q0,1,False,3,6;6;6,6.0,6.0,13.762,14.7,True,400,2.6393,0.711,27,103.6,106.82,106.05,704.815,21.245,6,
450,1575,clickbench_approx,sf10,cb_sf10,q4,1,False,3,6;6;8,6.0,6.667,13.754,15.389,True,334,2.6864,0.762,27,103.64,113.59,114.34,913.617,80.078,6,
450,1575,clickbench,sf20,cb_sf20,q0,1,False,3,5;5;5,5.0,5.0,13.523,16.175,True,400,3.7636,0.741,37,103.63,105.53,105.42,992.89,17.876,6,
450,1575,clickbench_approx,sf20,cb_sf20,q4,1,False,3,7;9;9,7.0,8.333,17.879,20.254,True,223,2.3531,0.776,24,103.69,119.59,119.87,1261.892,167.808,6,
450,1980,tpch,sf1,tpch_sf1,q1,4,False,3,27;12;11,11.0,16.667,21.519,27.922,True,167,2.5886,0.818,26,117.51,127.59,134.14,1977.647,156.226,6,
450,1980,case_bench,sf1,tpch_sf1,q1,5,False,3,5;4;4,4.0,4.333,11.321,13.067,True,400,2.6511,0.7,26,117.62,120.58,120.38,799.16,19.621,6,
450,1980,tpch,sf5,tpch_sf5,q1,4,False,3,11;13;12,11.0,12.0,20.717,21.366,True,154,2.4071,0.825,25,117.73,159.68,169.84,2495.89,655.659,6,
450,1980,case_bench,sf5,tpch_sf5,q1,5,False,3,5;7;6,5.0,6.0,14.846,16.573,True,400,2.7267,0.712,28,117.89,121.64,237.22,829.185,25.552,6,
450,1980,tpch,sf10,tpch_sf10,q1,4,False,3,18;17;16,16.0,17.0,25.209,26.573,True,134,2.461,0.848,25,117.83,187.48,201.32,3443.149,1279.072,6,
450,1980,case_bench,sf10,tpch_sf10,q1,5,False,3,4;5;4,4.0,4.333,11.914,12.176,True,250,1.8289,0.733,18,117.96,116.52,119.75,852.436,-10.495,6,
450,1980,tpch,sf20,tpch_sf20,q1,4,False,3,20;25;21,20.0,22.0,31.743,32.956,True,100,2.5829,0.877,26,118.16,221.31,250.25,5716.15,2664.168,6,
450,1980,case_bench,sf20,tpch_sf20,q1,5,False,3,5;6;5,5.0,5.333,12.325,14.479,True,400,2.8206,0.72,28,118.03,118.23,119.73,833.713,1.455,6,
450,1980,h2o,1gb,h2o_1gb,q1,100,False,3,7;8;8,7.0,7.667,16.872,18.371,True,286,3.0947,0.792,31,118.42,126.95,132.56,1373.689,92.296,6,
450,1980,h2o,2gb,h2o_2gb,q1,100,False,3,10;10;11,10.0,10.333,20.478,25.886,True,143,2.6025,0.818,26,118.36,127.28,133.06,2316.406,162.411,6,
450,1980,h2o,4gb,h2o_4gb,q1,100,False,3,8;8;9,8.0,8.333,15.296,16.888,True,223,2.6065,0.81,26,118.13,151.2,151.05,1767.305,386.503,6,
450,1980,h2o,8gb,h2o_8gb,q1,100,False,3,11;17;11,11.0,13.0,21.368,23.655,True,182,2.7409,0.824,27,118.53,157.28,170.42,2368.599,583.474,6,
450,1980,clickbench,sf1,cb_sf1,q0,1,False,3,5;4;4,4.0,4.333,11.323,12.315,True,400,2.9414,0.727,30,118.54,121.17,119.89,890.975,19.295,6,
450,1980,clickbench_approx,sf1,cb_sf1,q4,1,False,3,5;12;5,5.0,7.333,11.801,14.269,True,400,3.3392,0.751,33,118.43,122.23,122.09,1020.353,31.699,6,
450,1980,clickbench,sf5,cb_sf5,q0,1,False,3,4;5;5,4.0,4.667,12.066,12.399,True,286,1.959,0.731,20,120.93,121.6,120.78,832.909,4.591,6,
450,1980,clickbench_approx,sf5,cb_sf5,q4,1,False,3,6;6;10,6.0,7.333,14.746,15.94,True,334,2.7888,0.751,28,118.4,124.58,125.9,1040.177,51.614,6,
450,1980,clickbench,sf10,cb_sf10,q0,1,False,3,8;5;5,5.0,6.0,13.029,15.64,True,400,3.0172,0.73,30,118.4,122.61,120.43,924.873,31.799,6,
450,1980,clickbench_approx,sf10,cb_sf10,q4,1,False,3,6;6;5,5.0,5.667,12.246,13.923,True,400,3.3877,0.758,34,118.39,129.11,131.07,1093.48,90.832,6,
450,1980,clickbench,sf20,cb_sf20,q0,1,False,3,5;5;7,5.0,5.667,13.13,16.242,True,400,2.5821,0.726,26,117.85,115.49,120.52,745.54,-15.221,6,
450,1980,clickbench_approx,sf20,cb_sf20,q4,1,False,3,6;6;10,6.0,7.333,13.576,16.645,True,200,1.8435,0.775,18,117.94,139.62,137.97,1286.915,199.864,6,
450,345,tpch,sf1,tpch_sf1,q1,4,False,3,15;15;14,14.0,14.667,24.173,25.308,True,143,2.5652,0.845,25,70.45,77.09,78.26,1382.783,119.084,6,
450,345,case_bench,sf1,tpch_sf1,q1,5,False,3,5;6;6,5.0,5.667,14.207,15.419,True,334,2.6256,0.749,26,70.27,69.86,71.18,549.216,-3.185,6,
450,345,tpch,sf5,tpch_sf5,q1,4,False,3,28;24;22,22.0,24.667,36.219,37.678,True,75,2.0906,0.897,21,71.92,86.53,166.0,2412.013,407.371,6,
450,345,case_bench,sf5,tpch_sf5,q1,5,False,3,12;7;6,6.0,8.333,15.998,19.616,True,91,0.89,0.798,8,70.18,71.23,70.71,696.681,10.227,6,
450,345,tpch,sf10,tpch_sf10,q1,4,False,3,36;37;34,34.0,35.667,43.841,47.262,True,56,2.1722,0.922,22,70.16,94.5,96.58,3665.5,943.914,6,
450,345,case_bench,sf10,tpch_sf10,q1,5,False,3,6;6;6,6.0,6.0,18.178,19.628,True,400,3.0973,0.728,31,70.17,70.61,70.86,546.783,3.451,6,
450,345,tpch,sf20,tpch_sf20,q1,4,False,3,65;57;57,57.0,59.667,68.069,73.652,True,36,2.4291,0.94,24,70.11,95.63,103.07,6452.333,1721.732,6,
450,345,case_bench,sf20,tpch_sf20,q1,5,False,3,5;6;6,5.0,5.667,14.093,14.91,True,334,2.6756,0.779,27,70.2,71.12,70.78,569.68,7.345,6,
450,345,h2o,1gb,h2o_1gb,q1,100,False,3,11;10;14,10.0,11.667,18.095,19.964,True,223,3.0931,0.826,31,70.36,75.15,75.85,1042.39,66.543,6,
450,345,h2o,2gb,h2o_2gb,q1,100,False,3,31;16;16,16.0,21.0,30.761,36.992,True,134,2.7133,0.848,27,70.11,78.47,77.85,1588.918,169.252,6,
450,345,h2o,4gb,h2o_4gb,q1,100,False,3,17;18;20,17.0,18.333,29.12,31.357,True,125,2.9031,0.868,29,70.05,81.62,86.16,1895.624,268.817,6,
450,345,h2o,8gb,h2o_8gb,q1,100,False,3,23;22;30,22.0,25.0,34.667,38.986,True,84,2.48,0.88,25,70.12,87.24,89.96,2575.786,505.447,6,
450,345,clickbench,sf1,cb_sf1,q0,1,False,3,7;6;5,5.0,6.0,14.345,18.662,True,286,2.3699,0.757,24,70.1,71.28,71.91,590.654,9.77,6,
450,345,clickbench_approx,sf1,cb_sf1,q4,1,False,3,6;5;5,5.0,5.333,13.938,17.348,True,334,3.7357,0.786,37,70.16,70.25,71.89,785.701,0.991,6,
450,345,clickbench,sf5,cb_sf5,q0,1,False,3,7;6;6,6.0,6.333,16.491,17.743,True,286,2.3635,0.747,23,70.09,68.44,70.87,565.577,-13.678,6,
450,345,clickbench_approx,sf5,cb_sf5,q4,1,False,3,6;7;6,6.0,6.333,15.06,15.616,True,250,2.1433,0.78,21,70.01,72.25,74.47,619.404,19.177,6,
450,345,clickbench,sf10,cb_sf10,q0,1,False,3,6;6;5,5.0,5.667,13.887,16.523,True,286,2.1298,0.748,22,70.06,69.57,71.11,518.112,-3.601,6,
450,345,clickbench_approx,sf10,cb_sf10,q4,1,False,3,7;7;7,7.0,7.0,16.598,18.93,True,286,3.6354,0.835,36,70.11,76.03,494.97,966.385,75.254,6,
450,345,clickbench,sf20,cb_sf20,q0,1,False,3,5;6;6,5.0,5.667,14.727,17.051,True,334,3.3583,0.615,33,70.18,71.46,141.11,718.494,12.812,6,
450,345,clickbench_approx,sf20,cb_sf20,q4,1,False,3,11;8;8,8.0,9.0,16.249,17.687,True,250,3.1797,0.815,32,70.14,78.98,79.85,1004.56,112.483,6,
450,750,tpch,sf1,tpch_sf1,q1,4,False,3,18;16;14,14.0,16.0,24.973,28.11,True,154,2.6327,0.846,27,72.73,77.37,80.43,1322.708,79.439,6,
450,750,case_bench,sf1,tpch_sf1,q1,5,False,3,7;6;6,6.0,6.333,14.739,15.78,True,250,1.9793,0.762,20,72.68,73.9,73.7,585.116,9.662,6,
450,750,tpch,sf5,tpch_sf5,q1,4,False,3,18;18;17,17.0,17.667,27.497,27.78,True,100,2.1163,0.867,21,72.73,93.36,99.93,1975.7,436.63,6,
450,750,case_bench,sf5,tpch_sf5,q1,5,False,3,5;6;6,5.0,5.667,14.829,15.369,True,112,1.0239,0.74,10,72.76,78.42,73.21,716.911,51.728,6,
450,750,tpch,sf10,tpch_sf10,q1,4,False,3,22;23;21,21.0,22.0,31.127,33.526,True,84,2.1523,0.888,21,72.7,103.66,108.94,2656.0,793.289,6,
450,750,case_bench,sf10,tpch_sf10,q1,5,False,3,7;4;9,4.0,6.667,17.133,17.627,True,500,3.9614,0.761,40,72.66,73.71,145.48,583.95,8.279,6,
450,750,tpch,sf20,tpch_sf20,q1,4,False,3,44;34;44,34.0,40.667,44.891,51.905,True,61,2.7586,0.918,27,72.63,109.0,123.27,4929.459,1644.68,6,
450,750,case_bench,sf20,tpch_sf20,q1,5,False,3,5;6;12,5.0,7.667,15.041,16.644,True,334,2.3232,0.749,23,72.66,72.4,73.42,503.587,-1.785,6,
450,750,h2o,1gb,h2o_1gb,q1,100,False,3,9;12;10,9.0,10.333,18.471,23.195,True,250,3.9212,0.835,39,72.57,76.08,443.19,1193.348,55.175,6,
450,750,h2o,2gb,h2o_2gb,q1,100,False,3,9;14;9,9.0,10.667,17.84,19.498,True,223,3.0341,0.827,30,72.54,80.08,83.05,1089.578,102.671,6,
450,750,h2o,4gb,h2o_4gb,q1,100,False,3,12;13;12,12.0,12.333,21.885,22.991,True,167,2.8266,0.841,28,72.59,85.55,90.38,1447.97,219.248,6,
450,750,h2o,8gb,h2o_8gb,q1,100,False,3,14;14;15,14.0,14.333,22.205,24.578,True,118,2.1298,0.868,21,72.67,99.91,102.1,1803.39,491.661,6,
450,750,clickbench,sf1,cb_sf1,q0,1,False,3,5;4;6,4.0,5.0,12.469,14.434,True,400,2.6724,0.71,27,72.65,73.72,73.32,492.497,7.114,6,
450,750,clickbench_approx,sf1,cb_sf1,q4,1,False,3,6;12;5,5.0,7.667,13.684,18.833,True,400,3.7229,0.747,37,72.65,75.15,74.61,699.405,23.262,6,
450,750,clickbench,sf5,cb_sf5,q0,1,False,3,5;5;5,5.0,5.0,12.578,12.74,True,500,3.4013,0.718,34,72.69,73.06,73.49,496.968,2.514,6,
450,750,clickbench_approx,sf5,cb_sf5,q4,1,False,3,6;6;6,6.0,6.0,13.622,14.642,True,334,2.8842,0.775,29,72.66,76.83,76.92,663.422,35.945,6,
450,750,clickbench,sf10,cb_sf10,q0,1,False,3,5;5;5,5.0,5.0,12.822,16.379,True,286,2.2086,0.754,22,72.69,72.87,146.41,562.692,1.348,6,
450,750,clickbench_approx,sf10,cb_sf10,q4,1,False,3,9;8;8,8.0,8.333,19.624,20.489,True,200,1.9656,0.783,19,72.77,80.27,80.03,788.92,73.722,6,
450,750,clickbench,sf20,cb_sf20,q0,1,False,3,6;5;6,5.0,5.667,14.212,16.076,True,334,2.526,0.757,26,72.77,75.48,74.39,570.823,20.483,6,
450,750,clickbench_approx,sf20,cb_sf20,q4,1,False,3,8;8;9,8.0,8.333,16.851,19.014,True,223,2.6816,0.815,27,72.46,82.08,83.81,986.987,115.602,6,
575,1155,tpch,sf1,tpch_sf1,q1,4,False,3,11;13;12,11.0,12.0,19.494,21.905,True,112,1.5693,0.801,16,79.2,85.74,86.11,1201.429,91.706,6,
575,1155,case_bench,sf1,tpch_sf1,q1,5,False,3,3;3;3,3.0,3.0,10.728,10.756,True,500,3.3693,0.693,34,77.32,78.45,78.47,528.646,7.639,6,
575,1155,tpch,sf5,tpch_sf5,q1,4,False,3,16;12;14,12.0,14.0,20.615,23.065,True,143,2.4009,0.836,24,77.3,100.93,104.09,1694.587,396.751,6,
575,1155,case_bench,sf5,tpch_sf5,q1,5,False,3,4;12;5,4.0,7.0,13.601,18.526,True,500,3.7362,0.707,37,77.33,76.92,78.19,574.804,-3.044,6,
575,1155,tpch,sf10,tpch_sf10,q1,4,False,3,17;16;17,16.0,16.667,26.535,30.883,True,69,1.6,0.857,16,77.32,113.87,125.1,2640.565,847.71,6,
575,1155,case_bench,sf10,tpch_sf10,q1,5,False,3,5;5;7,5.0,5.667,13.763,14.439,True,334,2.281,0.739,23,77.35,78.41,78.19,535.464,7.238,6,
575,1155,tpch,sf20,tpch_sf20,q1,4,False,3,39;24;37,24.0,33.333,34.137,43.993,True,84,2.5066,0.903,25,77.34,133.37,142.56,3979.702,1671.852,6,
575,1155,case_bench,sf20,tpch_sf20,q1,5,False,3,5;4;4,4.0,4.333,10.835,11.495,True,112,0.8113,0.73,8,77.39,76.84,78.14,556.607,-4.01,6,
575,1155,h2o,1gb,h2o_1gb,q1,100,False,3,8;7;8,7.0,7.667,15.317,17.584,True,286,2.8727,0.788,29,77.4,81.19,85.82,815.493,38.016,6,
575,1155,h2o,2gb,h2o_2gb,q1,100,False,3,7;7;9,7.0,7.667,14.271,16.883,True,286,3.1147,0.799,31,79.27,88.11,92.63,959.601,96.288,6,
575,1155,h2o,4gb,h2o_4gb,q1,100,False,3,8;8;8,8.0,8.0,14.984,15.179,True,250,2.8009,0.813,28,77.23,97.11,104.07,1087.992,222.789,6,
575,1155,h2o,8gb,h2o_8gb,q1,100,False,3,11;11;10,10.0,10.667,18.79,20.052,True,182,2.558,0.838,26,77.4,105.29,112.35,1479.802,391.9,6,
575,1155,clickbench,sf1,cb_sf1,q0,1,False,3,4;4;4,4.0,4.0,11.129,11.643,True,500,3.3962,0.755,34,77.38,77.77,78.03,528.218,2.609,6,
575,1155,clickbench_approx,sf1,cb_sf1,q4,1,False,3,5;5;4,4.0,4.667,11.503,11.886,True,400,2.8603,0.737,29,77.31,79.78,79.66,570.468,17.632,6,
575,1155,clickbench,sf5,cb_sf5,q0,1,False,3,4;7;4,4.0,5.0,11.475,13.304,True,500,3.2534,0.719,33,77.32,76.48,78.2,497.662,-5.437,6,
575,1155,clickbench_approx,sf5,cb_sf5,q4,1,False,3,5;5;9,5.0,6.333,13.049,15.164,True,400,3.7174,0.759,37,77.38,80.57,82.73,748.777,29.625,6,
575,1155,clickbench,sf10,cb_sf10,q0,1,False,3,4;4;4,4.0,4.0,12.555,14.927,True,500,3.4827,0.697,35,79.33,78.25,78.43,545.06,-7.485,6,
575,1155,clickbench_approx,sf10,cb_sf10,q4,1,False,3,5;6;6,5.0,5.667,12.761,12.921,True,334,2.6688,0.756,27,77.36,82.46,85.88,658.883,40.74,6,
575,1155,clickbench,sf20,cb_sf20,q0,1,False,3,4;4;4,4.0,4.0,10.254,10.628,True,250,1.5151,0.737,15,77.38,77.38,79.34,468.94,-0.025,6,
575,1155,clickbench_approx,sf20,cb_sf20,q4,1,False,3,14;7;7,7.0,9.333,15.02,17.199,True,286,3.2585,0.811,33,77.38,87.93,166.57,1001.79,120.187,6,
575,1575,tpch,sf1,tpch_sf1,q1,4,False,3,12;62;17,12.0,30.333,31.695,55.031,True,182,3.4723,0.821,35,103.83,111.3,116.32,2123.473,142.492,6,
575,1575,case_bench,sf1,tpch_sf1,q1,5,False,3,48;18;19,18.0,28.333,31.24,44.235,True,286,2.0692,0.694,20,103.57,105.83,104.94,765.689,16.327,6,
575,1575,tpch,sf5,tpch_sf5,q1,4,False,3,16;12;13,12.0,13.667,21.425,22.448,True,167,2.7311,0.836,27,103.72,140.6,145.3,2299.419,603.236,6,
575,1575,case_bench,sf5,tpch_sf5,q1,5,False,3,3;5;5,3.0,4.333,12.387,13.817,True,500,3.6723,0.743,37,103.84,102.84,105.45,755.284,-7.398,6,
575,1575,tpch,sf10,tpch_sf10,q1,4,False,3,20;17;17,17.0,18.0,26.545,29.405,True,125,2.4737,0.853,25,104.19,157.8,182.26,3122.808,1060.947,6,
575,1575,case_bench,sf10,tpch_sf10,q1,5,False,3,4;4;3,3.0,3.667,12.007,12.1,True,500,3.3594,0.742,33,104.24,106.06,105.28,712.61,12.257,6,
575,1575,tpch,sf20,tpch_sf20,q1,4,False,3,19;18;18,18.0,18.333,27.15,27.261,True,100,2.3925,0.878,24,104.22,196.11,358.49,4691.84,2198.315,6,
575,1575,case_bench,sf20,tpch_sf20,q1,5,False,3,4;4;3,3.0,3.667,11.328,12.583,True,500,3.4045,0.732,34,103.89,104.72,105.56,713.026,5.654,6,
575,1575,h2o,1gb,h2o_1gb,q1,100,False,3,9;8;8,8.0,8.333,16.189,18.117,True,334,3.2261,0.771,33,104.14,110.86,116.34,1070.826,64.931,6,
575,1575,h2o,2gb,h2o_2gb,q1,100,False,3,7;9;14,7.0,10.0,14.429,17.899,True,286,2.812,0.787,28,103.68,117.33,121.23,1153.58,134.222,6,
575,1575,h2o,4gb,h2o_4gb,q1,100,False,3,8;8;9,8.0,8.333,15.728,16.318,True,250,2.7786,0.802,28,103.65,129.04,133.61,1434.248,282.282,6,
575,1575,h2o,8gb,h2o_8gb,q1,100,False,3,11;11;13,11.0,11.667,19.495,23.556,True,200,2.8327,0.825,28,103.61,139.54,149.06,1976.32,508.84,6,
575,1575,clickbench,sf1,cb_sf1,q0,1,False,3,4;4;4,4.0,4.0,10.474,10.924,True,500,3.1091,0.715,31,103.59,107.17,104.83,666.422,22.29,6,
575,1575,clickbench_approx,sf1,cb_sf1,q4,1,False,3,4;5;4,4.0,4.333,12.39,15.409,True,334,2.3381,0.724,23,103.65,103.57,106.9,725.027,-0.579,6,
575,1575,clickbench,sf5,cb_sf5,q0,1,False,3,4;4;4,4.0,4.0,19.235,19.444,True,400,3.4334,0.532,35,103.64,103.08,104.47,884.798,-4.815,6,
575,1575,clickbench_approx,sf5,cb_sf5,q4,1,False,3,5;5;5,5.0,5.0,13.334,14.909,True,334,2.5295,0.744,26,103.65,107.81,113.06,816.5,31.551,6,
575,1575,clickbench,sf10,cb_sf10,q0,1,False,3,4;4;4,4.0,4.0,11.366,11.486,True,500,3.0824,0.72,31,103.64,104.93,104.73,646.834,7.904,6,
575,1575,clickbench_approx,sf10,cb_sf10,q4,1,False,3,6;5;5,5.0,5.333,12.905,16.26,True,334,3.5054,0.756,35,103.59,110.87,113.93,1163.614,76.472,6,
575,1575,clickbench,sf20,cb_sf20,q0,1,False,3,6;5;4,4.0,5.0,13.926,15.328,True,334,2.5104,0.686,25,103.61,104.09,105.32,782.317,3.577,6,
575,1575,clickbench_approx,sf20,cb_sf20,q4,1,False,3,7;6;6,6.0,6.333,15.027,15.698,True,334,3.2245,0.761,32,103.55,117.22,121.3,1131.68,131.94,6,
575,1980,tpch,sf1,tpch_sf1,q1,4,False,3,9;9;9,9.0,9.0,18.136,20.887,True,200,3.5441,0.685,35,117.27,127.42,135.22,2257.91,179.882,6,
575,1980,case_bench,sf1,tpch_sf1,q1,5,False,3,4;5;5,4.0,4.667,12.91,13.827,True,250,1.6539,0.685,16,117.41,121.56,118.74,804.196,27.494,6,
575,1980,tpch,sf5,tpch_sf5,q1,4,False,3,10;11;11,10.0,10.667,19.32,19.826,True,182,2.6553,0.811,26,117.44,164.41,174.43,2398.643,685.298,6,
575,1980,case_bench,sf5,tpch_sf5,q1,5,False,3,5;5;5,5.0,5.0,12.304,13.31,True,400,2.7228,0.711,27,117.34,117.16,118.53,797.533,-1.175,6,
575,1980,tpch,sf10,tpch_sf10,q1,4,False,3,12;13;13,12.0,12.667,20.433,21.234,True,69,1.3705,0.854,14,117.38,184.65,196.32,3667.522,1336.194,6,
575,1980,case_bench,sf10,tpch_sf10,q1,5,False,3,3;3;4,3.0,3.333,10.658,10.873,True,667,5.3577,0.614,54,117.06,118.56,235.35,952.336,12.061,6,
575,1980,tpch,sf20,tpch_sf20,q1,4,False,3,17;19;24,17.0,20.0,25.55,28.319,True,118,2.5701,0.867,25,117.05,234.05,262.22,5097.805,2548.439,6,
575,1980,case_bench,sf20,tpch_sf20,q1,5,False,3,7;5;6,5.0,6.0,12.547,15.406,True,400,2.7582,0.702,28,117.36,119.68,118.52,825.245,16.008,6,
575,1980,h2o,1gb,h2o_1gb,q1,100,False,3,7;6;6,6.0,6.333,12.793,13.156,True,250,2.3076,0.771,23,117.16,125.96,132.43,1162.68,81.302,6,
575,1980,h2o,2gb,h2o_2gb,q1,100,False,3,10;10;8,8.0,9.333,18.865,19.377,True,250,2.4773,0.781,25,116.72,134.32,258.79,1330.972,174.319,6,
575,1980,h2o,4gb,h2o_4gb,q1,100,False,3,9;11;7,7.0,9.0,15.472,18.347,True,250,3.2144,0.829,32,117.03,141.22,733.15,1815.76,311.081,6,
575,1980,h2o,8gb,h2o_8gb,q1,100,False,3,9;10;10,9.0,9.667,16.373,18.315,True,106,1.4885,0.816,15,116.93,161.87,166.67,2273.038,631.103,6,
575,1980,clickbench,sf1,cb_sf1,q0,1,False,3,5;9;4,4.0,6.0,11.033,13.967,True,500,3.5246,0.718,35,117.07,116.77,118.23,823.164,-2.058,6,
575,1980,clickbench_approx,sf1,cb_sf1,q4,1,False,3,5;5;10,5.0,6.667,12.495,14.859,True,400,3.0164,0.716,30,116.91,117.95,119.78,889.445,7.821,6,
575,1980,clickbench,sf5,cb_sf5,q0,1,False,3,4;4;4,4.0,4.0,11.387,11.803,True,500,3.3641,0.71,34,117.05,119.55,119.14,804.334,16.807,6,
575,1980,clickbench_approx,sf5,cb_sf5,q4,1,False,3,5;5;8,5.0,6.0,13.974,16.33,True,400,3.2519,0.744,32,117.54,125.01,126.62,1016.33,60.781,6,
575,1980,clickbench,sf10,cb_sf10,q0,1,False,3,6;6;4,4.0,5.333,13.043,14.342,True,400,2.6235,0.712,27,117.55,117.42,119.18,770.115,-0.839,6,
575,1980,clickbench_approx,sf10,cb_sf10,q4,1,False,3,6;5;5,5.0,5.333,12.822,13.826,True,334,2.6875,0.763,26,117.45,128.59,131.67,1034.662,89.616,6,
575,1980,clickbench,sf20,cb_sf20,q0,1,False,3,4;4;4,4.0,4.0,12.321,12.734,True,400,2.4911,0.731,25,117.5,119.45,120.5,743.873,12.149,6,
575,1980,clickbench_approx,sf20,cb_sf20,q4,1,False,3,6;6;6,6.0,6.0,12.564,13.922,True,334,2.8676,0.767,29,117.36,136.88,138.28,1175.237,167.633,6,
575,345,tpch,sf1,tpch_sf1,q1,4,False,3,11;15;11,11.0,12.333,19.794,22.489,True,182,2.915,0.828,29,70.33,78.9,78.12,1263.72,137.359,6,
575,345,case_bench,sf1,tpch_sf1,q1,5,False,3,5;5;5,5.0,5.0,13.335,15.719,True,400,3.0461,0.687,31,71.95,69.49,71.78,529.215,-18.687,6,
575,345,tpch,sf5,tpch_sf5,q1,4,False,3,21;27;22,21.0,23.333,31.656,33.278,True,91,2.2825,0.884,23,71.8,88.76,90.16,2226.22,425.426,6,
575,345,case_bench,sf5,tpch_sf5,q1,5,False,3,5;5;4,4.0,4.667,12.214,15.149,True,400,2.7869,0.737,28,70.13,70.84,71.15,493.538,4.965,6,
575,345,tpch,sf10,tpch_sf10,q1,4,False,3,34;33;33,33.0,33.333,42.394,43.06,True,48,1.8923,0.909,19,70.04,92.97,97.62,3665.188,904.26,6,
575,345,case_bench,sf10,tpch_sf10,q1,5,False,3,6;8;7,6.0,7.0,14.893,16.292,True,167,1.4036,0.647,14,70.07,70.3,70.77,590.88,1.994,6,
575,345,tpch,sf20,tpch_sf20,q1,4,False,3,53;59;56,53.0,56.0,65.037,67.6,True,38,2.2684,0.948,23,70.05,97.1,103.11,5796.395,1615.057,6,
575,345,case_bench,sf20,tpch_sf20,q1,5,False,3,5;8;5,5.0,6.0,11.885,14.477,True,250,1.7264,0.718,17,71.71,69.37,70.89,479.02,-16.172,6,
575,345,h2o,1gb,h2o_1gb,q1,100,False,3,8;9;9,8.0,8.667,18.346,19.0,True,223,2.674,0.803,26,70.07,76.27,76.85,914.498,74.253,6,
575,345,h2o,2gb,h2o_2gb,q1,100,False,3,10;10;10,10.0,10.0,17.813,18.182,True,200,2.7296,0.834,28,70.05,81.64,158.83,1114.27,158.28,6,
575,345,h2o,4gb,h2o_4gb,q1,100,False,3,14;14;14,14.0,14.0,23.108,24.26,True,134,2.1195,0.853,21,71.77,84.49,86.72,1336.313,201.113,6,
575,345,h2o,8gb,h2o_8gb,q1,100,False,3,18;23;19,18.0,20.0,27.062,30.844,True,112,2.423,0.892,24,70.03,95.32,97.53,2062.08,547.131,6,
575,345,clickbench,sf1,cb_sf1,q0,1,False,3,12;5;5,5.0,7.333,12.725,15.71,True,400,2.7213,0.724,27,70.07,69.79,70.78,474.803,-1.883,6,
575,345,clickbench_approx,sf1,cb_sf1,q4,1,False,3,6;7;6,6.0,6.333,15.17,16.722,True,400,3.1924,0.752,32,70.02,71.17,72.07,568.013,9.154,6,
575,345,clickbench,sf5,cb_sf5,q0,1,False,3,5;8;5,5.0,6.0,12.553,14.308,True,286,1.959,0.723,19,70.03,71.88,70.87,492.388,12.722,6,
575,345,clickbench_approx,sf5,cb_sf5,q4,1,False,3,6;6;13,6.0,8.333,13.78,18.084,True,334,2.8694,0.776,28,70.02,71.96,74.41,618.21,16.684,6,
575,345,clickbench,sf10,cb_sf10,q0,1,False,3,5;5;4,4.0,4.667,11.66,12.127,True,400,2.8381,0.744,29,70.02,72.02,140.56,511.028,14.186,6,
575,345,clickbench_approx,sf10,cb_sf10,q4,1,False,3,10;9;8,8.0,9.0,18.727,20.077,True,250,2.5368,0.775,26,70.03,74.51,77.25,756.104,45.508,6,
575,345,clickbench,sf20,cb_sf20,q0,1,False,3,4;5;5,4.0,4.667,11.88,14.752,True,400,2.8753,0.727,29,69.9,71.27,71.04,512.297,9.866,6,
575,345,clickbench_approx,sf20,cb_sf20,q4,1,False,3,13;11;9,9.0,11.0,19.529,21.395,True,223,2.5287,0.82,25,71.71,78.47,80.91,889.812,76.672,6,
575,750,tpch,sf1,tpch_sf1,q1,4,False,3,12;13;11,11.0,12.0,20.195,22.623,True,154,2.1025,0.8,21,72.25,79.55,82.09,1086.136,99.784,6,
575,750,case_bench,sf1,tpch_sf1,q1,5,False,3,7;11;5,5.0,7.667,13.414,16.027,True,400,2.7255,0.711,27,72.5,74.94,73.35,510.595,16.617,6,
575,750,tpch,sf5,tpch_sf5,q1,4,False,3,15;13;14,13.0,14.0,23.577,24.366,True,125,2.3505,0.85,24,72.5,93.41,100.46,1756.52,393.327,6,
575,750,case_bench,sf5,tpch_sf5,q1,5,False,3,5;4;5,4.0,4.667,12.45,12.753,True,400,3.0829,0.762,31,72.54,73.3,73.25,564.922,5.849,6,
575,750,tpch,sf10,tpch_sf10,q1,4,False,3,20;22;21,20.0,21.0,30.404,33.741,True,100,2.4605,0.884,25,72.58,109.2,110.07,2686.9,901.153,6,
575,750,case_bench,sf10,tpch_sf10,q1,5,False,3,4;8;4,4.0,5.333,11.77,14.592,True,400,2.8261,0.733,28,72.57,72.25,74.36,510.485,-2.271,6,
575,750,tpch,sf20,tpch_sf20,q1,4,False,3,30;33;34,30.0,32.333,39.306,42.452,True,65,2.46,0.913,25,72.5,114.83,123.05,4345.877,1602.192,6,
575,750,case_bench,sf20,tpch_sf20,q1,5,False,3,15;5;5,5.0,8.333,12.593,16.895,True,400,2.7768,0.725,28,72.55,73.55,73.55,510.55,6.877,6,
575,750,h2o,1gb,h2o_1gb,q1,100,False,3,8;7;8,7.0,7.667,15.901,18.49,True,250,2.6645,0.792,26,74.35,79.22,79.95,844.32,51.92,6,
575,750,h2o,2gb,h2o_2gb,q1,100,False,3,8;10;10,8.0,9.333,18.987,21.263,True,250,3.0537,0.798,31,72.58,80.92,84.99,988.476,101.919,6,
575,750,h2o,4gb,h2o_4gb,q1,100,False,3,10;10;10,10.0,10.0,17.028,19.514,True,182,2.4216,0.833,24,72.54,92.86,92.55,1235.56,270.381,6,
575,750,h2o,8gb,h2o_8gb,q1,100,False,3,14;14;14,14.0,14.0,21.845,24.348,True,134,2.2494,0.863,22,72.53,96.6,101.89,1621.642,404.199,6,
575,750,clickbench,sf1,cb_sf1,q0,1,False,3,13;5;5,5.0,7.667,13.029,16.202,True,334,2.6852,0.731,27,72.56,73.21,73.39,588.575,5.26,6,
575,750,clickbench_approx,sf1,cb_sf1,q4,1,False,3,5;5;5,5.0,5.0,12.977,13.845,True,400,3.11,0.744,31,72.52,75.83,74.93,589.563,25.742,6,
575,750,clickbench,sf5,cb_sf5,q0,1,False,3,7;4;5,4.0,5.333,11.931,14.47,True,400,2.7183,0.714,27,72.43,72.41,73.23,492.1,-0.138,6,
575,750,clickbench_approx,sf5,cb_sf5,q4,1,False,3,6;6;8,6.0,6.667,13.367,15.002,True,286,2.3749,0.752,23,72.46,77.09,77.2,640.14,38.447,6,
575,750,clickbench,sf10,cb_sf10,q0,1,False,3,5;4;4,4.0,4.333,11.191,11.524,True,400,2.7392,0.723,28,72.44,74.68,73.49,511.38,15.305,6,
575,750,clickbench_approx,sf10,cb_sf10,q4,1,False,3,8;8;10,8.0,8.667,18.243,21.286,True,182,2.3965,0.784,24,72.45,76.88,80.13,1012.275,58.238,6,
575,750,clickbench,sf20,cb_sf20,q0,1,False,3,13;5;4,4.0,7.333,12.562,17.696,True,400,3.1341,0.688,31,72.5,72.27,73.65,566.245,-1.8,6,
575,750,clickbench_approx,sf20,cb_sf20,q4,1,False,3,12;9;8,8.0,9.667,17.103,19.963,True,250,3.2997,0.846,33,72.55,80.83,444.61,1066.908,109.396,6,
700,1155,tpch,sf1,tpch_sf1,q1,4,False,3,12;11;11,11.0,11.333,19.41,22.451,True,167,2.3759,0.804,24,77.47,81.56,85.4,1160.323,58.21,6,
700,1155,case_bench,sf1,tpch_sf1,q1,5,False,3,6;5;5,5.0,5.333,13.119,13.825,True,334,2.5027,0.751,25,77.51,77.83,78.22,583.207,2.395,6,
700,1155,tpch,sf5,tpch_sf5,q1,4,False,3,14;13;24,13.0,17.0,21.946,25.929,True,143,2.5346,0.84,25,77.51,100.39,106.73,1779.329,405.566,6,
700,1155,case_bench,sf5,tpch_sf5,q1,5,False,3,4;3;4,3.0,3.667,10.195,10.942,True,667,4.318,0.68,43,77.49,77.67,78.48,502.837,1.187,6,
700,1155,tpch,sf10,tpch_sf10,q1,4,False,3,16;15;20,15.0,17.0,24.903,25.987,True,112,2.2049,0.855,22,77.53,118.84,124.67,2339.509,813.235,6,
700,1155,case_bench,sf10,tpch_sf10,q1,5,False,3,5;5;5,5.0,5.0,12.696,14.549,True,334,2.546,0.728,25,77.61,76.53,78.37,583.362,-8.229,6,
700,1155,tpch,sf20,tpch_sf20,q1,4,False,3,23;22;26,22.0,23.667,31.444,33.901,True,87,2.372,0.893,23,77.54,140.08,144.28,3819.011,1705.057,6,
700,1155,case_bench,sf20,tpch_sf20,q1,5,False,3,4;13;4,4.0,7.0,11.166,14.122,True,667,4.6941,0.716,47,77.61,78.04,79.08,549.235,3.03,6,
700,1155,h2o,1gb,h2o_1gb,q1,100,False,3,10;7;7,7.0,8.0,13.988,17.825,True,286,2.848,0.783,28,77.49,84.83,85.95,844.78,73.099,6,
700,1155,h2o,2gb,h2o_2gb,q1,100,False,3,8;7;7,7.0,7.333,13.984,16.977,True,286,3.1322,0.797,31,77.55,90.41,90.93,990.126,140.845,6,
700,1155,h2o,4gb,h2o_4gb,q1,100,False,3,9;8;13,8.0,10.0,15.182,17.965,True,250,2.7987,0.816,28,77.49,97.76,101.81,1094.428,226.905,6,
700,1155,h2o,8gb,h2o_8gb,q1,100,False,3,12;13;11,11.0,12.0,22.024,24.116,True,182,2.7296,0.832,27,77.52,104.44,110.6,1566.456,403.875,6,
700,1155,clickbench,sf1,cb_sf1,q0,1,False,3,4;4;4,4.0,4.0,11.569,12.683,True,400,2.5085,0.717,25,77.56,77.7,78.43,487.253,0.854,6,
700,1155,clickbench_approx,sf1,cb_sf1,q4,1,False,3,5;4;4,4.0,4.333,11.809,12.635,True,400,2.7627,0.712,28,77.57,79.97,80.6,552.343,16.614,6,
700,1155,clickbench,sf5,cb_sf5,q0,1,False,3,4;4;4,4.0,4.0,10.874,11.033,True,500,4.0896,0.604,41,77.59,78.15,78.67,639.204,4.62,6,
700,1155,clickbench_approx,sf5,cb_sf5,q4,1,False,3,5;10;5,5.0,6.667,13.252,15.751,True,400,3.3646,0.749,33,77.5,82.09,83.01,690.47,38.585,6,
700,1155,clickbench,sf10,cb_sf10,q0,1,False,3,5;13;5,5.0,7.667,14.107,17.472,True,500,3.4396,0.726,34,77.56,77.16,78.48,530.784,-2.752,6,
700,1155,clickbench_approx,sf10,cb_sf10,q4,1,False,3,15;5;5,5.0,8.333,12.554,15.833,True,334,3.4221,0.802,34,77.54,82.56,470.62,845.91,51.399,6,
700,1155,clickbench,sf20,cb_sf20,q0,1,False,3,4;4;4,4.0,4.0,11.19,11.481,True,334,2.7622,0.542,28,77.49,76.37,78.83,631.623,-9.198,6,
700,1155,clickbench_approx,sf20,cb_sf20,q4,1,False,3,7;7;9,7.0,7.667,15.574,16.52,True,286,2.9032,0.783,29,77.52,88.0,90.15,893.29,106.407,6,
700,1575,tpch,sf1,tpch_sf1,q1,4,False,3,9;10;9,9.0,9.333,16.242,16.705,True,223,2.986,0.803,30,103.12,113.03,217.42,1513.457,132.666,6,
700,1575,case_bench,sf1,tpch_sf1,q1,5,False,3,5;4;5,4.0,4.667,12.019,12.339,True,400,2.6843,0.687,27,103.33,104.48,104.82,701.143,7.689,6,
700,1575,tpch,sf5,tpch_sf5,q1,4,False,3,12;14;11,11.0,12.333,21.17,22.003,True,154,2.5831,0.834,25,103.1,135.5,268.98,2272.799,543.524,6,
700,1575,case_bench,sf5,tpch_sf5,q1,5,False,3,5;7;4,4.0,5.333,11.42,13.445,True,250,1.6585,0.693,17,102.95,99.96,104.11,663.128,-19.82,6,
700,1575,tpch,sf10,tpch_sf10,q1,4,False,3,19;14;14,14.0,15.667,21.721,24.723,True,143,2.7661,0.858,28,102.96,159.54,283.79,3086.042,1094.5,6,
700,1575,case_bench,sf10,tpch_sf10,q1,5,False,3,5;3;3,3.0,3.667,10.473,10.902,True,667,4.552,0.703,46,102.97,102.31,207.14,698.187,-4.508,6,
700,1575,tpch,sf20,tpch_sf20,q1,4,False,3,33;20;20,20.0,24.333,28.285,32.879,True,112,2.9699,0.889,30,102.88,182.51,201.28,4839.607,2111.429,6,
700,1575,case_bench,sf20,tpch_sf20,q1,5,False,3,4;3;4,3.0,3.667,10.997,11.099,True,667,4.6677,0.713,47,103.14,102.23,207.2,715.382,-6.411,6,
700,1575,h2o,1gb,h2o_1gb,q1,100,False,3,7;7;7,7.0,7.0,13.73,14.152,True,250,2.4141,0.782,24,103.13,109.32,113.5,1055.7,59.838,6,
700,1575,h2o,2gb,h2o_2gb,q1,100,False,3,8;7;7,7.0,7.333,13.919,17.703,True,200,2.1943,0.808,22,102.43,116.35,119.12,1276.565,152.772,6,
700,1575,h2o,4gb,h2o_4gb,q1,100,False,3,8;8;8,8.0,8.0,15.383,15.86,True,250,2.7084,0.799,27,104.59,127.42,135.45,1380.376,247.349,6,
700,1575,h2o,8gb,h2o_8gb,q1,100,False,3,12;10;10,10.0,10.667,20.424,21.372,True,200,2.701,0.819,27,103.11,142.68,151.36,1926.875,534.316,6,
700,1575,clickbench,sf1,cb_sf1,q0,1,False,3,9;4;4,4.0,5.667,11.528,14.998,True,500,3.6716,0.718,37,103.14,104.45,105.14,767.01,9.604,6,
700,1575,clickbench_approx,sf1,cb_sf1,q4,1,False,3,5;4;5,4.0,4.667,11.813,14.717,True,400,2.894,0.729,29,103.06,105.13,106.34,760.572,14.908,6,
700,1575,clickbench,sf5,cb_sf5,q0,1,False,3,5;5;4,4.0,4.667,12.332,13.673,True,286,2.024,0.711,20,102.81,107.48,104.06,760.594,33.034,6,
700,1575,clickbench_approx,sf5,cb_sf5,q4,1,False,3,7;7;6,6.0,6.667,16.85,19.415,True,334,3.1784,0.628,32,103.1,107.95,110.07,1027.281,46.163,6,
700,1575,clickbench,sf10,cb_sf10,q0,1,False,3,4;4;4,4.0,4.0,12.923,13.511,True,334,2.2792,0.698,23,103.06,105.16,105.17,717.596,14.338,6,
700,1575,clickbench_approx,sf10,cb_sf10,q4,1,False,3,5;5;6,5.0,5.333,13.543,14.62,True,200,1.688,0.732,17,103.42,113.23,114.33,955.695,82.83,6,
700,1575,clickbench,sf20,cb_sf20,q0,1,False,3,4;4;5,4.0,4.333,11.441,12.859,True,500,4.7385,0.729,48,103.57,103.43,105.7,980.182,-1.37,6,
700,1575,clickbench_approx,sf20,cb_sf20,q4,1,False,3,13;13;20,13.0,15.333,28.692,31.142,True,143,2.419,0.779,24,103.55,115.45,116.34,1953.007,201.358,6,
700,1980,tpch,sf1,tpch_sf1,q1,4,False,3,20;23;13,13.0,18.667,25.61,35.598,True,143,2.5246,0.808,25,116.94,124.57,131.47,2199.245,134.663,6,
700,1980,case_bench,sf1,tpch_sf1,q1,5,False,3,11;5;6,5.0,7.333,20.907,29.311,True,182,3.0778,0.734,31,117.49,118.74,122.36,2008.0,21.213,6,
700,1980,tpch,sf5,tpch_sf5,q1,4,False,3,13;13;17,13.0,14.333,22.207,24.206,True,154,2.7617,0.822,27,117.58,155.91,165.4,2795.935,687.334,6,
700,1980,case_bench,sf5,tpch_sf5,q1,5,False,3,6;5;6,5.0,5.667,14.449,16.117,True,250,2.0078,0.732,20,117.41,117.45,118.37,943.244,0.339,6,
700,1980,tpch,sf10,tpch_sf10,q1,4,False,3,12;12;16,12.0,13.333,18.531,21.32,True,154,2.4684,0.835,25,117.45,199.47,204.97,3197.097,1314.54,6,
700,1980,case_bench,sf10,tpch_sf10,q1,5,False,3,3;7;5,3.0,5.0,13.193,15.595,True,400,3.2995,0.639,33,117.55,118.1,118.58,974.145,4.502,6,
700,1980,tpch,sf20,tpch_sf20,q1,4,False,3,32;17;18,17.0,22.333,26.77,31.769,True,100,2.3497,0.891,24,117.41,234.33,256.95,5506.12,2747.231,6,
700,1980,case_bench,sf20,tpch_sf20,q1,5,False,3,5;5;5,5.0,5.0,12.144,12.711,True,500,3.1089,0.675,31,117.47,117.66,118.52,731.598,1.196,6,
700,1980,h2o,1gb,h2o_1gb,q1,100,False,3,7;7;7,7.0,7.0,14.387,15.023,True,223,2.0387,0.768,20,117.25,124.74,132.59,1140.359,68.507,6,
700,1980,h2o,2gb,h2o_2gb,q1,100,False,3,7;14;7,7.0,9.333,14.3,19.349,True,250,2.5423,0.784,25,117.16,135.91,137.36,1382.112,190.697,6,
700,1980,h2o,4gb,h2o_4gb,q1,100,False,3,10;9;10,9.0,9.667,19.51,22.053,True,143,4.7658,0.829,47,117.45,125.16,143.55,4171.238,257.088,6,
700,1980,h2o,8gb,h2o_8gb,q1,100,False,3,9;11;9,9.0,9.667,16.659,17.864,True,223,4.7812,0.818,48,120.54,147.14,283.47,3154.776,570.438,6,
700,1980,clickbench,sf1,cb_sf1,q0,1,False,3,4;5;5,4.0,4.667,13.044,13.548,True,400,3.6334,0.719,37,117.25,120.07,119.58,1090.64,25.643,6,
700,1980,clickbench_approx,sf1,cb_sf1,q4,1,False,3,5;5;5,5.0,5.0,13.044,13.834,True,400,4.1181,0.738,41,117.34,118.21,121.04,1216.975,8.952,6,
700,1980,clickbench,sf5,cb_sf5,q0,1,False,3,4;14;4,4.0,7.333,10.767,14.08,True,500,3.122,0.741,31,117.28,117.2,118.66,731.808,-0.495,6,
700,1980,clickbench_approx,sf5,cb_sf5,q4,1,False,3,5;5;5,5.0,5.0,14.087,19.456,True,400,2.8952,0.739,29,117.25,123.85,126.89,896.38,47.763,6,
700,1980,clickbench,sf10,cb_sf10,q0,1,False,3,4;4;4,4.0,4.0,11.748,12.545,True,400,2.4979,0.723,25,117.2,118.8,119.81,741.895,10.031,6,
700,1980,clickbench_approx,sf10,cb_sf10,q4,1,False,3,5;5;5,5.0,5.0,12.542,12.843,True,334,2.5422,0.728,26,117.62,126.82,130.92,965.305,70.007,6,
700,1980,clickbench,sf20,cb_sf20,q0,1,False,3,4;4;5,4.0,4.333,11.762,12.801,True,334,2.4034,0.625,24,117.56,118.68,121.03,853.973,8.039,6,
700,1980,clickbench_approx,sf20,cb_sf20,q4,1,False,3,9;13;10,9.0,10.667,18.811,22.378,True,182,2.0108,0.772,20,117.4,137.35,138.47,1517.511,220.423,6,
700,345,tpch,sf1,tpch_sf1,q1,4,False,3,12;11;16,11.0,13.0,19.877,21.832,True,143,2.4283,0.832,24,72.2,75.71,152.51,1285.608,59.628,6,
700,345,case_bench,sf1,tpch_sf1,q1,5,False,3,7;5;5,5.0,5.667,12.471,14.81,True,134,1.0534,0.756,11,70.36,73.78,70.99,579.993,26.892,6,
700,345,tpch,sf5,tpch_sf5,q1,4,False,3,24;24;24,24.0,24.0,35.123,37.195,True,63,1.7252,0.872,17,70.16,90.41,88.45,2475.841,554.509,6,
700,345,case_bench,sf5,tpch_sf5,q1,5,False,3,6;5;5,5.0,5.333,13.107,15.826,True,334,2.6671,0.749,26,70.31,71.5,71.04,570.988,9.578,6,
700,345,tpch,sf10,tpch_sf10,q1,4,False,3,35;34;37,34.0,35.333,46.276,47.413,True,59,2.2896,0.907,23,71.85,93.97,96.6,3646.847,858.698,6,
700,345,case_bench,sf10,tpch_sf10,q1,5,False,3,7;5;6,5.0,6.0,16.17,18.915,True,75,0.8284,0.643,9,70.23,76.57,70.8,845.733,70.019,6,
700,345,tpch,sf20,tpch_sf20,q1,4,False,3,58;56;55,55.0,56.333,76.406,78.931,True,36,2.1809,0.94,22,71.87,100.93,104.16,6114.25,1760.432,6,
700,345,case_bench,sf20,tpch_sf20,q1,5,False,3,4;4;5,4.0,4.333,12.354,15.914,True,500,3.9865,0.745,40,70.31,70.92,493.39,565.48,4.863,6,
700,345,h2o,1gb,h2o_1gb,q1,100,False,3,10;8;7,7.0,8.333,14.968,17.203,True,250,2.6231,0.802,26,70.29,76.16,78.38,799.052,61.553,6,
700,345,h2o,2gb,h2o_2gb,q1,100,False,3,9;9;9,9.0,9.0,17.234,17.403,True,154,1.9062,0.823,19,70.37,84.52,82.6,1046.117,175.104,6,
700,345,h2o,4gb,h2o_4gb,q1,100,False,3,13;13;13,13.0,13.0,21.863,22.498,True,134,2.3641,0.855,24,70.26,85.34,88.3,1505.619,266.119,6,
700,345,h2o,8gb,h2o_8gb,q1,100,False,3,18;17;27,17.0,20.667,26.009,29.642,True,112,2.5416,0.887,25,70.2,93.31,94.76,2117.357,524.231,6,
700,345,clickbench,sf1,cb_sf1,q0,1,False,3,4;4;4,4.0,4.0,11.933,14.644,True,500,3.329,0.712,34,70.23,69.89,70.84,465.328,-2.228,6,
700,345,clickbench_approx,sf1,cb_sf1,q4,1,False,3,5;5;5,5.0,5.0,12.569,13.348,True,400,3.8921,0.608,38,70.17,71.24,71.89,693.158,10.361,6,
700,345,clickbench,sf5,cb_sf5,q0,1,False,3,5;4;4,4.0,4.333,11.918,12.479,True,500,4.1048,0.63,41,70.18,70.4,71.06,577.93,1.747,6,
700,345,clickbench_approx,sf5,cb_sf5,q4,1,False,3,7;8;6,6.0,7.0,16.385,18.543,True,334,3.5529,0.645,35,70.19,72.13,74.28,767.314,20.705,6,
700,345,clickbench,sf10,cb_sf10,q0,1,False,3,10;4;4,4.0,6.0,12.329,14.904,True,400,3.3184,0.763,33,70.16,72.33,421.02,600.04,17.996,6,
700,345,clickbench_approx,sf10,cb_sf10,q4,1,False,3,6;7;8,6.0,7.0,16.505,17.654,True,286,2.67,0.782,26,70.17,74.5,77.36,695.465,40.357,6,
700,345,clickbench,sf20,cb_sf20,q0,1,False,3,4;4;4,4.0,4.0,10.838,11.089,True,500,3.683,0.712,37,70.15,71.13,71.43,523.936,7.218,6,
700,345,clickbench_approx,sf20,cb_sf20,q4,1,False,3,9;9;11,9.0,9.667,19.8,23.024,True,167,1.9789,0.8,19,70.23,79.92,81.32,947.048,114.835,6,
700,750,tpch,sf1,tpch_sf1,q1,4,False,3,9;9;9,9.0,9.0,17.107,19.136,True,200,2.8638,0.808,29,72.6,77.5,154.16,1109.695,70.109,6,
700,750,case_bench,sf1,tpch_sf1,q1,5,False,3,5;5;4,4.0,4.667,11.283,11.695,True,400,2.7822,0.716,27,72.64,73.56,74.3,511.685,6.404,6,
700,750,tpch,sf5,tpch_sf5,q1,4,False,3,20;15;15,15.0,16.667,23.544,26.326,True,134,2.4902,0.848,25,72.62,95.54,102.18,1775.5,425.99,6,
700,750,case_bench,sf5,tpch_sf5,q1,5,False,3,5;5;4,4.0,4.667,10.894,11.857,True,118,1.0656,0.786,11,72.69,75.27,73.23,679.788,23.378,6,
700,750,tpch,sf10,tpch_sf10,q1,4,False,3,23;20;25,20.0,22.667,29.974,32.431,True,106,2.5707,0.882,25,72.63,108.4,113.8,2628.849,867.462,6,
700,750,case_bench,sf10,tpch_sf10,q1,5,False,3,7;6;5,5.0,6.0,13.603,14.95,True,250,1.7024,0.715,17,72.74,73.0,73.75,497.144,1.818,6,
700,750,tpch,sf20,tpch_sf20,q1,4,False,3,30;42;34,30.0,35.333,42.466,47.311,True,65,2.4713,0.921,25,72.7,118.56,123.76,4507.877,1743.662,6,
700,750,case_bench,sf20,tpch_sf20,q1,5,False,3,5;5;4,4.0,4.667,12.119,14.49,True,400,2.8809,0.722,29,72.64,71.01,146.34,511.463,-11.682,6,
700,750,h2o,1gb,h2o_1gb,q1,100,False,3,15;8;7,7.0,10.0,14.642,18.054,True,286,2.7372,0.799,27,72.65,78.12,80.41,747.654,52.362,6,
700,750,h2o,2gb,h2o_2gb,q1,100,False,3,8;8;9,8.0,8.333,14.834,16.25,True,250,2.8113,0.82,28,72.68,82.58,85.26,928.66,111.369,6,
700,750,h2o,4gb,h2o_4gb,q1,100,False,3,13;9;12,9.0,11.333,19.483,21.518,True,143,1.9376,0.825,20,72.67,88.26,92.05,1195.986,211.323,6,
700,750,h2o,8gb,h2o_8gb,q1,100,False,3,13;12;14,12.0,13.0,21.48,22.106,True,118,2.0431,0.873,20,72.68,96.47,104.84,1670.39,411.989,6,
700,750,clickbench,sf1,cb_sf1,q0,1,False,3,5;10;4,4.0,6.333,11.951,16.494,True,500,3.3158,0.717,33,72.6,72.71,74.03,482.148,0.699,6,
700,750,clickbench_approx,sf1,cb_sf1,q4,1,False,3,5;6;5,5.0,5.333,15.455,16.616,True,400,3.5106,0.739,35,72.75,75.79,75.09,665.213,26.738,6,
700,750,clickbench,sf5,cb_sf5,q0,1,False,3,6;5;6,5.0,5.667,15.91,18.219,True,500,3.1958,0.727,32,72.73,73.2,73.93,467.844,3.0,6,
700,750,clickbench_approx,sf5,cb_sf5,q4,1,False,3,14;9;6,6.0,9.667,15.326,19.775,True,286,2.5785,0.757,26,72.76,76.96,80.58,693.815,37.839,6,
700,750,clickbench,sf10,cb_sf10,q0,1,False,3,4;4;4,4.0,4.0,10.429,12.965,True,400,2.9118,0.728,29,72.76,72.89,145.89,530.625,0.976,6,
700,750,clickbench_approx,sf10,cb_sf10,q4,1,False,3,11;6;9,6.0,8.667,14.61,18.656,True,334,3.4278,0.79,34,72.64,80.02,79.99,821.228,75.738,6,
700,750,clickbench,sf20,cb_sf20,q0,1,False,3,4;7;7,4.0,6.0,15.421,17.618,True,18,0.1312,0.717,1,72.7,56.05,73.57,408.5,-121.328,6,
700,750,clickbench_approx,sf20,cb_sf20,q4,1,False,3,8;8;8,8.0,8.0,15.789,16.032,True,125,1.4169,0.823,14,72.65,81.24,163.81,920.84,97.328,6,
