pl_w,sm_mhz,suite,sf,db,mode,cold,query,reps,min_ms,mean_ms,median_ms,p95_ms,max_ms,cv_pct,n_rows,count_wrapped,wall_min_ms,wall_mean_ms,gpu_checked,error
200,1155,tpch,sf1,tpch_sf1,gpu,True,q1,3,39.0,52.667,41.0,41.0,78.0,34.05,4,False,53.038,68.439,6,
200,1155,case_bench,sf1,tpch_sf1,gpu,True,q1,3,8.0,15.667,13.0,13.0,26.0,48.42,5,False,20.893,27.589,6,
200,1155,tpch,sf5,tpch_sf5,gpu,True,q1,3,80.0,86.0,81.0,81.0,97.0,9.06,4,False,91.255,99.227,6,
200,1155,case_bench,sf5,tpch_sf5,gpu,True,q1,3,9.0,9.0,9.0,9.0,9.0,0.0,5,False,18.167,18.213,6,
200,1155,tpch,sf10,tpch_sf10,gpu,True,q1,3,141.0,142.667,141.0,141.0,146.0,1.65,4,False,153.749,155.259,6,
200,1155,case_bench,sf10,tpch_sf10,gpu,True,q1,3,7.0,7.667,8.0,8.0,8.0,6.15,5,False,17.083,19.034,6,
200,1155,tpch,sf20,tpch_sf20,gpu,True,q1,3,279.0,289.333,294.0,294.0,295.0,2.53,4,False,290.891,301.109,6,
200,1155,case_bench,sf20,tpch_sf20,gpu,True,q1,3,8.0,10.0,8.0,8.0,14.0,28.28,5,False,18.756,21.219,6,
200,1155,h2o,1gb,h2o_1gb,gpu,True,q1,3,25.0,27.333,26.0,26.0,31.0,9.6,100,False,35.925,38.209,6,
200,1155,h2o,2gb,h2o_2gb,gpu,True,q1,3,40.0,43.333,44.0,44.0,46.0,5.76,100,False,50.729,53.961,6,
200,1155,h2o,4gb,h2o_4gb,gpu,True,q1,3,66.0,68.667,68.0,68.0,72.0,3.63,100,False,76.969,79.751,6,
200,1155,h2o,8gb,h2o_8gb,gpu,True,q1,3,115.0,118.333,116.0,116.0,124.0,3.4,100,False,127.204,129.913,6,
200,1155,clickbench,sf1,cb_sf1,gpu,True,q0,3,8.0,9.667,9.0,9.0,12.0,17.58,1,False,18.315,19.449,6,
200,1155,clickbench_approx,sf1,cb_sf1,gpu,True,q4,3,11.0,11.0,11.0,11.0,11.0,0.0,1,False,20.079,20.292,6,
200,1155,clickbench,sf5,cb_sf5,gpu,True,q0,3,8.0,8.667,9.0,9.0,9.0,5.44,1,False,17.94,18.561,6,
200,1155,clickbench_approx,sf5,cb_sf5,gpu,True,q4,3,15.0,15.667,16.0,16.0,16.0,3.01,1,False,24.882,25.825,6,
200,1155,clickbench,sf10,cb_sf10,gpu,True,q0,3,9.0,9.333,9.0,9.0,10.0,5.05,1,False,18.88,22.928,6,
200,1155,clickbench_approx,sf10,cb_sf10,gpu,True,q4,3,18.0,18.333,18.0,18.0,19.0,2.57,1,False,28.652,29.743,6,
200,1155,clickbench,sf20,cb_sf20,gpu,True,q0,3,8.0,8.667,9.0,9.0,9.0,5.44,1,False,17.571,18.439,6,
200,1155,clickbench_approx,sf20,cb_sf20,gpu,True,q4,3,23.0,23.333,23.0,23.0,24.0,2.02,1,False,33.643,33.905,6,
200,1575,tpch,sf1,tpch_sf1,gpu,True,q1,3,37.0,38.667,39.0,39.0,40.0,3.23,4,False,48.32,51.608,6,
200,1575,case_bench,sf1,tpch_sf1,gpu,True,q1,3,7.0,14.0,9.0,9.0,26.0,60.89,5,False,16.87,24.046,6,
200,1575,tpch,sf5,tpch_sf5,gpu,True,q1,3,79.0,79.333,79.0,79.0,80.0,0.59,4,False,91.497,91.902,6,
200,1575,case_bench,sf5,tpch_sf5,gpu,True,q1,3,8.0,8.0,8.0,8.0,8.0,0.0,5,False,17.111,17.467,6,
200,1575,tpch,sf10,tpch_sf10,gpu,True,q1,3,140.0,141.333,141.0,141.0,143.0,0.88,4,False,151.414,152.794,6,
200,1575,case_bench,sf10,tpch_sf10,gpu,True,q1,3,9.0,9.0,9.0,9.0,9.0,0.0,5,False,18.577,19.146,6,
200,1575,tpch,sf20,tpch_sf20,gpu,True,q1,3,289.0,295.0,292.0,292.0,304.0,2.2,4,False,301.069,307.885,6,
200,1575,case_bench,sf20,tpch_sf20,gpu,True,q1,3,9.0,9.667,10.0,10.0,10.0,4.88,5,False,18.837,19.668,6,
200,1575,h2o,1gb,h2o_1gb,gpu,True,q1,3,27.0,50.667,28.0,28.0,97.0,64.67,100,False,38.185,61.886,6,
200,1575,h2o,2gb,h2o_2gb,gpu,True,q1,3,42.0,49.333,50.0,50.0,56.0,11.62,100,False,54.222,62.718,6,
200,1575,h2o,4gb,h2o_4gb,gpu,True,q1,3,73.0,76.667,78.0,78.0,79.0,3.42,100,False,84.318,88.513,6,
200,1575,h2o,8gb,h2o_8gb,gpu,True,q1,3,123.0,126.333,125.0,125.0,131.0,2.69,100,False,135.503,139.125,6,
200,1575,clickbench,sf1,cb_sf1,gpu,True,q0,3,9.0,10.0,10.0,10.0,11.0,8.16,1,False,18.49,20.54,6,
200,1575,clickbench_approx,sf1,cb_sf1,gpu,True,q4,3,10.0,10.333,10.0,10.0,11.0,4.56,1,False,20.279,22.49,6,
200,1575,clickbench,sf5,cb_sf5,gpu,True,q0,3,8.0,9.333,9.0,9.0,11.0,13.36,1,False,17.82,20.374,6,
200,1575,clickbench_approx,sf5,cb_sf5,gpu,True,q4,3,16.0,17.0,16.0,16.0,19.0,8.32,1,False,25.71,27.174,6,
200,1575,clickbench,sf10,cb_sf10,gpu,True,q0,3,9.0,9.0,9.0,9.0,9.0,0.0,1,False,19.057,19.456,6,
200,1575,clickbench_approx,sf10,cb_sf10,gpu,True,q4,3,18.0,18.667,18.0,18.0,20.0,5.05,1,False,28.614,30.57,6,
200,1575,clickbench,sf20,cb_sf20,gpu,True,q0,3,8.0,8.0,8.0,8.0,8.0,0.0,1,False,17.249,17.993,6,
200,1575,clickbench_approx,sf20,cb_sf20,gpu,True,q4,3,25.0,25.0,25.0,25.0,25.0,0.0,1,False,36.244,36.742,6,
200,1980,tpch,sf1,tpch_sf1,gpu,True,q1,3,44.0,46.0,45.0,45.0,49.0,4.7,4,False,57.055,59.831,6,
200,1980,case_bench,sf1,tpch_sf1,gpu,True,q1,3,11.0,11.667,12.0,12.0,12.0,4.04,5,False,20.976,21.656,6,
200,1980,tpch,sf5,tpch_sf5,gpu,True,q1,3,85.0,90.0,88.0,88.0,97.0,5.67,4,False,96.811,102.689,6,
200,1980,case_bench,sf5,tpch_sf5,gpu,True,q1,3,8.0,8.667,9.0,9.0,9.0,5.44,5,False,17.338,17.861,6,
200,1980,tpch,sf10,tpch_sf10,gpu,True,q1,3,159.0,166.0,161.0,161.0,178.0,5.14,4,False,173.273,179.832,6,
200,1980,case_bench,sf10,tpch_sf10,gpu,True,q1,3,8.0,8.667,9.0,9.0,9.0,5.44,5,False,17.64,18.993,6,
200,1980,tpch,sf20,tpch_sf20,gpu,True,q1,3,297.0,303.333,306.0,306.0,307.0,1.48,4,False,310.506,316.048,6,
200,1980,case_bench,sf20,tpch_sf20,gpu,True,q1,3,8.0,10.0,10.0,10.0,12.0,16.33,5,False,19.317,22.294,6,
200,1980,h2o,1gb,h2o_1gb,gpu,True,q1,3,26.0,26.667,26.0,26.0,28.0,3.54,100,False,37.242,37.866,6,
200,1980,h2o,2gb,h2o_2gb,gpu,True,q1,3,40.0,41.667,41.0,41.0,44.0,4.08,100,False,52.47,53.764,6,
200,1980,h2o,4gb,h2o_4gb,gpu,True,q1,3,73.0,74.333,74.0,74.0,76.0,1.68,100,False,85.28,86.661,6,
200,1980,h2o,8gb,h2o_8gb,gpu,True,q1,3,124.0,134.0,135.0,135.0,143.0,5.81,100,False,136.065,146.604,6,
200,1980,clickbench,sf1,cb_sf1,gpu,True,q0,3,8.0,8.667,8.0,8.0,10.0,10.88,1,False,17.804,19.626,6,
200,1980,clickbench_approx,sf1,cb_sf1,gpu,True,q4,3,11.0,13.0,13.0,13.0,15.0,12.56,1,False,19.787,22.985,6,
200,1980,clickbench,sf5,cb_sf5,gpu,True,q0,3,9.0,10.333,10.0,10.0,12.0,12.07,1,False,19.117,21.507,6,
200,1980,clickbench_approx,sf5,cb_sf5,gpu,True,q4,3,16.0,22.667,17.0,17.0,35.0,38.52,1,False,26.492,33.67,6,
200,1980,clickbench,sf10,cb_sf10,gpu,True,q0,3,8.0,9.333,9.0,9.0,11.0,13.36,1,False,17.818,19.102,6,
200,1980,clickbench_approx,sf10,cb_sf10,gpu,True,q4,3,18.0,20.0,18.0,18.0,24.0,14.14,1,False,28.836,31.086,6,
200,1980,clickbench,sf20,cb_sf20,gpu,True,q0,3,8.0,8.667,8.0,8.0,10.0,10.88,1,False,18.089,19.076,6,
200,1980,clickbench_approx,sf20,cb_sf20,gpu,True,q4,3,25.0,27.667,29.0,29.0,29.0,6.82,1,False,36.235,40.506,6,
200,345,tpch,sf1,tpch_sf1,gpu,True,q1,3,44.0,61.333,46.0,46.0,94.0,37.68,4,False,72.551,96.388,6,
200,345,case_bench,sf1,tpch_sf1,gpu,True,q1,3,8.0,8.0,8.0,8.0,8.0,0.0,5,False,18.105,18.461,6,
200,345,tpch,sf5,tpch_sf5,gpu,True,q1,3,99.0,101.667,100.0,100.0,106.0,3.04,4,False,110.525,113.87,6,
200,345,case_bench,sf5,tpch_sf5,gpu,True,q1,3,8.0,8.333,8.0,8.0,9.0,5.66,5,False,17.387,18.056,6,
200,345,tpch,sf10,tpch_sf10,gpu,True,q1,3,180.0,186.667,185.0,185.0,195.0,3.34,4,False,192.414,198.148,6,
200,345,case_bench,sf10,tpch_sf10,gpu,True,q1,3,8.0,8.667,9.0,9.0,9.0,5.44,5,False,18.561,20.279,6,
200,345,tpch,sf20,tpch_sf20,gpu,True,q1,3,348.0,363.667,371.0,371.0,372.0,3.05,4,False,359.89,377.004,6,
200,345,case_bench,sf20,tpch_sf20,gpu,True,q1,3,8.0,9.0,9.0,9.0,10.0,9.07,5,False,17.871,19.285,6,
200,345,h2o,1gb,h2o_1gb,gpu,True,q1,3,29.0,29.333,29.0,29.0,30.0,1.61,100,False,39.159,40.484,6,
200,345,h2o,2gb,h2o_2gb,gpu,True,q1,3,45.0,48.0,47.0,47.0,52.0,6.13,100,False,55.25,58.656,6,
200,345,h2o,4gb,h2o_4gb,gpu,True,q1,3,75.0,82.667,76.0,76.0,97.0,12.27,100,False,86.903,95.509,6,
200,345,h2o,8gb,h2o_8gb,gpu,True,q1,3,134.0,135.0,135.0,135.0,136.0,0.6,100,False,145.724,146.537,6,
200,345,clickbench,sf1,cb_sf1,gpu,True,q0,3,8.0,25.667,33.0,33.0,36.0,48.9,1,False,18.141,36.583,6,
200,345,clickbench_approx,sf1,cb_sf1,gpu,True,q4,3,10.0,10.667,11.0,11.0,11.0,4.42,1,False,20.595,22.125,6,
200,345,clickbench,sf5,cb_sf5,gpu,True,q0,3,8.0,8.667,9.0,9.0,9.0,5.44,1,False,18.782,19.365,6,
200,345,clickbench_approx,sf5,cb_sf5,gpu,True,q4,3,16.0,16.333,16.0,16.0,17.0,2.89,1,False,26.307,27.939,6,
200,345,clickbench,sf10,cb_sf10,gpu,True,q0,3,8.0,8.667,9.0,9.0,9.0,5.44,1,False,18.369,18.776,6,
200,345,clickbench_approx,sf10,cb_sf10,gpu,True,q4,3,19.0,41.333,22.0,22.0,83.0,71.34,1,False,29.58,52.285,6,
200,345,clickbench,sf20,cb_sf20,gpu,True,q0,3,8.0,8.667,9.0,9.0,9.0,5.44,1,False,17.903,19.17,6,
200,345,clickbench_approx,sf20,cb_sf20,gpu,True,q4,3,27.0,28.333,27.0,27.0,31.0,6.66,1,False,37.095,38.802,6,
200,750,tpch,sf1,tpch_sf1,gpu,True,q1,3,39.0,40.667,40.0,40.0,43.0,4.18,4,False,51.96,59.529,6,
200,750,case_bench,sf1,tpch_sf1,gpu,True,q1,3,8.0,8.333,8.0,8.0,9.0,5.66,5,False,18.093,18.175,6,
200,750,tpch,sf5,tpch_sf5,gpu,True,q1,3,93.0,95.333,93.0,93.0,100.0,3.46,4,False,104.98,107.552,6,
200,750,case_bench,sf5,tpch_sf5,gpu,True,q1,3,8.0,8.333,8.0,8.0,9.0,5.66,5,False,17.745,18.106,6,
200,750,tpch,sf10,tpch_sf10,gpu,True,q1,3,172.0,173.667,172.0,172.0,177.0,1.36,4,False,184.09,191.791,6,
200,750,case_bench,sf10,tpch_sf10,gpu,True,q1,3,8.0,8.0,8.0,8.0,8.0,0.0,5,False,18.455,18.86,6,
200,750,tpch,sf20,tpch_sf20,gpu,True,q1,3,332.0,336.333,336.0,336.0,341.0,1.09,4,False,343.83,348.379,6,
200,750,case_bench,sf20,tpch_sf20,gpu,True,q1,3,8.0,8.667,8.0,8.0,10.0,10.88,5,False,17.658,18.491,6,
200,750,h2o,1gb,h2o_1gb,gpu,True,q1,3,28.0,30.667,31.0,31.0,33.0,6.7,100,False,38.212,40.879,6,
200,750,h2o,2gb,h2o_2gb,gpu,True,q1,3,43.0,43.333,43.0,43.0,44.0,1.09,100,False,53.095,54.022,6,
200,750,h2o,4gb,h2o_4gb,gpu,True,q1,3,73.0,77.333,76.0,76.0,83.0,5.42,100,False,84.3,88.141,6,
200,750,h2o,8gb,h2o_8gb,gpu,True,q1,3,131.0,135.333,135.0,135.0,140.0,2.72,100,False,142.1,147.229,6,
200,750,clickbench,sf1,cb_sf1,gpu,True,q0,3,9.0,9.0,9.0,9.0,9.0,0.0,1,False,17.929,18.508,6,
200,750,clickbench_approx,sf1,cb_sf1,gpu,True,q4,3,10.0,10.667,11.0,11.0,11.0,4.42,1,False,19.311,20.481,6,
200,750,clickbench,sf5,cb_sf5,gpu,True,q0,3,8.0,8.333,8.0,8.0,9.0,5.66,1,False,17.873,19.746,6,
200,750,clickbench_approx,sf5,cb_sf5,gpu,True,q4,3,16.0,16.0,16.0,16.0,16.0,0.0,1,False,26.123,26.636,6,
200,750,clickbench,sf10,cb_sf10,gpu,True,q0,3,8.0,8.333,8.0,8.0,9.0,5.66,1,False,17.436,17.93,6,
200,750,clickbench_approx,sf10,cb_sf10,gpu,True,q4,3,20.0,21.667,22.0,22.0,23.0,5.76,1,False,30.715,32.857,6,
200,750,clickbench,sf20,cb_sf20,gpu,True,q0,3,9.0,9.0,9.0,9.0,9.0,0.0,1,False,18.259,18.571,6,
200,750,clickbench_approx,sf20,cb_sf20,gpu,True,q4,3,28.0,28.333,28.0,28.0,29.0,1.66,1,False,38.515,39.485,6,
325,1155,tpch,sf1,tpch_sf1,gpu,True,q1,3,40.0,56.0,47.0,47.0,81.0,31.98,4,False,53.421,70.1,6,
325,1155,case_bench,sf1,tpch_sf1,gpu,True,q1,3,14.0,22.667,26.0,26.0,28.0,27.28,5,False,27.52,36.569,6,
325,1155,tpch,sf5,tpch_sf5,gpu,True,q1,3,88.0,96.0,95.0,95.0,105.0,7.27,4,False,100.941,108.347,6,
325,1155,case_bench,sf5,tpch_sf5,gpu,True,q1,3,8.0,9.0,9.0,9.0,10.0,9.07,5,False,22.39,59.198,6,
325,1155,tpch,sf10,tpch_sf10,gpu,True,q1,3,179.0,183.333,180.0,180.0,191.0,2.97,4,False,192.381,204.585,6,
325,1155,case_bench,sf10,tpch_sf10,gpu,True,q1,3,9.0,9.0,9.0,9.0,9.0,0.0,5,False,18.106,22.946,6,
325,1155,tpch,sf20,tpch_sf20,gpu,True,q1,3,314.0,326.0,329.0,329.0,335.0,2.71,4,False,325.62,338.319,6,
325,1155,case_bench,sf20,tpch_sf20,gpu,True,q1,3,9.0,9.667,10.0,10.0,10.0,4.88,5,False,17.998,22.504,6,
325,1155,h2o,1gb,h2o_1gb,gpu,True,q1,3,26.0,26.333,26.0,26.0,27.0,1.79,100,False,36.818,37.022,6,
325,1155,h2o,2gb,h2o_2gb,gpu,True,q1,3,45.0,55.0,56.0,56.0,64.0,14.16,100,False,60.734,68.242,6,
325,1155,h2o,4gb,h2o_4gb,gpu,True,q1,3,71.0,93.667,85.0,85.0,125.0,24.43,100,False,82.627,105.06,6,
325,1155,h2o,8gb,h2o_8gb,gpu,True,q1,3,150.0,188.0,172.0,172.0,242.0,20.86,100,False,162.125,201.467,6,
325,1155,clickbench,sf1,cb_sf1,gpu,True,q0,3,8.0,8.0,8.0,8.0,8.0,0.0,1,False,17.685,18.308,6,
325,1155,clickbench_approx,sf1,cb_sf1,gpu,True,q4,3,11.0,105.333,15.0,15.0,290.0,123.98,1,False,21.725,116.61,6,
325,1155,clickbench,sf5,cb_sf5,gpu,True,q0,3,8.0,8.667,9.0,9.0,9.0,5.44,1,False,18.995,20.061,6,
325,1155,clickbench_approx,sf5,cb_sf5,gpu,True,q4,3,16.0,24.333,16.0,16.0,41.0,48.43,1,False,26.553,34.863,6,
325,1155,clickbench,sf10,cb_sf10,gpu,True,q0,3,7.0,12.333,8.0,8.0,22.0,55.52,1,False,17.548,32.926,6,
325,1155,clickbench_approx,sf10,cb_sf10,gpu,True,q4,3,18.0,21.0,21.0,21.0,24.0,11.66,1,False,27.34,31.257,6,
325,1155,clickbench,sf20,cb_sf20,gpu,True,q0,3,8.0,8.333,8.0,8.0,9.0,5.66,1,False,17.932,19.884,6,
325,1155,clickbench_approx,sf20,cb_sf20,gpu,True,q4,3,27.0,46.667,31.0,31.0,82.0,53.65,1,False,38.893,57.445,6,
325,1575,tpch,sf1,tpch_sf1,gpu,True,q1,3,40.0,41.333,42.0,42.0,42.0,2.28,4,False,52.836,54.515,6,
325,1575,case_bench,sf1,tpch_sf1,gpu,True,q1,3,8.0,8.333,8.0,8.0,9.0,5.66,5,False,17.51,18.574,6,
325,1575,tpch,sf5,tpch_sf5,gpu,True,q1,3,86.0,91.667,92.0,92.0,97.0,4.91,4,False,97.023,102.868,6,
325,1575,case_bench,sf5,tpch_sf5,gpu,True,q1,3,8.0,8.667,9.0,9.0,9.0,5.44,5,False,55.997,61.409,6,
325,1575,tpch,sf10,tpch_sf10,gpu,True,q1,3,156.0,167.667,168.0,168.0,179.0,5.6,4,False,169.255,180.126,6,
325,1575,case_bench,sf10,tpch_sf10,gpu,True,q1,3,9.0,9.667,9.0,9.0,11.0,9.75,5,False,19.565,20.486,6,
325,1575,tpch,sf20,tpch_sf20,gpu,True,q1,3,288.0,301.333,296.0,296.0,320.0,4.51,4,False,300.157,313.93,6,
325,1575,case_bench,sf20,tpch_sf20,gpu,True,q1,3,8.0,21.0,9.0,9.0,46.0,84.2,5,False,17.866,43.191,6,
325,1575,h2o,1gb,h2o_1gb,gpu,True,q1,3,26.0,211.667,29.0,29.0,580.0,123.05,100,False,37.576,224.479,6,
325,1575,h2o,2gb,h2o_2gb,gpu,True,q1,3,38.0,40.667,39.0,39.0,45.0,7.6,100,False,50.956,52.324,6,
325,1575,h2o,4gb,h2o_4gb,gpu,True,q1,3,67.0,71.667,73.0,73.0,75.0,4.74,100,False,79.288,83.373,6,
325,1575,h2o,8gb,h2o_8gb,gpu,True,q1,3,123.0,125.667,126.0,126.0,128.0,1.64,100,False,134.449,138.418,6,
325,1575,clickbench,sf1,cb_sf1,gpu,True,q0,3,8.0,8.0,8.0,8.0,8.0,0.0,1,False,18.267,18.643,6,
325,1575,clickbench_approx,sf1,cb_sf1,gpu,True,q4,3,10.0,12.333,11.0,11.0,16.0,21.28,1,False,20.512,34.15,6,
325,1575,clickbench,sf5,cb_sf5,gpu,True,q0,3,13.0,15.0,15.0,15.0,17.0,10.89,1,False,28.641,30.645,6,
325,1575,clickbench_approx,sf5,cb_sf5,gpu,True,q4,3,17.0,17.667,18.0,18.0,18.0,2.67,1,False,29.459,29.579,6,
325,1575,clickbench,sf10,cb_sf10,gpu,True,q0,3,9.0,10.333,11.0,11.0,11.0,9.12,1,False,20.441,21.364,6,
325,1575,clickbench_approx,sf10,cb_sf10,gpu,True,q4,3,16.0,17.0,17.0,17.0,18.0,4.8,1,False,26.644,27.195,6,
325,1575,clickbench,sf20,cb_sf20,gpu,True,q0,3,8.0,8.0,8.0,8.0,8.0,0.0,1,False,17.215,17.97,6,
325,1575,clickbench_approx,sf20,cb_sf20,gpu,True,q4,3,22.0,22.667,23.0,23.0,23.0,2.08,1,False,33.022,33.671,6,
325,1980,tpch,sf1,tpch_sf1,gpu,True,q1,3,41.0,42.667,42.0,42.0,45.0,3.98,4,False,52.618,56.622,6,
325,1980,case_bench,sf1,tpch_sf1,gpu,True,q1,3,9.0,9.333,9.0,9.0,10.0,5.05,5,False,19.515,21.206,6,
325,1980,tpch,sf5,tpch_sf5,gpu,True,q1,3,85.0,87.0,87.0,87.0,89.0,1.88,4,False,100.498,101.502,6,
325,1980,case_bench,sf5,tpch_sf5,gpu,True,q1,3,10.0,10.0,10.0,10.0,10.0,0.0,5,False,20.881,22.254,6,
325,1980,tpch,sf10,tpch_sf10,gpu,True,q1,3,146.0,149.333,151.0,151.0,151.0,1.58,4,False,158.824,163.924,6,
325,1980,case_bench,sf10,tpch_sf10,gpu,True,q1,3,9.0,39.333,11.0,11.0,98.0,105.49,5,False,20.092,51.362,6,
325,1980,tpch,sf20,tpch_sf20,gpu,True,q1,3,278.0,299.667,305.0,305.0,316.0,5.33,4,False,291.699,316.886,6,
325,1980,case_bench,sf20,tpch_sf20,gpu,True,q1,3,13.0,13.667,13.0,13.0,15.0,6.9,5,False,25.545,26.81,6,
325,1980,h2o,1gb,h2o_1gb,gpu,True,q1,3,27.0,46.0,34.0,34.0,77.0,48.06,100,False,38.207,58.703,6,
325,1980,h2o,2gb,h2o_2gb,gpu,True,q1,3,40.0,45.0,44.0,44.0,51.0,10.1,100,False,51.155,58.373,6,
325,1980,h2o,4gb,h2o_4gb,gpu,True,q1,3,74.0,87.667,92.0,92.0,97.0,11.27,100,False,86.134,101.433,6,
325,1980,h2o,8gb,h2o_8gb,gpu,True,q1,3,116.0,123.667,123.0,123.0,132.0,5.3,100,False,126.631,142.148,6,
325,1980,clickbench,sf1,cb_sf1,gpu,True,q0,3,9.0,10.333,10.0,10.0,12.0,12.07,1,False,19.484,21.463,6,
325,1980,clickbench_approx,sf1,cb_sf1,gpu,True,q4,3,11.0,12.0,11.0,11.0,14.0,11.79,1,False,21.508,22.959,6,
325,1980,clickbench,sf5,cb_sf5,gpu,True,q0,3,9.0,9.667,9.0,9.0,11.0,9.75,1,False,20.59,22.394,6,
325,1980,clickbench_approx,sf5,cb_sf5,gpu,True,q4,3,16.0,19.667,21.0,21.0,22.0,13.35,1,False,26.527,30.901,6,
325,1980,clickbench,sf10,cb_sf10,gpu,True,q0,3,8.0,10.0,8.0,8.0,14.0,28.28,1,False,18.255,21.421,6,
325,1980,clickbench_approx,sf10,cb_sf10,gpu,True,q4,3,17.0,17.333,17.0,17.0,18.0,2.72,1,False,28.45,29.748,6,
325,1980,clickbench,sf20,cb_sf20,gpu,True,q0,3,9.0,9.667,9.0,9.0,11.0,9.75,1,False,19.027,20.819,6,
325,1980,clickbench_approx,sf20,cb_sf20,gpu,True,q4,3,23.0,25.333,25.0,25.0,28.0,8.11,1,False,34.183,36.546,6,
325,345,tpch,sf1,tpch_sf1,gpu,True,q1,3,46.0,46.333,46.0,46.0,47.0,1.02,4,False,59.896,61.404,6,
325,345,case_bench,sf1,tpch_sf1,gpu,True,q1,3,9.0,9.667,10.0,10.0,10.0,4.88,5,False,19.193,20.589,6,
325,345,tpch,sf5,tpch_sf5,gpu,True,q1,3,108.0,108.333,108.0,108.0,109.0,0.44,4,False,122.309,123.745,6,
325,345,case_bench,sf5,tpch_sf5,gpu,True,q1,3,9.0,10.0,9.0,9.0,12.0,14.14,5,False,17.609,19.405,6,
325,345,tpch,sf10,tpch_sf10,gpu,True,q1,3,191.0,200.333,195.0,195.0,215.0,5.24,4,False,206.013,213.498,6,
325,345,case_bench,sf10,tpch_sf10,gpu,True,q1,3,9.0,9.0,9.0,9.0,9.0,0.0,5,False,18.524,20.039,6,
325,345,tpch,sf20,tpch_sf20,gpu,True,q1,3,368.0,372.333,374.0,374.0,375.0,0.83,4,False,379.808,384.542,6,
325,345,case_bench,sf20,tpch_sf20,gpu,True,q1,3,8.0,9.333,9.0,9.0,11.0,13.36,5,False,17.505,19.462,6,
325,345,h2o,1gb,h2o_1gb,gpu,True,q1,3,28.0,31.333,31.0,31.0,35.0,9.15,100,False,39.001,42.504,6,
325,345,h2o,2gb,h2o_2gb,gpu,True,q1,3,45.0,46.333,45.0,45.0,49.0,4.07,100,False,56.198,59.052,6,
325,345,h2o,4gb,h2o_4gb,gpu,True,q1,3,79.0,85.0,85.0,85.0,91.0,5.76,100,False,90.701,97.6,6,
325,345,h2o,8gb,h2o_8gb,gpu,True,q1,3,138.0,146.0,150.0,150.0,150.0,3.87,100,False,150.868,159.437,6,
325,345,clickbench,sf1,cb_sf1,gpu,True,q0,3,8.0,8.667,8.0,8.0,10.0,10.88,1,False,17.145,20.449,6,
325,345,clickbench_approx,sf1,cb_sf1,gpu,True,q4,3,10.0,10.0,10.0,10.0,10.0,0.0,1,False,19.326,21.725,6,
325,345,clickbench,sf5,cb_sf5,gpu,True,q0,3,8.0,9.333,8.0,8.0,12.0,20.2,1,False,19.016,20.978,6,
325,345,clickbench_approx,sf5,cb_sf5,gpu,True,q4,3,21.0,21.333,21.0,21.0,22.0,2.21,1,False,32.414,33.951,6,
325,345,clickbench,sf10,cb_sf10,gpu,True,q0,3,8.0,17.0,8.0,8.0,35.0,74.87,1,False,17.985,29.415,6,
325,345,clickbench_approx,sf10,cb_sf10,gpu,True,q4,3,22.0,22.667,23.0,23.0,23.0,2.08,1,False,33.719,35.114,6,
325,345,clickbench,sf20,cb_sf20,gpu,True,q0,3,8.0,8.667,8.0,8.0,10.0,10.88,1,False,16.995,18.122,6,
325,345,clickbench_approx,sf20,cb_sf20,gpu,True,q4,3,27.0,27.667,28.0,28.0,28.0,1.7,1,False,37.095,38.173,6,
325,750,tpch,sf1,tpch_sf1,gpu,True,q1,3,44.0,45.0,44.0,44.0,47.0,3.14,4,False,54.89,58.141,6,
325,750,case_bench,sf1,tpch_sf1,gpu,True,q1,3,8.0,8.667,8.0,8.0,10.0,10.88,5,False,17.885,18.853,6,
325,750,tpch,sf5,tpch_sf5,gpu,True,q1,3,96.0,100.667,103.0,103.0,103.0,3.28,4,False,109.175,113.151,6,
325,750,case_bench,sf5,tpch_sf5,gpu,True,q1,3,8.0,14.667,12.0,12.0,24.0,46.35,5,False,17.226,26.465,6,
325,750,tpch,sf10,tpch_sf10,gpu,True,q1,3,182.0,187.667,187.0,187.0,194.0,2.62,4,False,194.621,401.239,6,
325,750,case_bench,sf10,tpch_sf10,gpu,True,q1,3,8.0,8.333,8.0,8.0,9.0,5.66,5,False,17.725,18.204,6,
325,750,tpch,sf20,tpch_sf20,gpu,True,q1,3,348.0,366.333,372.0,372.0,379.0,3.62,4,False,364.389,379.491,6,
325,750,case_bench,sf20,tpch_sf20,gpu,True,q1,3,9.0,9.667,9.0,9.0,11.0,9.75,5,False,18.943,20.079,6,
325,750,h2o,1gb,h2o_1gb,gpu,True,q1,3,27.0,28.333,28.0,28.0,30.0,4.4,100,False,38.085,40.513,6,
325,750,h2o,2gb,h2o_2gb,gpu,True,q1,3,49.0,58.667,60.0,60.0,67.0,12.63,100,False,97.874,111.093,6,
325,750,h2o,4gb,h2o_4gb,gpu,True,q1,3,75.0,79.333,77.0,77.0,86.0,6.03,100,False,86.299,91.086,6,
325,750,h2o,8gb,h2o_8gb,gpu,True,q1,3,139.0,141.0,141.0,141.0,143.0,1.16,100,False,151.369,152.634,6,
325,750,clickbench,sf1,cb_sf1,gpu,True,q0,3,8.0,9.333,9.0,9.0,11.0,13.36,1,False,18.213,19.503,6,
325,750,clickbench_approx,sf1,cb_sf1,gpu,True,q4,3,13.0,21.0,15.0,15.0,35.0,47.3,1,False,22.687,32.004,6,
325,750,clickbench,sf5,cb_sf5,gpu,True,q0,3,9.0,9.333,9.0,9.0,10.0,5.05,1,False,19.376,20.689,6,
325,750,clickbench_approx,sf5,cb_sf5,gpu,True,q4,3,17.0,19.0,19.0,19.0,21.0,8.59,1,False,28.218,30.296,6,
325,750,clickbench,sf10,cb_sf10,gpu,True,q0,3,8.0,9.0,8.0,8.0,11.0,15.71,1,False,17.945,19.594,6,
325,750,clickbench_approx,sf10,cb_sf10,gpu,True,q4,3,19.0,19.0,19.0,19.0,19.0,0.0,1,False,28.878,31.818,6,
325,750,clickbench,sf20,cb_sf20,gpu,True,q0,3,8.0,8.0,8.0,8.0,8.0,0.0,1,False,17.182,18.452,6,
325,750,clickbench_approx,sf20,cb_sf20,gpu,True,q4,3,27.0,27.333,27.0,27.0,28.0,1.72,1,False,36.365,38.52,6,
450,1155,tpch,sf1,tpch_sf1,gpu,True,q1,3,43.0,46.333,45.0,45.0,51.0,7.34,4,False,57.971,60.631,6,
450,1155,case_bench,sf1,tpch_sf1,gpu,True,q1,3,8.0,10.0,10.0,10.0,12.0,16.33,5,False,18.071,20.524,6,
450,1155,tpch,sf5,tpch_sf5,gpu,True,q1,3,87.0,93.667,96.0,96.0,98.0,5.11,4,False,100.311,106.342,6,
450,1155,case_bench,sf5,tpch_sf5,gpu,True,q1,3,9.0,9.667,9.0,9.0,11.0,9.75,5,False,19.099,22.466,6,
450,1155,tpch,sf10,tpch_sf10,gpu,True,q1,3,163.0,165.0,165.0,165.0,167.0,0.99,4,False,175.764,178.884,6,
450,1155,case_bench,sf10,tpch_sf10,gpu,True,q1,3,9.0,10.0,9.0,9.0,12.0,14.14,5,False,19.202,20.412,6,
450,1155,tpch,sf20,tpch_sf20,gpu,True,q1,3,280.0,283.333,282.0,282.0,288.0,1.2,4,False,294.892,298.139,6,
450,1155,case_bench,sf20,tpch_sf20,gpu,True,q1,3,9.0,9.667,10.0,10.0,10.0,4.88,5,False,22.075,22.56,6,
450,1155,h2o,1gb,h2o_1gb,gpu,True,q1,3,26.0,27.333,26.0,26.0,30.0,6.9,100,False,37.084,39.12,6,
450,1155,h2o,2gb,h2o_2gb,gpu,True,q1,3,41.0,47.333,47.0,47.0,54.0,11.22,100,False,54.004,60.384,6,
450,1155,h2o,4gb,h2o_4gb,gpu,True,q1,3,72.0,156.0,94.0,94.0,302.0,66.43,100,False,83.922,170.534,6,
450,1155,h2o,8gb,h2o_8gb,gpu,True,q1,3,116.0,170.0,131.0,131.0,263.0,38.85,100,False,128.042,192.74,6,
450,1155,clickbench,sf1,cb_sf1,gpu,True,q0,3,8.0,8.667,9.0,9.0,9.0,5.44,1,False,18.343,18.414,6,
450,1155,clickbench_approx,sf1,cb_sf1,gpu,True,q4,3,12.0,13.333,12.0,12.0,16.0,14.14,1,False,23.604,25.924,6,
450,1155,clickbench,sf5,cb_sf5,gpu,True,q0,3,8.0,9.667,10.0,10.0,11.0,12.9,1,False,20.071,21.412,6,
450,1155,clickbench_approx,sf5,cb_sf5,gpu,True,q4,3,18.0,18.0,18.0,18.0,18.0,0.0,1,False,30.363,31.476,6,
450,1155,clickbench,sf10,cb_sf10,gpu,True,q0,3,9.0,9.0,9.0,9.0,9.0,0.0,1,False,19.808,20.712,6,
450,1155,clickbench_approx,sf10,cb_sf10,gpu,True,q4,3,21.0,21.333,21.0,21.0,22.0,2.21,1,False,35.447,36.338,6,
450,1155,clickbench,sf20,cb_sf20,gpu,True,q0,3,8.0,13.0,8.0,8.0,23.0,54.39,1,False,18.677,24.295,6,
450,1155,clickbench_approx,sf20,cb_sf20,gpu,True,q4,3,28.0,32.0,31.0,31.0,37.0,11.69,1,False,40.039,43.537,6,
450,1575,tpch,sf1,tpch_sf1,gpu,True,q1,3,45.0,45.0,45.0,45.0,45.0,0.0,4,False,58.69,60.49,6,
450,1575,case_bench,sf1,tpch_sf1,gpu,True,q1,3,9.0,9.333,9.0,9.0,10.0,5.05,5,False,19.388,20.389,6,
450,1575,tpch,sf5,tpch_sf5,gpu,True,q1,3,88.0,97.333,100.0,100.0,104.0,6.98,4,False,101.8,110.727,6,
450,1575,case_bench,sf5,tpch_sf5,gpu,True,q1,3,9.0,12.0,13.0,13.0,14.0,18.0,5,False,18.292,27.329,6,
450,1575,tpch,sf10,tpch_sf10,gpu,True,q1,3,151.0,162.667,159.0,159.0,178.0,6.96,4,False,163.547,177.135,6,
450,1575,case_bench,sf10,tpch_sf10,gpu,True,q1,3,8.0,8.667,9.0,9.0,9.0,5.44,5,False,17.052,17.415,6,
450,1575,tpch,sf20,tpch_sf20,gpu,True,q1,3,294.0,309.667,310.0,310.0,325.0,4.09,4,False,313.657,324.55,6,
450,1575,case_bench,sf20,tpch_sf20,gpu,True,q1,3,8.0,9.0,9.0,9.0,10.0,9.07,5,False,17.853,18.366,6,
450,1575,h2o,1gb,h2o_1gb,gpu,True,q1,3,26.0,27.333,28.0,28.0,28.0,3.45,100,False,37.963,38.955,6,
450,1575,h2o,2gb,h2o_2gb,gpu,True,q1,3,41.0,42.0,41.0,41.0,44.0,3.37,100,False,53.452,54.222,6,
450,1575,h2o,4gb,h2o_4gb,gpu,True,q1,3,75.0,87.667,85.0,85.0,103.0,13.22,100,False,87.119,102.232,6,
450,1575,h2o,8gb,h2o_8gb,gpu,True,q1,3,126.0,131.333,127.0,127.0,141.0,5.21,100,False,138.444,143.564,6,
450,1575,clickbench,sf1,cb_sf1,gpu,True,q0,3,8.0,8.667,9.0,9.0,9.0,5.44,1,False,18.733,19.948,6,
450,1575,clickbench_approx,sf1,cb_sf1,gpu,True,q4,3,11.0,11.333,11.0,11.0,12.0,4.16,1,False,21.073,22.541,6,
450,1575,clickbench,sf5,cb_sf5,gpu,True,q0,3,8.0,8.667,8.0,8.0,10.0,10.88,1,False,18.402,18.974,6,
450,1575,clickbench_approx,sf5,cb_sf5,gpu,True,q4,3,17.0,17.333,17.0,17.0,18.0,2.72,1,False,28.345,29.236,6,
450,1575,clickbench,sf10,cb_sf10,gpu,True,q0,3,8.0,9.333,9.0,9.0,11.0,13.36,1,False,19.49,21.244,6,
450,1575,clickbench_approx,sf10,cb_sf10,gpu,True,q4,3,19.0,19.0,19.0,19.0,19.0,0.0,1,False,29.922,31.191,6,
450,1575,clickbench,sf20,cb_sf20,gpu,True,q0,3,8.0,8.333,8.0,8.0,9.0,5.66,1,False,18.763,19.616,6,
450,1575,clickbench_approx,sf20,cb_sf20,gpu,True,q4,3,24.0,26.333,25.0,25.0,30.0,9.97,1,False,34.415,36.709,6,
450,1980,tpch,sf1,tpch_sf1,gpu,True,q1,3,42.0,45.0,46.0,46.0,47.0,4.8,4,False,58.707,62.093,6,
450,1980,case_bench,sf1,tpch_sf1,gpu,True,q1,3,9.0,15.0,12.0,12.0,24.0,43.2,5,False,18.468,25.763,6,
450,1980,tpch,sf5,tpch_sf5,gpu,True,q1,3,87.0,95.333,99.0,99.0,100.0,6.2,4,False,99.754,107.952,6,
450,1980,case_bench,sf5,tpch_sf5,gpu,True,q1,3,8.0,9.0,9.0,9.0,10.0,9.07,5,False,17.844,20.445,6,
450,1980,tpch,sf10,tpch_sf10,gpu,True,q1,3,155.0,164.667,167.0,167.0,172.0,4.33,4,False,167.559,176.761,6,
450,1980,case_bench,sf10,tpch_sf10,gpu,True,q1,3,9.0,9.0,9.0,9.0,9.0,0.0,5,False,18.266,19.234,6,
450,1980,tpch,sf20,tpch_sf20,gpu,True,q1,3,310.0,315.667,318.0,318.0,319.0,1.28,4,False,322.595,328.446,6,
450,1980,case_bench,sf20,tpch_sf20,gpu,True,q1,3,10.0,11.0,11.0,11.0,12.0,7.42,5,False,21.237,21.983,6,
450,1980,h2o,1gb,h2o_1gb,gpu,True,q1,3,28.0,31.0,32.0,32.0,33.0,6.97,100,False,38.857,45.93,6,
450,1980,h2o,2gb,h2o_2gb,gpu,True,q1,3,50.0,56.0,53.0,53.0,65.0,11.57,100,False,63.782,69.069,6,
450,1980,h2o,4gb,h2o_4gb,gpu,True,q1,3,68.0,69.333,69.0,69.0,71.0,1.8,100,False,81.798,82.282,6,
450,1980,h2o,8gb,h2o_8gb,gpu,True,q1,3,128.0,145.667,143.0,143.0,166.0,10.73,100,False,140.215,158.296,6,
450,1980,clickbench,sf1,cb_sf1,gpu,True,q0,3,8.0,8.333,8.0,8.0,9.0,5.66,1,False,17.829,18.156,6,
450,1980,clickbench_approx,sf1,cb_sf1,gpu,True,q4,3,10.0,11.0,10.0,10.0,13.0,12.86,1,False,20.37,22.242,6,
450,1980,clickbench,sf5,cb_sf5,gpu,True,q0,3,13.0,14.667,14.0,14.0,17.0,11.59,1,False,25.241,26.426,6,
450,1980,clickbench_approx,sf5,cb_sf5,gpu,True,q4,3,16.0,17.333,18.0,18.0,18.0,5.44,1,False,26.226,27.64,6,
450,1980,clickbench,sf10,cb_sf10,gpu,True,q0,3,8.0,8.333,8.0,8.0,9.0,5.66,1,False,17.553,18.713,6,
450,1980,clickbench_approx,sf10,cb_sf10,gpu,True,q4,3,16.0,17.0,17.0,17.0,18.0,4.8,1,False,27.123,27.577,6,
450,1980,clickbench,sf20,cb_sf20,gpu,True,q0,3,9.0,9.667,10.0,10.0,10.0,4.88,1,False,21.258,21.932,6,
450,1980,clickbench_approx,sf20,cb_sf20,gpu,True,q4,3,24.0,24.667,25.0,25.0,25.0,1.91,1,False,36.04,36.525,6,
450,345,tpch,sf1,tpch_sf1,gpu,True,q1,3,48.0,82.333,48.0,48.0,151.0,58.97,4,False,61.833,111.119,6,
450,345,case_bench,sf1,tpch_sf1,gpu,True,q1,3,8.0,8.667,9.0,9.0,9.0,5.44,5,False,18.516,18.949,6,
450,345,tpch,sf5,tpch_sf5,gpu,True,q1,3,107.0,116.667,117.0,117.0,126.0,6.65,4,False,122.461,131.059,6,
450,345,case_bench,sf5,tpch_sf5,gpu,True,q1,3,9.0,9.333,9.0,9.0,10.0,5.05,5,False,19.742,20.629,6,
450,345,tpch,sf10,tpch_sf10,gpu,True,q1,3,191.0,197.0,197.0,197.0,203.0,2.49,4,False,205.728,210.475,6,
450,345,case_bench,sf10,tpch_sf10,gpu,True,q1,3,8.0,9.0,9.0,9.0,10.0,9.07,5,False,18.98,20.382,6,
450,345,tpch,sf20,tpch_sf20,gpu,True,q1,3,379.0,380.333,381.0,381.0,381.0,0.25,4,False,392.055,393.725,6,
450,345,case_bench,sf20,tpch_sf20,gpu,True,q1,3,9.0,9.667,10.0,10.0,10.0,4.88,5,False,19.446,21.216,6,
450,345,h2o,1gb,h2o_1gb,gpu,True,q1,3,30.0,30.333,30.0,30.0,31.0,1.55,100,False,40.784,41.367,6,
450,345,h2o,2gb,h2o_2gb,gpu,True,q1,3,46.0,47.333,47.0,47.0,49.0,2.63,100,False,57.031,58.336,6,
450,345,h2o,4gb,h2o_4gb,gpu,True,q1,3,78.0,83.0,83.0,83.0,88.0,4.92,100,False,89.805,95.245,6,
450,345,h2o,8gb,h2o_8gb,gpu,True,q1,3,148.0,150.333,151.0,151.0,152.0,1.13,100,False,161.585,162.544,6,
450,345,clickbench,sf1,cb_sf1,gpu,True,q0,3,10.0,526.0,13.0,13.0,1555.0,138.33,1,False,22.147,563.453,6,
450,345,clickbench_approx,sf1,cb_sf1,gpu,True,q4,3,12.0,14.0,13.0,13.0,17.0,15.43,1,False,24.017,45.995,6,
450,345,clickbench,sf5,cb_sf5,gpu,True,q0,3,9.0,9.667,9.0,9.0,11.0,9.75,1,False,18.38,20.378,6,
450,345,clickbench_approx,sf5,cb_sf5,gpu,True,q4,3,16.0,17.667,17.0,17.0,20.0,9.62,1,False,27.987,29.762,6,
450,345,clickbench,sf10,cb_sf10,gpu,True,q0,3,9.0,9.667,9.0,9.0,11.0,9.75,1,False,19.306,34.107,6,
450,345,clickbench_approx,sf10,cb_sf10,gpu,True,q4,3,20.0,34.667,20.0,20.0,64.0,59.83,1,False,30.841,45.653,6,
450,345,clickbench,sf20,cb_sf20,gpu,True,q0,3,9.0,9.0,9.0,9.0,9.0,0.0,1,False,19.325,19.684,6,
450,345,clickbench_approx,sf20,cb_sf20,gpu,True,q4,3,27.0,27.667,27.0,27.0,29.0,3.41,1,False,38.51,39.343,6,
450,750,tpch,sf1,tpch_sf1,gpu,True,q1,3,41.0,44.333,44.0,44.0,48.0,6.47,4,False,57.27,58.724,6,
450,750,case_bench,sf1,tpch_sf1,gpu,True,q1,3,9.0,9.0,9.0,9.0,9.0,0.0,5,False,18.82,19.251,6,
450,750,tpch,sf5,tpch_sf5,gpu,True,q1,3,93.0,101.0,94.0,94.0,116.0,10.51,4,False,105.312,113.29,6,
450,750,case_bench,sf5,tpch_sf5,gpu,True,q1,3,9.0,9.667,10.0,10.0,10.0,4.88,5,False,19.501,21.198,6,
450,750,tpch,sf10,tpch_sf10,gpu,True,q1,3,171.0,172.0,171.0,171.0,174.0,0.82,4,False,183.367,184.445,6,
450,750,case_bench,sf10,tpch_sf10,gpu,True,q1,3,11.0,31.667,13.0,13.0,71.0,87.87,5,False,23.546,44.47,6,
450,750,tpch,sf20,tpch_sf20,gpu,True,q1,3,344.0,355.0,355.0,355.0,366.0,2.53,4,False,358.881,369.079,6,
450,750,case_bench,sf20,tpch_sf20,gpu,True,q1,3,9.0,10.0,10.0,10.0,11.0,8.16,5,False,19.931,21.147,6,
450,750,h2o,1gb,h2o_1gb,gpu,True,q1,3,29.0,30.333,31.0,31.0,31.0,3.11,100,False,39.09,42.287,6,
450,750,h2o,2gb,h2o_2gb,gpu,True,q1,3,43.0,47.0,48.0,48.0,50.0,6.26,100,False,54.97,58.939,6,
450,750,h2o,4gb,h2o_4gb,gpu,True,q1,3,83.0,170.333,88.0,88.0,340.0,70.44,100,False,95.934,187.812,6,
450,750,h2o,8gb,h2o_8gb,gpu,True,q1,3,140.0,151.333,140.0,140.0,174.0,10.59,100,False,152.245,167.653,6,
450,750,clickbench,sf1,cb_sf1,gpu,True,q0,3,9.0,10.0,9.0,9.0,12.0,14.14,1,False,19.841,22.988,6,
450,750,clickbench_approx,sf1,cb_sf1,gpu,True,q4,3,11.0,12.0,12.0,12.0,13.0,6.8,1,False,22.078,22.696,6,
450,750,clickbench,sf5,cb_sf5,gpu,True,q0,3,9.0,164.0,12.0,12.0,471.0,132.37,1,False,22.549,175.958,6,
450,750,clickbench_approx,sf5,cb_sf5,gpu,True,q4,3,19.0,22.0,22.0,22.0,25.0,11.13,1,False,31.87,34.64,6,
450,750,clickbench,sf10,cb_sf10,gpu,True,q0,3,11.0,12.667,13.0,13.0,14.0,9.85,1,False,22.717,25.051,6,
450,750,clickbench_approx,sf10,cb_sf10,gpu,True,q4,3,20.0,23.667,21.0,21.0,30.0,19.0,1,False,32.377,35.543,6,
450,750,clickbench,sf20,cb_sf20,gpu,True,q0,3,8.0,9.667,9.0,9.0,12.0,17.58,1,False,17.504,19.29,6,
450,750,clickbench_approx,sf20,cb_sf20,gpu,True,q4,3,28.0,28.0,28.0,28.0,28.0,0.0,1,False,39.903,41.081,6,
575,1155,tpch,sf1,tpch_sf1,gpu,True,q1,3,37.0,40.333,40.0,40.0,44.0,7.11,4,False,48.822,52.968,6,
575,1155,case_bench,sf1,tpch_sf1,gpu,True,q1,3,7.0,7.333,7.0,7.0,8.0,6.43,5,False,17.132,17.952,6,
575,1155,tpch,sf5,tpch_sf5,gpu,True,q1,3,85.0,88.0,88.0,88.0,91.0,2.78,4,False,96.671,99.49,6,
575,1155,case_bench,sf5,tpch_sf5,gpu,True,q1,3,7.0,8.0,8.0,8.0,9.0,10.21,5,False,16.746,17.667,6,
575,1155,tpch,sf10,tpch_sf10,gpu,True,q1,3,144.0,144.333,144.0,144.0,145.0,0.33,4,False,155.625,156.673,6,
575,1155,case_bench,sf10,tpch_sf10,gpu,True,q1,3,8.0,9.333,9.0,9.0,11.0,13.36,5,False,17.714,19.186,6,
575,1155,tpch,sf20,tpch_sf20,gpu,True,q1,3,285.0,290.333,289.0,289.0,297.0,1.72,4,False,298.975,303.51,6,
575,1155,case_bench,sf20,tpch_sf20,gpu,True,q1,3,7.0,14.667,9.0,9.0,28.0,64.52,5,False,16.622,24.565,6,
575,1155,h2o,1gb,h2o_1gb,gpu,True,q1,3,25.0,29.0,27.0,27.0,35.0,14.9,100,False,37.471,44.357,6,
575,1155,h2o,2gb,h2o_2gb,gpu,True,q1,3,49.0,74.0,51.0,51.0,122.0,45.88,100,False,61.91,91.251,6,
575,1155,h2o,4gb,h2o_4gb,gpu,True,q1,3,70.0,105.333,105.0,105.0,141.0,27.52,100,False,81.616,118.853,6,
575,1155,h2o,8gb,h2o_8gb,gpu,True,q1,3,125.0,129.333,129.0,129.0,134.0,2.85,100,False,137.27,142.533,6,
575,1155,clickbench,sf1,cb_sf1,gpu,True,q0,3,8.0,8.0,8.0,8.0,8.0,0.0,1,False,17.162,18.064,6,
575,1155,clickbench_approx,sf1,cb_sf1,gpu,True,q4,3,9.0,12.0,13.0,13.0,14.0,18.0,1,False,19.393,23.126,6,
575,1155,clickbench,sf5,cb_sf5,gpu,True,q0,3,8.0,8.333,8.0,8.0,9.0,5.66,1,False,17.821,18.282,6,
575,1155,clickbench_approx,sf5,cb_sf5,gpu,True,q4,3,17.0,19.333,20.0,20.0,21.0,8.79,1,False,28.717,31.135,6,
575,1155,clickbench,sf10,cb_sf10,gpu,True,q0,3,9.0,11.0,11.0,11.0,13.0,14.85,1,False,19.233,20.979,6,
575,1155,clickbench_approx,sf10,cb_sf10,gpu,True,q4,3,19.0,22.333,24.0,24.0,24.0,10.55,1,False,30.608,39.899,6,
575,1155,clickbench,sf20,cb_sf20,gpu,True,q0,3,8.0,8.333,8.0,8.0,9.0,5.66,1,False,17.11,17.744,6,
575,1155,clickbench_approx,sf20,cb_sf20,gpu,True,q4,3,23.0,24.667,25.0,25.0,26.0,5.06,1,False,36.804,37.145,6,
575,1575,tpch,sf1,tpch_sf1,gpu,True,q1,3,38.0,40.0,40.0,40.0,42.0,4.08,4,False,53.449,54.065,6,
575,1575,case_bench,sf1,tpch_sf1,gpu,True,q1,3,8.0,8.667,8.0,8.0,10.0,10.88,5,False,17.99,20.071,6,
575,1575,tpch,sf5,tpch_sf5,gpu,True,q1,3,80.0,86.333,87.0,87.0,92.0,5.7,4,False,91.198,98.94,6,
575,1575,case_bench,sf5,tpch_sf5,gpu,True,q1,3,7.0,7.667,8.0,8.0,8.0,6.15,5,False,16.585,18.417,6,
575,1575,tpch,sf10,tpch_sf10,gpu,True,q1,3,153.0,157.667,159.0,159.0,161.0,2.16,4,False,164.284,169.591,6,
575,1575,case_bench,sf10,tpch_sf10,gpu,True,q1,3,8.0,8.667,8.0,8.0,10.0,10.88,5,False,18.661,20.91,6,
575,1575,tpch,sf20,tpch_sf20,gpu,True,q1,3,276.0,352.333,363.0,363.0,418.0,16.59,4,False,286.823,369.5,6,
575,1575,case_bench,sf20,tpch_sf20,gpu,True,q1,3,8.0,9.333,9.0,9.0,11.0,13.36,5,False,18.292,19.126,6,
575,1575,h2o,1gb,h2o_1gb,gpu,True,q1,3,27.0,28.667,29.0,29.0,30.0,4.35,100,False,37.052,39.107,6,
575,1575,h2o,2gb,h2o_2gb,gpu,True,q1,3,40.0,43.667,43.0,43.0,48.0,7.56,100,False,51.955,54.94,6,
575,1575,h2o,4gb,h2o_4gb,gpu,True,q1,3,65.0,68.333,70.0,70.0,70.0,3.45,100,False,75.331,78.707,6,
575,1575,h2o,8gb,h2o_8gb,gpu,True,q1,3,121.0,122.667,122.0,122.0,125.0,1.39,100,False,132.23,133.897,6,
575,1575,clickbench,sf1,cb_sf1,gpu,True,q0,3,8.0,8.667,8.0,8.0,10.0,10.88,1,False,17.205,18.182,6,
575,1575,clickbench_approx,sf1,cb_sf1,gpu,True,q4,3,9.0,10.0,10.0,10.0,11.0,8.16,1,False,17.528,20.585,6,
575,1575,clickbench,sf5,cb_sf5,gpu,True,q0,3,8.0,9.0,8.0,8.0,11.0,15.71,1,False,18.018,20.506,6,
575,1575,clickbench_approx,sf5,cb_sf5,gpu,True,q4,3,15.0,23.667,15.0,15.0,41.0,51.79,1,False,23.653,33.215,6,
575,1575,clickbench,sf10,cb_sf10,gpu,True,q0,3,8.0,8.333,8.0,8.0,9.0,5.66,1,False,16.929,18.188,6,
575,1575,clickbench_approx,sf10,cb_sf10,gpu,True,q4,3,17.0,45.0,21.0,21.0,97.0,81.79,1,False,26.924,55.484,6,
575,1575,clickbench,sf20,cb_sf20,gpu,True,q0,3,8.0,8.333,8.0,8.0,9.0,5.66,1,False,16.999,17.514,6,
575,1575,clickbench_approx,sf20,cb_sf20,gpu,True,q4,3,22.0,22.333,22.0,22.0,23.0,2.11,1,False,32.626,35.94,6,
575,1980,tpch,sf1,tpch_sf1,gpu,True,q1,3,36.0,37.0,37.0,37.0,38.0,2.21,4,False,47.492,50.592,6,
575,1980,case_bench,sf1,tpch_sf1,gpu,True,q1,3,9.0,11.333,9.0,9.0,16.0,29.12,5,False,17.361,21.422,6,
575,1980,tpch,sf5,tpch_sf5,gpu,True,q1,3,83.0,85.667,83.0,83.0,91.0,4.4,4,False,94.649,98.676,6,
575,1980,case_bench,sf5,tpch_sf5,gpu,True,q1,3,10.0,13.333,15.0,15.0,15.0,17.68,5,False,19.816,23.715,6,
575,1980,tpch,sf10,tpch_sf10,gpu,True,q1,3,155.0,164.333,156.0,156.0,182.0,7.61,4,False,167.251,176.796,6,
575,1980,case_bench,sf10,tpch_sf10,gpu,True,q1,3,7.0,8.667,7.0,7.0,12.0,27.2,5,False,19.759,20.77,6,
575,1980,tpch,sf20,tpch_sf20,gpu,True,q1,3,276.0,290.333,296.0,296.0,299.0,3.52,4,False,288.156,302.134,6,
575,1980,case_bench,sf20,tpch_sf20,gpu,True,q1,3,8.0,9.333,8.0,8.0,12.0,20.2,5,False,17.099,19.702,6,
575,1980,h2o,1gb,h2o_1gb,gpu,True,q1,3,25.0,28.333,27.0,27.0,33.0,12.0,100,False,34.6,38.531,6,
575,1980,h2o,2gb,h2o_2gb,gpu,True,q1,3,38.0,41.0,39.0,39.0,46.0,8.68,100,False,49.13,52.37,6,
575,1980,h2o,4gb,h2o_4gb,gpu,True,q1,3,66.0,69.667,67.0,67.0,76.0,6.45,100,False,81.018,83.509,6,
575,1980,h2o,8gb,h2o_8gb,gpu,True,q1,3,113.0,118.333,118.0,118.0,124.0,3.8,100,False,123.83,129.652,6,
575,1980,clickbench,sf1,cb_sf1,gpu,True,q0,3,8.0,8.667,9.0,9.0,9.0,5.44,1,False,17.275,18.576,6,
575,1980,clickbench_approx,sf1,cb_sf1,gpu,True,q4,3,9.0,11.667,12.0,12.0,14.0,17.61,1,False,22.54,23.955,6,
575,1980,clickbench,sf5,cb_sf5,gpu,True,q0,3,8.0,8.0,8.0,8.0,8.0,0.0,1,False,15.654,16.91,6,
575,1980,clickbench_approx,sf5,cb_sf5,gpu,True,q4,3,19.0,74.333,68.0,68.0,136.0,64.54,1,False,31.445,103.418,6,
575,1980,clickbench,sf10,cb_sf10,gpu,True,q0,3,8.0,8.333,8.0,8.0,9.0,5.66,1,False,15.891,17.873,6,
575,1980,clickbench_approx,sf10,cb_sf10,gpu,True,q4,3,17.0,20.0,20.0,20.0,23.0,12.25,1,False,34.138,62.129,6,
575,1980,clickbench,sf20,cb_sf20,gpu,True,q0,3,7.0,8.0,8.0,8.0,9.0,10.21,1,False,16.317,17.804,6,
575,1980,clickbench_approx,sf20,cb_sf20,gpu,True,q4,3,22.0,26.667,25.0,25.0,33.0,17.41,1,False,31.998,37.41,6,
575,345,tpch,sf1,tpch_sf1,gpu,True,q1,3,40.0,41.333,41.0,41.0,43.0,3.02,4,False,55.249,56.417,6,
575,345,case_bench,sf1,tpch_sf1,gpu,True,q1,3,9.0,9.333,9.0,9.0,10.0,5.05,5,False,19.222,21.632,6,
575,345,tpch,sf5,tpch_sf5,gpu,True,q1,3,102.0,106.0,103.0,103.0,113.0,4.69,4,False,116.121,120.75,6,
575,345,case_bench,sf5,tpch_sf5,gpu,True,q1,3,9.0,9.333,9.0,9.0,10.0,5.05,5,False,17.983,18.642,6,
575,345,tpch,sf10,tpch_sf10,gpu,True,q1,3,187.0,189.667,188.0,188.0,194.0,1.63,4,False,198.755,201.77,6,
575,345,case_bench,sf10,tpch_sf10,gpu,True,q1,3,8.0,9.667,9.0,9.0,12.0,17.58,5,False,18.201,19.701,6,
575,345,tpch,sf20,tpch_sf20,gpu,True,q1,3,359.0,509.667,369.0,369.0,801.0,40.43,4,False,370.023,521.112,6,
575,345,case_bench,sf20,tpch_sf20,gpu,True,q1,3,10.0,11.333,11.0,11.0,13.0,11.0,5,False,19.657,23.773,6,
575,345,h2o,1gb,h2o_1gb,gpu,True,q1,3,28.0,29.333,28.0,28.0,32.0,6.43,100,False,37.771,40.064,6,
575,345,h2o,2gb,h2o_2gb,gpu,True,q1,3,44.0,45.667,46.0,46.0,47.0,2.73,100,False,54.453,56.674,6,
575,345,h2o,4gb,h2o_4gb,gpu,True,q1,3,78.0,85.667,83.0,83.0,96.0,8.86,100,False,90.807,98.032,6,
575,345,h2o,8gb,h2o_8gb,gpu,True,q1,3,138.0,142.333,138.0,138.0,151.0,4.31,100,False,148.775,153.422,6,
575,345,clickbench,sf1,cb_sf1,gpu,True,q0,3,8.0,8.667,9.0,9.0,9.0,5.44,1,False,17.496,18.213,6,
575,345,clickbench_approx,sf1,cb_sf1,gpu,True,q4,3,11.0,11.333,11.0,11.0,12.0,4.16,1,False,20.63,21.343,6,
575,345,clickbench,sf5,cb_sf5,gpu,True,q0,3,8.0,9.333,8.0,8.0,12.0,20.2,1,False,17.911,20.258,6,
575,345,clickbench_approx,sf5,cb_sf5,gpu,True,q4,3,16.0,17.333,17.0,17.0,19.0,7.2,1,False,27.448,29.496,6,
575,345,clickbench,sf10,cb_sf10,gpu,True,q0,3,11.0,11.667,12.0,12.0,12.0,4.04,1,False,26.55,30.527,6,
575,345,clickbench_approx,sf10,cb_sf10,gpu,True,q4,3,19.0,20.0,19.0,19.0,22.0,7.07,1,False,30.058,31.793,6,
575,345,clickbench,sf20,cb_sf20,gpu,True,q0,3,8.0,9.333,8.0,8.0,12.0,20.2,1,False,18.386,19.449,6,
575,345,clickbench_approx,sf20,cb_sf20,gpu,True,q4,3,27.0,31.0,28.0,28.0,38.0,16.02,1,False,37.482,42.153,6,
575,750,tpch,sf1,tpch_sf1,gpu,True,q1,3,38.0,41.0,38.0,38.0,47.0,10.35,4,False,51.439,55.014,6,
575,750,case_bench,sf1,tpch_sf1,gpu,True,q1,3,8.0,9.667,10.0,10.0,11.0,12.9,5,False,17.835,20.265,6,
575,750,tpch,sf5,tpch_sf5,gpu,True,q1,3,93.0,94.667,95.0,95.0,96.0,1.32,4,False,104.594,106.667,6,
575,750,case_bench,sf5,tpch_sf5,gpu,True,q1,3,7.0,8.0,8.0,8.0,9.0,10.21,5,False,17.476,17.569,6,
575,750,tpch,sf10,tpch_sf10,gpu,True,q1,3,175.0,187.333,187.0,187.0,200.0,5.45,4,False,187.12,199.893,6,
575,750,case_bench,sf10,tpch_sf10,gpu,True,q1,3,8.0,9.667,10.0,10.0,11.0,12.9,5,False,17.945,21.057,6,
575,750,tpch,sf20,tpch_sf20,gpu,True,q1,3,329.0,338.0,334.0,334.0,351.0,2.79,4,False,341.533,351.043,6,
575,750,case_bench,sf20,tpch_sf20,gpu,True,q1,3,17.0,53.333,20.0,20.0,123.0,92.39,5,False,27.416,90.543,6,
575,750,h2o,1gb,h2o_1gb,gpu,True,q1,3,27.0,28.333,27.0,27.0,31.0,6.66,100,False,37.475,39.497,6,
575,750,h2o,2gb,h2o_2gb,gpu,True,q1,3,42.0,42.333,42.0,42.0,43.0,1.11,100,False,53.176,53.416,6,
575,750,h2o,4gb,h2o_4gb,gpu,True,q1,3,72.0,123.0,72.0,72.0,225.0,58.64,100,False,86.459,163.192,6,
575,750,h2o,8gb,h2o_8gb,gpu,True,q1,3,133.0,264.0,146.0,146.0,513.0,66.72,100,False,146.933,278.191,6,
575,750,clickbench,sf1,cb_sf1,gpu,True,q0,3,9.0,9.0,9.0,9.0,9.0,0.0,1,False,18.288,33.593,6,
575,750,clickbench_approx,sf1,cb_sf1,gpu,True,q4,3,11.0,12.333,13.0,13.0,13.0,7.64,1,False,22.042,23.757,6,
575,750,clickbench,sf5,cb_sf5,gpu,True,q0,3,9.0,11.333,12.0,12.0,13.0,15.0,1,False,20.209,22.639,6,
575,750,clickbench_approx,sf5,cb_sf5,gpu,True,q4,3,17.0,18.667,19.0,19.0,20.0,6.68,1,False,27.372,29.51,6,
575,750,clickbench,sf10,cb_sf10,gpu,True,q0,3,9.0,10.667,11.0,11.0,12.0,11.69,1,False,21.604,22.615,6,
575,750,clickbench_approx,sf10,cb_sf10,gpu,True,q4,3,19.0,21.333,19.0,19.0,26.0,15.47,1,False,29.081,32.08,6,
575,750,clickbench,sf20,cb_sf20,gpu,True,q0,3,8.0,9.0,8.0,8.0,11.0,15.71,1,False,16.76,18.766,6,
575,750,clickbench_approx,sf20,cb_sf20,gpu,True,q4,3,29.0,32.0,32.0,32.0,35.0,7.65,1,False,39.573,43.089,6,
700,1155,tpch,sf1,tpch_sf1,gpu,True,q1,3,39.0,42.0,39.0,39.0,48.0,10.1,4,False,51.17,55.015,6,
700,1155,case_bench,sf1,tpch_sf1,gpu,True,q1,3,10.0,40.333,10.0,10.0,101.0,106.36,5,False,21.985,54.057,6,
700,1155,tpch,sf5,tpch_sf5,gpu,True,q1,3,81.0,82.333,82.0,82.0,84.0,1.51,4,False,92.157,94.266,6,
700,1155,case_bench,sf5,tpch_sf5,gpu,True,q1,3,8.0,8.333,8.0,8.0,9.0,5.66,5,False,18.806,19.592,6,
700,1155,tpch,sf10,tpch_sf10,gpu,True,q1,3,151.0,154.0,153.0,153.0,158.0,1.91,4,False,164.852,166.959,6,
700,1155,case_bench,sf10,tpch_sf10,gpu,True,q1,3,7.0,7.667,7.0,7.0,9.0,12.3,5,False,17.153,18.022,6,
700,1155,tpch,sf20,tpch_sf20,gpu,True,q1,3,286.0,291.333,288.0,288.0,300.0,2.12,4,False,296.99,303.35,6,
700,1155,case_bench,sf20,tpch_sf20,gpu,True,q1,3,9.0,10.0,10.0,10.0,11.0,8.16,5,False,18.801,20.496,6,
700,1155,h2o,1gb,h2o_1gb,gpu,True,q1,3,25.0,25.667,25.0,25.0,27.0,3.67,100,False,36.105,36.879,6,
700,1155,h2o,2gb,h2o_2gb,gpu,True,q1,3,42.0,67.333,46.0,46.0,114.0,49.07,100,False,52.668,79.034,6,
700,1155,h2o,4gb,h2o_4gb,gpu,True,q1,3,65.0,69.0,70.0,70.0,72.0,4.27,100,False,75.502,80.268,6,
700,1155,h2o,8gb,h2o_8gb,gpu,True,q1,3,120.0,126.333,129.0,129.0,130.0,3.56,100,False,130.095,137.526,6,
700,1155,clickbench,sf1,cb_sf1,gpu,True,q0,3,8.0,34.0,9.0,9.0,85.0,106.07,1,False,16.755,45.188,6,
700,1155,clickbench_approx,sf1,cb_sf1,gpu,True,q4,3,9.0,9.667,10.0,10.0,10.0,4.88,1,False,18.124,18.52,6,
700,1155,clickbench,sf5,cb_sf5,gpu,True,q0,3,8.0,30.667,8.0,8.0,76.0,104.53,1,False,16.908,40.277,6,
700,1155,clickbench_approx,sf5,cb_sf5,gpu,True,q4,3,15.0,49.0,20.0,20.0,112.0,91.01,1,False,26.082,59.529,6,
700,1155,clickbench,sf10,cb_sf10,gpu,True,q0,3,8.0,9.0,9.0,9.0,10.0,9.07,1,False,17.668,19.102,6,
700,1155,clickbench_approx,sf10,cb_sf10,gpu,True,q4,3,18.0,33.333,39.0,39.0,43.0,32.89,1,False,28.092,45.47,6,
700,1155,clickbench,sf20,cb_sf20,gpu,True,q0,3,8.0,8.0,8.0,8.0,8.0,0.0,1,False,17.304,18.279,6,
700,1155,clickbench_approx,sf20,cb_sf20,gpu,True,q4,3,24.0,29.667,25.0,25.0,40.0,24.67,1,False,34.476,44.074,6,
700,1575,tpch,sf1,tpch_sf1,gpu,True,q1,3,56.0,64.333,63.0,63.0,74.0,11.52,4,False,69.8,84.85,6,
700,1575,case_bench,sf1,tpch_sf1,gpu,True,q1,3,8.0,9.667,10.0,10.0,11.0,12.9,5,False,17.585,21.433,6,
700,1575,tpch,sf5,tpch_sf5,gpu,True,q1,3,86.0,98.667,87.0,87.0,123.0,17.44,4,False,97.463,111.229,6,
700,1575,case_bench,sf5,tpch_sf5,gpu,True,q1,3,20.0,23.667,25.0,25.0,26.0,11.09,5,False,50.129,56.33,6,
700,1575,tpch,sf10,tpch_sf10,gpu,True,q1,3,147.0,159.0,163.0,163.0,167.0,5.43,4,False,161.748,172.706,6,
700,1575,case_bench,sf10,tpch_sf10,gpu,True,q1,3,14.0,18.0,16.0,16.0,24.0,24.0,5,False,34.328,46.18,6,
700,1575,tpch,sf20,tpch_sf20,gpu,True,q1,3,339.0,370.0,372.0,372.0,399.0,6.63,4,False,350.511,383.444,6,
700,1575,case_bench,sf20,tpch_sf20,gpu,True,q1,3,9.0,11.333,12.0,12.0,13.0,15.0,5,False,27.58,28.482,6,
700,1575,h2o,1gb,h2o_1gb,gpu,True,q1,3,39.0,41.667,41.0,41.0,45.0,5.99,100,False,53.852,56.251,6,
700,1575,h2o,2gb,h2o_2gb,gpu,True,q1,3,39.0,294.0,40.0,40.0,803.0,122.42,100,False,49.189,306.479,6,
700,1575,h2o,4gb,h2o_4gb,gpu,True,q1,3,63.0,68.667,65.0,65.0,78.0,9.68,100,False,75.863,83.609,6,
700,1575,h2o,8gb,h2o_8gb,gpu,True,q1,3,204.0,262.333,239.0,239.0,344.0,22.68,100,False,226.876,280.991,6,
700,1575,clickbench,sf1,cb_sf1,gpu,True,q0,3,8.0,8.667,8.0,8.0,10.0,10.88,1,False,17.624,19.443,6,
700,1575,clickbench_approx,sf1,cb_sf1,gpu,True,q4,3,10.0,10.667,10.0,10.0,12.0,8.84,1,False,20.484,21.002,6,
700,1575,clickbench,sf5,cb_sf5,gpu,True,q0,3,15.0,48.667,20.0,20.0,111.0,90.66,1,False,30.315,134.922,6,
700,1575,clickbench_approx,sf5,cb_sf5,gpu,True,q4,3,16.0,18.0,19.0,19.0,19.0,7.86,1,False,27.449,29.792,6,
700,1575,clickbench,sf10,cb_sf10,gpu,True,q0,3,7.0,7.667,8.0,8.0,8.0,6.15,1,False,17.385,17.644,6,
700,1575,clickbench_approx,sf10,cb_sf10,gpu,True,q4,3,84.0,263.333,347.0,347.0,359.0,48.19,1,False,116.83,343.474,6,
700,1575,clickbench,sf20,cb_sf20,gpu,True,q0,3,8.0,15.333,18.0,18.0,20.0,34.23,1,False,16.504,35.523,6,
700,1575,clickbench_approx,sf20,cb_sf20,gpu,True,q4,3,25.0,28.667,28.0,28.0,33.0,11.51,1,False,37.741,40.048,6,
700,1980,tpch,sf1,tpch_sf1,gpu,True,q1,3,60.0,71.0,61.0,61.0,92.0,20.92,4,False,71.64,87.316,6,
700,1980,case_bench,sf1,tpch_sf1,gpu,True,q1,3,14.0,28.667,17.0,17.0,55.0,65.1,5,False,32.801,51.341,6,
700,1980,tpch,sf5,tpch_sf5,gpu,True,q1,3,94.0,97.667,95.0,95.0,104.0,4.6,4,False,106.53,110.024,6,
700,1980,case_bench,sf5,tpch_sf5,gpu,True,q1,3,19.0,22.667,23.0,23.0,26.0,12.65,5,False,45.338,47.475,6,
700,1980,tpch,sf10,tpch_sf10,gpu,True,q1,3,164.0,218.333,165.0,165.0,326.0,34.87,4,False,177.286,235.279,6,
700,1980,case_bench,sf10,tpch_sf10,gpu,True,q1,3,10.0,10.0,10.0,10.0,10.0,0.0,5,False,19.79,20.004,6,
700,1980,tpch,sf20,tpch_sf20,gpu,True,q1,3,1109.0,1369.333,1413.0,1413.0,1586.0,14.4,4,False,1121.971,1390.944,6,
700,1980,case_bench,sf20,tpch_sf20,gpu,True,q1,3,8.0,9.333,9.0,9.0,11.0,13.36,5,False,18.064,19.397,6,
700,1980,h2o,1gb,h2o_1gb,gpu,True,q1,3,27.0,29.333,30.0,30.0,31.0,5.79,100,False,36.636,40.9,6,
700,1980,h2o,2gb,h2o_2gb,gpu,True,q1,3,67.0,78.333,75.0,75.0,93.0,13.88,100,False,90.11,98.815,6,
700,1980,h2o,4gb,h2o_4gb,gpu,True,q1,3,69.0,70.0,70.0,70.0,71.0,1.17,100,False,80.395,82.103,6,
700,1980,h2o,8gb,h2o_8gb,gpu,True,q1,3,126.0,129.667,129.0,129.0,134.0,2.54,100,False,138.549,141.887,6,
700,1980,clickbench,sf1,cb_sf1,gpu,True,q0,3,11.0,12.667,13.0,13.0,14.0,9.85,1,False,22.956,26.866,6,
700,1980,clickbench_approx,sf1,cb_sf1,gpu,True,q4,3,14.0,32.0,18.0,18.0,64.0,70.89,1,False,28.257,44.579,6,
700,1980,clickbench,sf5,cb_sf5,gpu,True,q0,3,10.0,20.667,16.0,16.0,36.0,53.78,1,False,29.875,52.985,6,
700,1980,clickbench_approx,sf5,cb_sf5,gpu,True,q4,3,20.0,21.667,22.0,22.0,23.0,5.76,1,False,31.727,36.706,6,
700,1980,clickbench,sf10,cb_sf10,gpu,True,q0,3,8.0,10.333,9.0,9.0,14.0,25.4,1,False,18.457,23.147,6,
700,1980,clickbench_approx,sf10,cb_sf10,gpu,True,q4,3,18.0,57.333,47.0,47.0,107.0,64.64,1,False,29.422,77.594,6,
700,1980,clickbench,sf20,cb_sf20,gpu,True,q0,3,12.0,14.0,14.0,14.0,16.0,11.66,1,False,25.629,29.852,6,
700,1980,clickbench_approx,sf20,cb_sf20,gpu,True,q4,3,25.0,30.0,26.0,26.0,39.0,21.26,1,False,35.931,41.28,6,
700,345,tpch,sf1,tpch_sf1,gpu,True,q1,3,42.0,43.667,42.0,42.0,47.0,5.4,4,False,57.401,58.691,6,
700,345,case_bench,sf1,tpch_sf1,gpu,True,q1,3,8.0,10.0,9.0,9.0,13.0,21.6,5,False,17.693,20.271,6,
700,345,tpch,sf5,tpch_sf5,gpu,True,q1,3,99.0,121.333,105.0,105.0,160.0,22.62,4,False,113.449,134.239,6,
700,345,case_bench,sf5,tpch_sf5,gpu,True,q1,3,7.0,9.0,8.0,8.0,12.0,24.0,5,False,17.244,19.606,6,
700,345,tpch,sf10,tpch_sf10,gpu,True,q1,3,187.0,191.333,191.0,191.0,196.0,1.92,4,False,202.117,203.911,6,
700,345,case_bench,sf10,tpch_sf10,gpu,True,q1,3,8.0,9.0,8.0,8.0,11.0,15.71,5,False,17.738,20.537,6,
700,345,tpch,sf20,tpch_sf20,gpu,True,q1,3,361.0,365.0,366.0,366.0,368.0,0.81,4,False,373.417,376.69,6,
700,345,case_bench,sf20,tpch_sf20,gpu,True,q1,3,9.0,9.667,9.0,9.0,11.0,9.75,5,False,20.886,22.164,6,
700,345,h2o,1gb,h2o_1gb,gpu,True,q1,3,27.0,30.0,30.0,30.0,33.0,8.16,100,False,40.478,42.19,6,
700,345,h2o,2gb,h2o_2gb,gpu,True,q1,3,44.0,46.667,47.0,47.0,49.0,4.4,100,False,56.564,57.606,6,
700,345,h2o,4gb,h2o_4gb,gpu,True,q1,3,78.0,82.333,82.0,82.0,87.0,4.47,100,False,88.593,92.934,6,
700,345,h2o,8gb,h2o_8gb,gpu,True,q1,3,140.0,146.0,143.0,143.0,155.0,4.44,100,False,151.321,157.837,6,
700,345,clickbench,sf1,cb_sf1,gpu,True,q0,3,8.0,9.333,9.0,9.0,11.0,13.36,1,False,16.146,19.898,6,
700,345,clickbench_approx,sf1,cb_sf1,gpu,True,q4,3,10.0,11.667,11.0,11.0,14.0,14.57,1,False,19.688,23.329,6,
700,345,clickbench,sf5,cb_sf5,gpu,True,q0,3,8.0,11.0,12.0,12.0,13.0,19.64,1,False,23.037,26.5,6,
700,345,clickbench_approx,sf5,cb_sf5,gpu,True,q4,3,15.0,16.667,16.0,16.0,19.0,10.2,1,False,24.484,26.981,6,
700,345,clickbench,sf10,cb_sf10,gpu,True,q0,3,8.0,8.0,8.0,8.0,8.0,0.0,1,False,18.951,19.872,6,
700,345,clickbench_approx,sf10,cb_sf10,gpu,True,q4,3,20.0,20.0,20.0,20.0,20.0,0.0,1,False,30.68,31.048,6,
700,345,clickbench,sf20,cb_sf20,gpu,True,q0,3,9.0,9.0,9.0,9.0,9.0,0.0,1,False,18.664,19.35,6,
700,345,clickbench_approx,sf20,cb_sf20,gpu,True,q4,3,28.0,31.0,32.0,32.0,33.0,6.97,1,False,42.471,43.141,6,
700,750,tpch,sf1,tpch_sf1,gpu,True,q1,3,42.0,42.667,43.0,43.0,43.0,1.1,4,False,52.831,54.01,6,
700,750,case_bench,sf1,tpch_sf1,gpu,True,q1,3,7.0,7.667,8.0,8.0,8.0,6.15,5,False,16.526,18.711,6,
700,750,tpch,sf5,tpch_sf5,gpu,True,q1,3,100.0,102.333,100.0,100.0,107.0,3.22,4,False,111.042,114.147,6,
700,750,case_bench,sf5,tpch_sf5,gpu,True,q1,3,8.0,9.0,9.0,9.0,10.0,9.07,5,False,19.38,20.105,6,
700,750,tpch,sf10,tpch_sf10,gpu,True,q1,3,187.0,227.667,191.0,191.0,305.0,24.03,4,False,198.552,240.75,6,
700,750,case_bench,sf10,tpch_sf10,gpu,True,q1,3,8.0,10.0,10.0,10.0,12.0,16.33,5,False,17.89,21.653,6,
700,750,tpch,sf20,tpch_sf20,gpu,True,q1,3,339.0,360.0,343.0,343.0,398.0,7.48,4,False,354.046,374.5,6,
700,750,case_bench,sf20,tpch_sf20,gpu,True,q1,3,7.0,8.333,9.0,9.0,9.0,11.31,5,False,17.075,17.617,6,
700,750,h2o,1gb,h2o_1gb,gpu,True,q1,3,31.0,35.333,37.0,37.0,38.0,8.75,100,False,42.705,54.729,6,
700,750,h2o,2gb,h2o_2gb,gpu,True,q1,3,42.0,43.333,43.0,43.0,45.0,2.88,100,False,52.782,53.863,6,
700,750,h2o,4gb,h2o_4gb,gpu,True,q1,3,71.0,74.667,73.0,73.0,80.0,5.17,100,False,81.282,85.131,6,
700,750,h2o,8gb,h2o_8gb,gpu,True,q1,3,138.0,140.667,141.0,141.0,143.0,1.46,100,False,149.014,151.656,6,
700,750,clickbench,sf1,cb_sf1,gpu,True,q0,3,7.0,13.0,13.0,13.0,19.0,37.68,1,False,18.932,24.134,6,
700,750,clickbench_approx,sf1,cb_sf1,gpu,True,q4,3,10.0,10.667,10.0,10.0,12.0,8.84,1,False,18.888,21.139,6,
700,750,clickbench,sf5,cb_sf5,gpu,True,q0,3,8.0,8.0,8.0,8.0,8.0,0.0,1,False,16.718,17.064,6,
700,750,clickbench_approx,sf5,cb_sf5,gpu,True,q4,3,15.0,17.0,16.0,16.0,20.0,12.71,1,False,25.161,27.536,6,
700,750,clickbench,sf10,cb_sf10,gpu,True,q0,3,8.0,10.0,11.0,11.0,11.0,14.14,1,False,17.752,21.671,6,
700,750,clickbench_approx,sf10,cb_sf10,gpu,True,q4,3,21.0,22.667,22.0,22.0,25.0,7.5,1,False,32.382,35.565,6,
700,750,clickbench,sf20,cb_sf20,gpu,True,q0,3,8.0,8.0,8.0,8.0,8.0,0.0,1,False,18.231,18.787,6,
700,750,clickbench_approx,sf20,cb_sf20,gpu,True,q4,3,26.0,27.667,27.0,27.0,30.0,6.14,1,False,36.244,39.33,6,
