pl_w,sm_mhz,suite,sf,query,K,cold,n_rows,count_wrapped,window_s,lat_min_ms,lat_mean_ms,P_load_W,P_idle_W,duty,E_total_mJ,E_dyn_mJ,cv_pct,ci95_mJ,E_paper_mJ,paper_err_pct,gpu_checked,error
200,1155,tpch,sf1,q1,20,True,4,False,7.044,38.0,40.283,77.97,77.22,0.114,27462.65,262.893,0.046,17.403,2962.836,-89.21,6,
200,1155,case_bench,sf1,q1,20,True,5,False,6.401,7.0,9.15,78.51,77.18,0.029,25128.583,425.48,0.727,253.111,549.554,-97.81,6,
200,1155,tpch,sf5,q1,20,True,4,False,8.105,79.0,92.867,79.34,77.24,0.228,32147.983,847.702,3.375,1503.729,6267.928,-80.5,6,
200,1155,case_bench,sf5,q1,20,True,5,False,6.41,7.0,10.417,78.44,77.18,0.032,25141.95,403.193,0.725,252.675,549.084,-97.82,6,
200,1155,tpch,sf10,q1,20,True,4,False,9.193,142.0,146.833,80.36,76.97,0.319,36938.8,1559.833,0.101,51.578,11411.443,-69.11,6,
200,1155,case_bench,sf10,q1,20,True,5,False,6.379,7.0,8.633,78.39,79.08,0.027,25001.317,-220.166,0.036,12.647,548.739,-97.81,6,
200,1155,tpch,sf20,q1,20,True,4,False,11.89,270.0,281.183,82.06,77.07,0.473,48780.85,2962.334,0.62,419.18,22155.198,-54.58,6,
200,1155,case_bench,sf20,q1,20,True,5,False,6.405,7.0,9.8,78.08,77.16,0.031,25004.167,293.217,0.077,26.678,546.569,-97.81,6,
200,1155,h2o,1gb,q1,20,True,100,False,6.773,25.0,27.467,78.56,77.09,0.081,26604.7,498.718,0.029,10.622,1964.013,-92.62,6,
200,1155,h2o,2gb,q1,20,True,100,False,7.066,39.0,41.767,78.44,79.07,0.118,27713.55,-223.067,0.648,248.802,3059.17,-88.96,6,
200,1155,h2o,4gb,q1,20,True,100,False,7.692,64.0,73.167,79.18,77.1,0.19,30457.367,804.208,2.415,1019.341,5067.782,-83.36,6,
200,1155,h2o,8gb,q1,20,True,100,False,8.662,114.0,121.283,79.23,77.1,0.28,34313.933,919.08,0.606,288.019,9031.817,-73.68,6,
200,1155,clickbench,sf1,q0,20,True,1,False,6.378,7.0,8.983,78.02,77.01,0.028,24878.667,321.005,0.777,267.918,546.132,-97.8,6,
200,1155,clickbench_approx,sf1,q4,20,True,1,False,6.445,10.0,10.783,78.35,77.08,0.033,25247.75,408.521,0.661,231.219,783.489,-96.9,6,
200,1155,clickbench,sf5,q0,20,True,1,False,6.624,7.0,9.55,78.21,76.89,0.029,25894.017,426.314,3.918,1406.142,547.436,-97.89,6,
200,1155,clickbench_approx,sf5,q4,20,True,1,False,6.557,15.0,17.367,78.22,77.07,0.053,25644.917,378.783,0.704,250.36,1173.372,-95.42,6,
200,1155,clickbench,sf10,q0,20,True,1,False,6.472,7.0,13.583,78.38,79.01,0.042,25365.817,-204.734,2.168,762.036,548.643,-97.84,6,
200,1155,clickbench_approx,sf10,q4,20,True,1,False,6.6,17.0,19.4,78.23,77.02,0.059,25814.233,400.065,0.014,4.875,1329.929,-94.85,6,
200,1155,clickbench,sf20,q0,20,True,1,False,6.389,7.0,9.367,77.79,77.09,0.029,24850.417,226.013,0.735,253.205,544.556,-97.81,6,
200,1155,clickbench_approx,sf20,q4,20,True,1,False,6.719,23.0,25.15,78.56,77.03,0.075,26391.267,512.468,0.71,259.856,1806.843,-93.15,6,
200,1575,tpch,sf1,q1,20,True,4,False,7.022,37.0,39.483,104.36,102.61,0.112,36642.733,615.676,0.65,330.031,3861.362,-89.46,6,
200,1575,case_bench,sf1,q1,20,True,5,False,6.395,7.0,9.483,104.0,102.62,0.03,33254.4,440.184,0.039,17.836,727.984,-97.81,6,
200,1575,tpch,sf5,q1,20,True,4,False,8.0,78.0,87.433,105.17,102.87,0.218,42067.067,917.032,1.066,621.631,8203.154,-80.5,6,
200,1575,case_bench,sf5,q1,20,True,5,False,6.404,7.0,10.233,103.84,102.84,0.032,33248.917,320.737,0.004,1.679,726.91,-97.81,6,
200,1575,tpch,sf10,q1,20,True,4,False,10.275,140.0,200.817,106.44,102.87,0.378,54620.017,1770.878,14.108,10679.859,14901.987,-72.72,6,
200,1575,case_bench,sf10,q1,20,True,5,False,6.428,7.0,10.483,104.08,102.85,0.033,33450.5,394.679,0.723,334.966,728.542,-97.82,6,
200,1575,tpch,sf20,q1,20,True,4,False,12.148,284.0,294.1,108.96,102.84,0.484,66183.683,3719.968,0.435,399.305,30944.599,-53.24,6,
200,1575,case_bench,sf20,q1,20,True,5,False,6.423,7.0,10.7,104.18,102.92,0.033,33461.117,406.05,0.732,339.24,729.285,-97.82,6,
200,1575,h2o,1gb,q1,20,True,100,False,7.193,26.0,47.333,104.3,102.89,0.128,37508.983,505.332,6.79,3529.645,2711.753,-92.77,6,
200,1575,h2o,2gb,q1,20,True,100,False,7.118,40.0,43.833,104.98,103.11,0.123,37361.967,666.64,0.658,340.829,4199.33,-88.76,6,
200,1575,h2o,4gb,q1,20,True,100,False,7.755,69.0,75.0,105.17,103.05,0.193,40782.7,821.249,0.69,389.73,7256.897,-82.21,6,
200,1575,h2o,8gb,q1,20,True,100,False,9.176,122.0,145.95,105.76,103.01,0.317,48517.35,1257.129,4.416,2969.305,12903.025,-73.41,6,
200,1575,clickbench,sf1,q0,20,True,1,False,6.403,8.0,9.35,104.21,103.12,0.029,33364.617,349.252,0.029,13.329,833.681,-97.5,6,
200,1575,clickbench_approx,sf1,q4,20,True,1,False,6.471,10.0,12.683,104.22,103.11,0.039,33718.067,357.076,0.707,330.481,1042.166,-96.91,6,
200,1575,clickbench,sf5,q0,20,True,1,False,6.435,8.0,11.067,104.11,103.05,0.034,33496.167,339.821,0.71,329.447,832.912,-97.51,6,
200,1575,clickbench_approx,sf5,q4,20,True,1,False,6.638,16.0,19.817,104.19,103.0,0.06,34581.267,395.076,0.711,340.853,1667.115,-95.18,6,
200,1575,clickbench,sf10,q0,20,True,1,False,6.399,8.0,8.933,104.24,103.17,0.028,33353.783,342.089,0.055,25.283,833.941,-97.5,6,
200,1575,clickbench_approx,sf10,q4,20,True,1,False,6.659,18.0,21.55,104.38,102.98,0.065,34752.033,465.102,0.704,338.833,1878.846,-94.59,6,
200,1575,clickbench,sf20,q0,20,True,1,False,6.433,8.0,10.633,104.25,103.0,0.033,33531.733,402.699,0.741,344.587,834.03,-97.51,6,
200,1575,clickbench_approx,sf20,q4,20,True,1,False,6.787,24.0,27.8,104.86,103.12,0.082,35586.317,592.9,1.261,621.789,2516.672,-92.93,6,
200,1980,tpch,sf1,q1,20,True,4,False,7.132,39.0,44.0,117.78,116.29,0.123,41998.517,533.213,0.652,379.628,4593.47,-89.06,6,
200,1980,case_bench,sf1,q1,20,True,5,False,6.409,8.0,9.883,118.26,116.54,0.031,37895.5,550.934,0.718,377.013,946.052,-97.5,6,
200,1980,tpch,sf5,q1,20,True,4,False,8.106,84.0,92.333,119.32,116.62,0.228,48357.533,1094.127,0.849,569.242,10022.597,-79.27,6,
200,1980,case_bench,sf5,q1,20,True,5,False,6.446,8.0,11.517,117.99,116.41,0.036,38026.45,506.675,0.727,382.916,943.885,-97.52,6,
200,1980,tpch,sf10,q1,20,True,4,False,9.674,149.0,170.5,122.21,117.28,0.352,59113.583,2388.565,2.121,1738.064,18209.22,-69.2,6,
200,1980,case_bench,sf10,q1,20,True,5,False,6.406,7.0,9.85,119.49,118.42,0.031,38273.567,339.419,0.024,12.556,836.399,-97.81,6,
200,1980,tpch,sf20,q1,20,True,4,False,12.386,286.0,306.1,123.52,118.07,0.494,76497.983,3375.944,0.058,61.105,35327.563,-53.82,6,
200,1980,case_bench,sf20,q1,20,True,5,False,6.419,7.0,10.767,118.3,117.57,0.034,37971.233,236.025,0.054,28.539,828.128,-97.82,6,
200,1980,h2o,1gb,q1,20,True,100,False,6.798,25.0,28.15,119.78,117.61,0.083,40714.233,737.39,0.696,392.823,2994.476,-92.65,6,
200,1980,h2o,2gb,q1,20,True,100,False,7.13,40.0,44.25,119.53,117.65,0.124,42611.567,670.879,0.595,351.226,4781.305,-88.78,6,
200,1980,h2o,4gb,q1,20,True,100,False,7.759,67.0,74.867,119.73,117.97,0.193,46446.133,682.064,0.597,384.381,8021.689,-82.73,6,
200,1980,h2o,8gb,q1,20,True,100,False,8.891,120.0,131.633,121.03,118.06,0.296,53802.767,1317.399,0.221,164.966,14523.343,-73.01,6,
200,1980,clickbench,sf1,q0,20,True,1,False,6.427,8.0,10.5,119.22,118.07,0.033,38312.467,368.959,0.655,347.786,953.757,-97.51,6,
200,1980,clickbench_approx,sf1,q4,20,True,1,False,6.458,10.0,11.75,119.34,117.98,0.036,38536.933,437.189,0.562,300.381,1193.383,-96.9,6,
200,1980,clickbench,sf5,q0,20,True,1,False,6.415,8.0,9.533,118.7,117.8,0.03,38075.4,288.153,0.103,54.25,949.616,-97.51,6,
200,1980,clickbench_approx,sf5,q4,20,True,1,False,6.673,16.0,22.25,119.62,117.79,0.066,39910.617,612.137,2.066,1142.975,1913.93,-95.2,6,
200,1980,clickbench,sf10,q0,20,True,1,False,6.405,8.0,9.317,119.08,118.19,0.029,38136.583,286.971,0.037,19.577,952.676,-97.5,6,
200,1980,clickbench_approx,sf10,q4,20,True,1,False,6.638,17.0,20.433,119.14,118.02,0.062,39543.15,370.374,0.63,345.324,2025.371,-94.88,6,
200,1980,clickbench,sf20,q0,20,True,1,False,6.417,8.0,10.1,119.63,118.18,0.031,38387.283,465.589,0.775,412.371,957.058,-97.51,6,
200,1980,clickbench_approx,sf20,q4,20,True,1,False,6.797,24.0,28.133,119.47,118.04,0.083,40604.833,487.61,0.099,55.925,2867.369,-92.94,6,
200,345,tpch,sf1,q1,20,True,4,False,7.109,40.0,43.5,71.58,70.03,0.122,25442.75,551.45,0.657,231.827,2863.186,-88.75,6,
200,345,case_bench,sf1,q1,20,True,5,False,6.381,7.0,8.367,71.25,69.99,0.026,22730.133,399.266,0.016,5.128,498.724,-97.81,6,
200,345,tpch,sf5,q1,20,True,4,False,8.71,98.0,119.767,72.37,71.74,0.274,31512.167,272.689,2.917,1273.933,7092.255,-77.49,6,
200,345,case_bench,sf5,q1,20,True,5,False,6.426,7.0,10.817,71.24,70.02,0.034,22888.667,393.268,0.72,228.435,498.691,-97.82,6,
200,345,tpch,sf10,q1,20,True,4,False,9.96,180.0,185.4,73.19,71.69,0.372,36448.55,745.075,0.501,252.849,13173.92,-63.86,6,
200,345,case_bench,sf10,q1,20,True,5,False,6.418,7.0,10.467,71.34,70.09,0.033,22892.7,400.246,0.706,224.006,499.35,-97.82,6,
200,345,tpch,sf20,q1,20,True,4,False,13.987,347.0,386.133,74.54,70.05,0.551,52125.133,3134.363,4.338,3133.87,25864.949,-50.38,6,
200,345,case_bench,sf20,q1,20,True,5,False,6.409,8.0,9.817,71.49,70.15,0.031,22911.2,430.507,0.726,230.552,571.946,-97.5,6,
200,345,h2o,1gb,q1,20,True,100,False,6.822,28.0,30.167,71.52,70.16,0.088,24393.1,462.64,0.708,239.474,2002.499,-91.79,6,
200,345,h2o,2gb,q1,20,True,100,False,7.162,43.0,46.633,71.65,70.15,0.13,25657.883,534.357,0.684,243.076,3080.827,-87.99,6,
200,345,h2o,4gb,q1,20,True,100,False,7.792,74.0,77.567,71.9,70.06,0.199,28011.75,717.808,0.036,14.111,5320.485,-81.01,6,
200,345,h2o,8gb,q1,20,True,100,False,9.042,132.0,140.467,72.58,70.22,0.311,32812.017,1066.619,0.471,214.271,9580.605,-70.8,6,
200,345,clickbench,sf1,q0,20,True,1,False,6.426,7.0,9.533,71.62,70.03,0.03,23009.683,509.903,0.727,231.954,501.336,-97.82,6,
200,345,clickbench_approx,sf1,q4,20,True,1,False,6.444,10.0,12.017,71.47,70.14,0.037,23029.317,429.121,0.732,233.582,714.693,-96.9,6,
200,345,clickbench,sf5,q0,20,True,1,False,6.392,8.0,9.483,71.22,70.12,0.03,22762.233,351.815,0.012,3.754,569.785,-97.5,6,
200,345,clickbench_approx,sf5,q4,20,True,1,False,7.315,16.0,54.267,71.34,70.05,0.145,26097.983,476.683,6.064,2193.512,1141.419,-95.63,6,
200,345,clickbench,sf10,q0,20,True,1,False,6.706,8.0,24.567,71.42,70.18,0.07,23940.367,406.817,5.911,1961.267,571.376,-97.61,6,
200,345,clickbench_approx,sf10,q4,20,True,1,False,6.625,19.0,20.45,71.45,71.67,0.062,23665.5,-73.94,0.702,230.391,1357.482,-94.26,6,
200,345,clickbench,sf20,q0,20,True,1,False,6.4,8.0,9.433,71.19,70.15,0.029,22780.717,333.156,0.012,3.893,569.536,-97.5,6,
200,345,clickbench_approx,sf20,q4,20,True,1,False,6.791,26.0,28.2,71.64,70.11,0.083,24326.517,517.896,0.091,30.776,1862.612,-92.34,6,
200,750,tpch,sf1,q1,20,True,4,False,7.069,39.0,41.45,73.12,72.55,0.117,25845.567,202.877,0.014,5.128,2851.735,-88.97,6,
200,750,case_bench,sf1,q1,20,True,5,False,6.456,8.0,11.533,73.68,72.53,0.036,23782.65,367.763,0.744,245.195,589.405,-97.52,6,
200,750,tpch,sf5,q1,20,True,4,False,8.511,92.0,112.7,74.55,72.48,0.264,31720.583,876.677,2.411,1059.755,6858.266,-78.38,6,
200,750,case_bench,sf5,q1,20,True,5,False,6.393,8.0,8.683,73.57,72.38,0.027,23518.817,382.669,0.025,8.117,588.6,-97.5,6,
200,750,tpch,sf10,q1,20,True,4,False,9.743,168.0,174.35,75.43,72.4,0.358,36745.417,1477.016,0.529,269.636,12672.653,-65.51,6,
200,750,case_bench,sf10,q1,20,True,5,False,6.404,8.0,9.617,73.4,72.42,0.03,23500.8,313.276,0.003,1.091,587.186,-97.5,6,
200,750,tpch,sf20,q1,20,True,4,False,12.935,322.0,333.75,77.01,72.37,0.516,49802.833,2997.212,0.464,320.605,24795.643,-50.21,6,
200,750,case_bench,sf20,q1,20,True,5,False,6.538,8.0,15.967,73.77,72.42,0.049,24113.55,442.011,1.889,631.453,590.142,-97.55,6,
200,750,h2o,1gb,q1,20,True,100,False,7.266,28.0,51.9,73.96,72.43,0.137,26860.717,544.37,7.617,2835.647,2070.921,-92.29,6,
200,750,h2o,2gb,q1,20,True,100,False,7.121,42.0,44.917,73.98,72.41,0.126,26340.067,560.716,0.646,235.832,3107.141,-88.2,6,
200,750,h2o,4gb,q1,20,True,100,False,7.729,71.0,74.867,74.17,72.33,0.194,28660.717,708.843,0.603,239.6,5265.722,-81.63,6,
200,750,h2o,8gb,q1,20,True,100,False,9.038,128.0,140.267,74.86,72.45,0.31,33827.517,1087.302,2.564,1202.277,9581.651,-71.67,6,
200,750,clickbench,sf1,q0,20,True,1,False,6.388,7.0,9.317,73.57,72.38,0.029,23498.7,378.808,0.03,9.764,514.971,-97.81,6,
200,750,clickbench_approx,sf1,q4,20,True,1,False,6.465,10.0,13.133,73.51,72.38,0.041,23760.883,367.361,0.714,235.052,735.11,-96.91,6,
200,750,clickbench,sf5,q0,20,True,1,False,6.391,7.0,9.267,73.59,72.43,0.029,23512.567,369.597,0.036,11.883,515.101,-97.81,6,
200,750,clickbench_approx,sf5,q4,20,True,1,False,6.549,16.0,17.05,73.75,72.43,0.052,24148.35,429.731,0.728,243.792,1179.932,-95.11,6,
200,750,clickbench,sf10,q0,20,True,1,False,6.393,8.0,9.133,73.54,72.37,0.029,23507.283,374.369,0.052,16.981,588.309,-97.5,6,
200,750,clickbench_approx,sf10,q4,20,True,1,False,6.648,19.0,21.667,73.87,72.42,0.065,24554.15,480.427,0.7,238.25,1403.501,-94.28,6,
200,750,clickbench,sf20,q0,20,True,1,False,6.386,7.0,8.933,73.64,72.32,0.028,23512.467,420.723,0.014,4.531,515.478,-97.81,6,
200,750,clickbench_approx,sf20,q4,20,True,1,False,6.807,27.0,29.15,74.13,72.46,0.086,25231.75,569.17,0.666,232.797,2001.555,-92.07,6,
325,1155,tpch,sf1,q1,20,True,4,False,7.238,36.0,49.583,78.93,77.36,0.136,28562.75,566.539,3.209,1270.486,2841.615,-90.05,6,
325,1155,case_bench,sf1,q1,20,True,5,False,6.583,7.0,16.8,78.6,77.43,0.051,25871.133,381.721,0.024,8.685,550.201,-97.87,6,
325,1155,tpch,sf5,q1,20,True,4,False,8.416,81.0,107.85,79.61,77.4,0.254,33495.667,926.188,5.416,2514.184,6448.497,-80.75,6,
325,1155,case_bench,sf5,q1,20,True,5,False,6.636,9.0,19.083,78.73,77.37,0.057,26115.717,445.236,1.798,650.647,708.552,-97.29,6,
325,1155,tpch,sf10,q1,20,True,4,False,10.004,154.0,185.617,80.55,77.44,0.371,40290.817,1555.641,2.102,1173.81,12404.532,-69.21,6,
325,1155,case_bench,sf10,q1,20,True,5,False,6.46,7.0,10.65,78.47,77.43,0.033,25345.05,336.028,0.731,256.648,549.282,-97.83,6,
325,1155,tpch,sf20,q1,20,True,4,False,13.132,293.0,343.367,81.85,77.39,0.522,53743.967,2925.261,3.343,2489.773,23982.913,-55.38,6,
325,1155,case_bench,sf20,q1,20,True,5,False,6.536,8.0,12.15,78.74,79.41,0.037,25734.05,-216.737,0.634,226.184,629.959,-97.55,6,
325,1155,h2o,1gb,q1,20,True,100,False,6.871,25.0,30.3,78.86,77.24,0.088,27093.05,557.448,1.139,427.509,1971.464,-92.72,6,
325,1155,h2o,2gb,q1,20,True,100,False,7.205,40.0,47.567,78.77,77.43,0.132,28376.017,479.721,1.15,452.133,3150.667,-88.9,6,
325,1155,h2o,4gb,q1,20,True,100,False,8.057,68.0,88.617,79.16,77.47,0.22,31886.067,675.461,2.303,1017.908,5382.601,-83.12,6,
325,1155,h2o,8gb,q1,20,True,100,False,9.24,121.0,147.9,79.41,77.43,0.32,36686.083,914.175,2.553,1297.815,9608.608,-73.81,6,
325,1155,clickbench,sf1,q0,20,True,1,False,6.43,7.0,9.167,78.45,77.46,0.029,25224.15,317.604,0.766,267.753,549.167,-97.82,6,
325,1155,clickbench_approx,sf1,q4,20,True,1,False,6.64,9.0,19.817,78.42,77.27,0.059,26035.017,382.28,2.848,1027.467,705.758,-97.29,6,
325,1155,clickbench,sf5,q0,20,True,1,False,6.567,7.0,17.283,77.93,77.42,0.052,25586.167,166.769,3.094,1097.025,545.51,-97.87,6,
325,1155,clickbench_approx,sf5,q4,20,True,1,False,6.768,15.0,26.917,78.89,77.38,0.078,26694.233,505.516,3.143,1162.893,1183.307,-95.57,6,
325,1155,clickbench,sf10,q0,20,True,1,False,6.693,7.0,22.733,78.48,77.5,0.067,26265.117,331.615,3.226,1174.464,549.373,-97.91,6,
325,1155,clickbench_approx,sf10,q4,20,True,1,False,6.922,17.0,23.033,78.63,77.41,0.066,27216.633,425.61,4.713,1777.639,1336.757,-95.09,6,
325,1155,clickbench,sf20,q0,20,True,1,False,6.907,7.0,31.983,78.25,77.38,0.085,27022.167,302.281,10.157,3803.805,547.746,-97.97,6,
325,1155,clickbench_approx,sf20,q4,20,True,1,False,6.961,24.0,36.75,78.74,77.42,0.104,27400.883,453.396,3.342,1269.334,1889.722,-93.1,6,
325,1575,tpch,sf1,q1,20,True,4,False,7.195,39.0,46.2,105.93,103.68,0.128,38109.917,811.534,0.634,334.984,4131.43,-89.16,6,
325,1575,case_bench,sf1,q1,20,True,5,False,6.486,7.0,11.183,105.51,104.09,0.034,34215.6,456.912,1.269,601.539,738.562,-97.84,6,
325,1575,tpch,sf5,q1,20,True,4,False,8.247,85.0,99.15,106.28,104.25,0.24,43825.983,835.918,1.418,861.062,9033.746,-79.39,6,
325,1575,case_bench,sf5,q1,20,True,5,False,6.7,8.0,19.85,105.97,104.39,0.058,35494.583,522.517,3.004,1477.596,847.767,-97.61,6,
325,1575,tpch,sf10,q1,20,True,4,False,10.845,150.0,228.517,108.19,103.97,0.414,58633.05,2255.437,11.201,9102.221,16228.39,-72.32,6,
325,1575,case_bench,sf10,q1,20,True,5,False,6.483,9.0,10.967,105.72,104.23,0.034,34268.017,483.628,0.025,12.027,951.478,-97.22,6,
325,1575,tpch,sf20,q1,20,True,4,False,12.94,273.0,330.7,110.11,104.37,0.511,71249.633,3721.459,3.98,3930.604,30060.642,-57.81,6,
325,1575,case_bench,sf20,q1,20,True,5,False,6.8,8.0,26.133,105.46,104.34,0.074,35843.117,369.847,5.272,2618.925,843.699,-97.65,6,
325,1575,h2o,1gb,q1,20,True,100,False,6.809,24.0,28.55,106.01,104.11,0.084,36090.583,645.863,0.705,352.869,2544.281,-92.95,6,
325,1575,h2o,2gb,q1,20,True,100,False,7.449,37.0,59.267,105.56,103.89,0.158,39313.783,618.823,2.172,1183.458,3905.709,-90.07,6,
325,1575,h2o,4gb,q1,20,True,100,False,8.634,63.0,118.267,106.51,104.09,0.26,45949.717,1013.304,13.9,8851.959,6709.835,-85.4,6,
325,1575,h2o,8gb,q1,20,True,100,False,9.772,113.0,173.45,106.84,104.23,0.352,52191.367,1267.719,7.285,5269.694,12072.728,-76.87,6,
325,1575,clickbench,sf1,q0,20,True,1,False,6.837,8.0,27.117,105.78,104.24,0.076,36167.25,535.264,6.498,3256.913,846.257,-97.66,6,
325,1575,clickbench_approx,sf1,q4,20,True,1,False,6.645,10.0,16.317,105.08,104.13,0.049,34916.183,318.041,1.871,905.164,1050.794,-96.99,6,
325,1575,clickbench,sf5,q0,20,True,1,False,6.599,7.0,19.017,105.48,104.35,0.057,34805.567,376.824,3.27,1577.567,738.348,-97.88,6,
325,1575,clickbench_approx,sf5,q4,20,True,1,False,6.996,15.0,30.1,105.42,104.23,0.085,36891.15,431.42,5.942,3038.254,1581.365,-95.71,6,
325,1575,clickbench,sf10,q0,20,True,1,False,6.78,8.0,16.183,104.67,103.71,0.048,35484.55,323.854,1.774,872.481,837.388,-97.64,6,
325,1575,clickbench_approx,sf10,q4,20,True,1,False,6.783,16.0,28.25,105.31,103.81,0.082,35716.85,508.575,4.468,2211.683,1684.897,-95.28,6,
325,1575,clickbench,sf20,q0,20,True,1,False,6.595,7.0,18.767,105.18,104.2,0.056,34679.533,320.398,3.245,1559.67,736.244,-97.88,6,
325,1575,clickbench_approx,sf20,q4,20,True,1,False,6.958,22.0,35.9,106.0,106.81,0.102,36880.617,-277.062,4.343,2219.77,2332.103,-93.68,6,
325,1980,tpch,sf1,q1,20,True,4,False,7.196,39.0,46.017,120.14,118.69,0.128,43226.5,518.622,0.065,38.959,4685.495,-89.16,6,
325,1980,case_bench,sf1,q1,20,True,5,False,6.743,9.0,13.483,119.72,118.4,0.04,40364.683,448.435,3.637,2034.55,1077.495,-97.33,6,
325,1980,tpch,sf5,q1,20,True,4,False,8.245,80.0,95.7,120.74,118.0,0.232,49774.983,1129.273,0.518,357.401,9659.462,-80.59,6,
325,1980,case_bench,sf5,q1,20,True,5,False,6.715,9.0,23.717,119.36,118.12,0.07,40073.0,411.928,2.136,1186.358,1074.254,-97.32,6,
325,1980,tpch,sf10,q1,20,True,4,False,10.366,140.0,204.233,123.1,121.49,0.394,63807.0,834.799,2.674,2365.083,17234.097,-72.99,6,
325,1980,case_bench,sf10,q1,20,True,5,False,6.529,9.0,12.467,119.21,118.77,0.038,38914.167,143.001,1.287,693.905,1072.921,-97.24,6,
325,1980,tpch,sf20,q1,20,True,4,False,12.344,271.0,302.367,125.13,121.49,0.49,77232.167,2243.95,0.508,543.819,33909.578,-56.09,6,
325,1980,case_bench,sf20,q1,20,True,5,False,6.639,9.0,20.283,119.71,118.7,0.06,39743.033,337.803,3.951,2176.102,1077.367,-97.29,6,
325,1980,h2o,1gb,q1,20,True,100,False,6.944,25.0,33.933,119.67,121.4,0.098,41553.3,-596.457,1.773,1020.975,2991.849,-92.8,6,
325,1980,h2o,2gb,q1,20,True,100,False,7.202,39.0,46.55,120.01,118.05,0.129,43215.583,703.847,1.182,707.736,4680.379,-89.17,6,
325,1980,h2o,4gb,q1,20,True,100,False,7.847,65.0,79.417,120.5,118.71,0.202,47281.95,707.687,2.425,1589.366,7832.273,-83.43,6,
325,1980,h2o,8gb,q1,20,True,100,False,8.771,115.0,125.6,121.49,118.56,0.286,53281.95,1285.78,0.539,397.766,13971.401,-73.78,6,
325,1980,clickbench,sf1,q0,20,True,1,False,6.541,8.0,16.283,119.8,118.84,0.049,39180.1,313.916,2.983,1619.891,958.435,-97.55,6,
325,1980,clickbench_approx,sf1,q4,20,True,1,False,6.902,10.0,33.633,118.25,118.56,0.095,40809.35,-108.072,5.317,3007.249,1182.517,-97.1,6,
325,1980,clickbench,sf5,q0,20,True,1,False,6.469,8.0,11.033,118.72,118.07,0.034,38401.033,210.973,0.646,343.798,949.744,-97.53,6,
325,1980,clickbench_approx,sf5,q4,20,True,1,False,6.802,15.0,27.083,119.76,118.72,0.078,40727.15,350.075,4.123,2327.272,1796.352,-95.59,6,
325,1980,clickbench,sf10,q0,20,True,1,False,6.469,8.0,11.383,119.51,118.38,0.035,38655.233,368.487,0.708,379.436,956.117,-97.53,6,
325,1980,clickbench_approx,sf10,q4,20,True,1,False,6.958,17.0,34.1,120.08,118.53,0.095,41783.967,547.731,6.388,3699.363,2041.331,-95.11,6,
325,1980,clickbench,sf20,q0,20,True,1,False,6.482,8.0,12.05,119.84,121.52,0.037,38839.867,-541.98,1.216,654.506,958.75,-97.53,6,
325,1980,clickbench_approx,sf20,q4,20,True,1,False,6.882,23.0,29.5,120.31,118.57,0.086,41405.683,604.322,2.21,1268.236,2767.205,-93.32,6,
325,345,tpch,sf1,q1,20,True,4,False,7.185,43.0,46.717,71.52,71.81,0.13,25694.25,-105.041,0.048,17.091,3075.356,-88.03,6,
325,345,case_bench,sf1,q1,20,True,5,False,6.397,8.0,9.483,71.49,70.01,0.03,22865.783,472.957,0.74,234.486,571.919,-97.5,6,
325,345,tpch,sf5,q1,20,True,4,False,8.584,100.0,115.567,72.41,70.17,0.269,31079.8,965.074,1.833,789.572,7241.189,-76.7,6,
325,345,case_bench,sf5,q1,20,True,5,False,6.419,8.0,10.3,71.23,69.99,0.032,22860.317,395.691,0.709,224.712,569.807,-97.51,6,
325,345,tpch,sf10,q1,20,True,4,False,10.226,183.0,198.033,73.09,70.04,0.387,37371.567,1562.362,0.488,252.669,13376.155,-64.21,6,
325,345,case_bench,sf10,q1,20,True,5,False,6.405,8.0,9.55,71.04,71.79,0.03,22752.7,-239.156,0.006,1.757,568.355,-97.5,6,
325,345,tpch,sf20,q1,20,True,4,False,14.237,361.0,396.15,74.37,70.12,0.557,52939.633,3023.369,0.37,271.558,26847.305,-49.29,6,
325,345,case_bench,sf20,q1,20,True,5,False,6.407,8.0,9.8,71.37,70.01,0.031,22863.917,436.606,0.74,234.645,570.971,-97.5,6,
325,345,h2o,1gb,q1,20,True,100,False,6.871,28.0,31.417,71.3,70.09,0.091,24496.983,414.647,0.711,241.309,1996.413,-91.85,6,
325,345,h2o,2gb,q1,20,True,100,False,7.185,44.0,46.667,71.74,70.17,0.13,25773.917,564.827,0.024,8.609,3156.623,-87.75,6,
325,345,h2o,4gb,q1,20,True,100,False,7.925,76.0,83.35,72.22,70.16,0.21,28615.817,815.495,0.642,254.753,5488.424,-80.82,6,
325,345,h2o,8gb,q1,20,True,100,False,9.499,137.0,161.933,72.62,70.14,0.34,34492.833,1181.36,4.12,1969.72,9948.802,-71.16,6,
325,345,clickbench,sf1,q0,20,True,1,False,6.48,8.0,11.717,70.66,70.17,0.036,22892.817,159.461,0.727,230.738,565.257,-97.53,6,
325,345,clickbench_approx,sf1,q4,20,True,1,False,6.453,10.0,11.467,71.29,69.96,0.036,23003.7,429.592,0.736,234.698,712.933,-96.9,6,
325,345,clickbench,sf5,q0,20,True,1,False,6.567,8.0,17.1,71.2,70.14,0.051,23378.783,348.495,3.558,1152.863,569.561,-97.56,6,
325,345,clickbench_approx,sf5,q4,20,True,1,False,6.694,17.0,21.333,70.88,70.14,0.064,23724.983,249.066,0.735,241.523,1204.985,-94.92,6,
325,345,clickbench,sf10,q0,20,True,1,False,6.441,8.0,10.35,70.96,69.97,0.032,22853.233,319.628,0.738,233.698,567.715,-97.52,6,
325,345,clickbench_approx,sf10,q4,20,True,1,False,6.704,20.0,22.983,71.59,69.99,0.069,23995.033,535.076,0.703,233.923,1431.723,-94.03,6,
325,345,clickbench,sf20,q0,20,True,1,False,6.419,8.0,9.583,71.35,70.11,0.03,22898.917,397.915,0.724,229.844,570.796,-97.51,6,
325,345,clickbench_approx,sf20,q4,20,True,1,False,6.85,27.0,30.617,71.7,70.11,0.089,24557.567,546.061,0.681,231.785,1935.938,-92.12,6,
325,750,tpch,sf1,q1,20,True,4,False,7.411,41.0,54.983,73.42,74.4,0.147,27212.883,-355.877,4.16,1568.925,3010.373,-88.94,6,
325,750,case_bench,sf1,q1,20,True,5,False,6.587,8.0,18.167,73.84,72.68,0.054,24314.683,377.954,3.23,1088.362,590.753,-97.57,6,
325,750,tpch,sf5,q1,20,True,4,False,8.54,94.0,110.9,74.64,72.6,0.26,31872.833,869.435,1.936,855.084,7016.094,-77.99,6,
325,750,case_bench,sf5,q1,20,True,5,False,6.433,9.0,10.1,73.63,72.62,0.031,23684.167,324.316,0.707,231.941,662.659,-97.2,6,
325,750,tpch,sf10,q1,20,True,4,False,10.175,172.0,192.017,75.83,72.58,0.377,38579.817,1654.215,2.11,1127.98,13043.347,-66.19,6,
325,750,case_bench,sf10,q1,20,True,5,False,6.424,7.0,10.3,73.76,72.58,0.032,23691.917,380.292,0.708,232.555,516.324,-97.82,6,
325,750,tpch,sf20,q1,20,True,4,False,13.397,328.0,355.3,77.12,72.72,0.53,51659.067,2943.326,0.522,373.733,25295.481,-51.03,6,
325,750,case_bench,sf20,q1,20,True,5,False,6.708,8.0,13.617,73.48,72.53,0.04,24644.8,319.399,2.088,713.266,587.854,-97.61,6,
325,750,h2o,1gb,q1,20,True,100,False,7.684,33.0,62.933,74.04,72.64,0.16,28431.417,525.287,6.372,2510.877,2443.239,-91.41,6,
325,750,h2o,2gb,q1,20,True,100,False,7.171,41.0,46.133,73.61,72.63,0.129,26393.367,350.383,0.646,236.13,3017.871,-88.57,6,
325,750,h2o,4gb,q1,20,True,100,False,7.78,71.0,76.6,74.47,72.57,0.197,28971.367,739.505,0.017,6.843,5287.636,-81.75,6,
325,750,h2o,8gb,q1,20,True,100,False,9.409,128.0,156.483,74.89,72.44,0.332,35228.717,1149.53,3.574,1744.862,9585.532,-72.79,6,
325,750,clickbench,sf1,q0,20,True,1,False,6.414,8.0,9.2,73.95,72.46,0.029,23715.7,478.795,0.74,243.299,591.621,-97.51,6,
325,750,clickbench_approx,sf1,q4,20,True,1,False,6.587,10.0,16.4,73.77,72.62,0.05,24299.0,381.091,1.211,407.859,737.736,-96.96,6,
325,750,clickbench,sf5,q0,20,True,1,False,6.483,8.0,12.267,73.9,72.64,0.038,23955.4,409.853,1.271,422.006,591.186,-97.53,6,
325,750,clickbench_approx,sf5,q4,20,True,1,False,6.652,15.0,20.783,74.01,72.63,0.062,24615.117,456.814,1.399,477.195,1110.084,-95.49,6,
325,750,clickbench,sf10,q0,20,True,1,False,6.411,8.0,9.45,73.96,72.71,0.029,23708.567,401.425,0.737,242.116,591.668,-97.5,6,
325,750,clickbench_approx,sf10,q4,20,True,1,False,6.628,18.0,20.633,73.9,72.44,0.062,24488.783,483.32,0.697,236.69,1330.192,-94.57,6,
325,750,clickbench,sf20,q0,20,True,1,False,6.543,8.0,16.833,73.9,74.43,0.051,24179.467,-171.861,3.551,1189.949,591.197,-97.55,6,
325,750,clickbench_approx,sf20,q4,20,True,1,False,6.813,26.0,29.8,74.3,72.6,0.087,25307.783,578.943,0.631,221.169,1931.792,-92.37,6,
450,1155,tpch,sf1,q1,20,True,4,False,7.322,39.0,53.417,78.89,77.54,0.145,28873.95,489.5,3.511,1405.0,3076.648,-89.34,6,
450,1155,case_bench,sf1,q1,20,True,5,False,6.445,8.0,10.483,78.75,77.51,0.033,25374.767,397.117,0.782,274.91,629.965,-97.52,6,
450,1155,tpch,sf5,q1,20,True,4,False,8.466,85.0,108.617,79.67,77.48,0.256,33724.817,928.321,2.358,1102.269,6772.018,-79.92,6,
450,1155,case_bench,sf5,q1,20,True,5,False,6.446,7.0,10.717,78.68,77.47,0.033,25359.4,391.673,0.706,248.231,550.775,-97.83,6,
450,1155,tpch,sf10,q1,20,True,4,False,10.666,150.0,217.0,80.72,77.58,0.398,43018.533,1643.692,12.894,7687.262,12108.26,-71.85,6,
450,1155,case_bench,sf10,q1,20,True,5,False,6.655,7.0,21.733,78.73,77.48,0.064,26195.833,414.488,3.748,1360.842,551.126,-97.9,6,
450,1155,tpch,sf20,q1,20,True,4,False,12.271,277.0,299.75,82.42,77.62,0.489,50570.75,2945.87,0.891,624.633,22831.515,-54.85,6,
450,1155,case_bench,sf20,q1,20,True,5,False,6.437,9.0,10.617,78.43,77.48,0.033,25244.917,307.093,0.702,245.51,705.902,-97.2,6,
450,1155,h2o,1gb,q1,20,True,100,False,6.838,24.0,30.233,79.02,77.44,0.088,27015.45,540.421,1.371,513.266,1896.459,-92.98,6,
450,1155,h2o,2gb,q1,20,True,100,False,7.263,38.0,51.367,78.82,77.51,0.141,28620.083,471.04,2.23,884.664,2995.187,-89.53,6,
450,1155,h2o,4gb,q1,20,True,100,False,7.738,63.0,74.45,78.88,77.39,0.192,30519.233,578.92,1.565,662.058,4969.442,-83.72,6,
450,1155,h2o,8gb,q1,20,True,100,False,9.078,115.0,140.767,79.6,77.36,0.31,36127.283,1012.149,2.556,1279.702,9153.759,-74.66,6,
450,1155,clickbench,sf1,q0,20,True,1,False,6.54,8.0,15.483,78.57,77.33,0.047,25691.183,405.302,0.739,263.006,628.547,-97.55,6,
450,1155,clickbench_approx,sf1,q4,20,True,1,False,6.453,10.0,11.383,78.5,77.39,0.035,25326.867,357.36,0.708,248.623,784.954,-96.9,6,
450,1155,clickbench,sf5,q0,20,True,1,False,6.91,9.0,21.883,78.14,77.33,0.061,27003.417,288.432,8.127,3041.564,703.226,-97.4,6,
450,1155,clickbench_approx,sf5,q4,20,True,1,False,6.61,16.0,18.383,78.2,77.25,0.056,25846.05,314.525,0.014,4.957,1251.265,-95.16,6,
450,1155,clickbench,sf10,q0,20,True,1,False,6.441,8.0,10.083,78.55,77.24,0.031,25296.983,421.376,0.751,263.188,628.427,-97.52,6,
450,1155,clickbench_approx,sf10,q4,20,True,1,False,6.815,18.0,28.817,77.91,77.3,0.084,26550.75,208.822,2.469,908.361,1402.469,-94.72,6,
450,1155,clickbench,sf20,q0,20,True,1,False,6.559,8.0,16.8,78.39,77.26,0.051,25708.45,371.168,2.567,914.523,627.153,-97.56,6,
450,1155,clickbench_approx,sf20,q4,20,True,1,False,6.887,25.0,31.283,78.76,77.24,0.091,27120.25,520.98,0.031,11.52,1968.897,-92.74,6,
450,1575,tpch,sf1,q1,20,True,4,False,7.282,39.0,50.933,104.93,103.72,0.14,38211.683,447.738,2.356,1247.487,4092.426,-89.29,6,
450,1575,case_bench,sf1,q1,20,True,5,False,6.505,9.0,12.117,104.77,103.74,0.037,34075.233,335.35,1.221,576.563,942.934,-97.23,6,
450,1575,tpch,sf5,q1,20,True,4,False,8.326,84.0,102.65,106.61,103.86,0.246,44388.85,1149.744,3.975,2445.343,8955.641,-79.82,6,
450,1575,case_bench,sf5,q1,20,True,5,False,6.477,7.0,12.683,104.58,103.61,0.039,33864.567,311.093,0.77,361.591,732.042,-97.84,6,
450,1575,tpch,sf10,q1,20,True,4,False,9.956,154.0,184.3,107.44,103.43,0.37,53477.433,1992.94,1.611,1193.71,16545.592,-69.06,6,
450,1575,case_bench,sf10,q1,20,True,5,False,6.527,7.0,12.067,104.76,103.44,0.037,34186.333,431.219,1.491,706.271,733.287,-97.86,6,
450,1575,tpch,sf20,q1,20,True,4,False,12.761,293.0,324.183,108.99,104.06,0.508,69536.083,3142.458,2.508,2417.132,31935.287,-54.07,6,
450,1575,case_bench,sf20,q1,20,True,5,False,6.608,8.0,19.35,104.77,103.59,0.057,34617.033,390.597,4.259,2043.481,838.185,-97.58,6,
450,1575,h2o,1gb,q1,20,True,100,False,6.876,26.0,30.283,105.32,103.53,0.088,36205.083,612.242,0.04,20.256,2738.22,-92.44,6,
450,1575,h2o,2gb,q1,20,True,100,False,7.184,39.0,46.317,105.69,104.09,0.129,37961.433,576.055,1.747,918.924,4121.882,-89.14,6,
450,1575,h2o,4gb,q1,20,True,100,False,7.942,68.0,83.583,106.01,103.55,0.21,42095.883,978.463,2.348,1370.089,7208.845,-82.88,6,
450,1575,h2o,8gb,q1,20,True,100,False,9.284,122.0,149.3,106.62,104.13,0.321,49495.05,1154.529,1.467,1006.381,13007.988,-73.72,6,
450,1575,clickbench,sf1,q0,20,True,1,False,6.521,8.0,14.933,105.3,104.04,0.045,34328.383,406.78,1.9,904.035,842.416,-97.55,6,
450,1575,clickbench_approx,sf1,q4,20,True,1,False,6.709,10.0,22.383,105.43,103.97,0.066,35359.617,482.983,2.798,1371.306,1054.297,-97.02,6,
450,1575,clickbench,sf5,q0,20,True,1,False,6.498,8.0,11.617,105.46,104.05,0.036,34262.583,460.002,0.949,450.744,843.689,-97.54,6,
450,1575,clickbench_approx,sf5,q4,20,True,1,False,6.734,16.0,25.55,104.73,103.51,0.075,35263.817,411.544,2.782,1359.734,1675.73,-95.25,6,
450,1575,clickbench,sf10,q0,20,True,1,False,6.445,8.0,10.067,105.08,106.14,0.031,33864.733,-341.538,0.676,317.467,840.671,-97.52,6,
450,1575,clickbench_approx,sf10,q4,20,True,1,False,6.789,18.0,27.817,105.2,103.64,0.081,35706.75,525.514,3.168,1567.698,1893.579,-94.7,6,
450,1575,clickbench,sf20,q0,20,True,1,False,6.461,8.0,10.7,105.25,103.64,0.033,33999.683,516.771,0.78,367.476,841.96,-97.52,6,
450,1575,clickbench_approx,sf20,q4,20,True,1,False,6.886,24.0,32.233,105.35,103.74,0.094,36272.15,554.117,1.162,584.043,2528.299,-93.03,6,
450,1980,tpch,sf1,q1,20,True,4,False,7.192,39.0,46.733,119.5,117.89,0.13,42972.767,578.158,1.123,668.897,4660.429,-89.15,6,
450,1980,case_bench,sf1,q1,20,True,5,False,6.455,7.0,12.183,119.11,118.28,0.038,38445.133,267.598,0.743,395.799,833.777,-97.83,6,
450,1980,tpch,sf5,q1,20,True,4,False,8.824,85.0,126.867,120.74,117.84,0.287,53271.783,1282.046,3.681,2717.886,10263.249,-80.73,6,
450,1980,case_bench,sf5,q1,20,True,5,False,6.5,8.0,11.917,119.09,117.84,0.037,38706.95,405.559,1.255,673.274,952.702,-97.54,6,
450,1980,tpch,sf10,q1,20,True,4,False,9.752,152.0,174.35,122.28,118.24,0.357,59625.8,1971.338,2.398,1981.521,18585.918,-68.83,6,
450,1980,case_bench,sf10,q1,20,True,5,False,6.451,7.0,10.583,119.19,117.69,0.033,38444.783,481.874,0.739,393.902,834.312,-97.83,6,
450,1980,tpch,sf20,q1,20,True,4,False,14.162,300.0,393.7,123.79,118.12,0.549,87590.667,3950.798,12.084,14669.241,37136.849,-57.6,6,
450,1980,case_bench,sf20,q1,20,True,5,False,6.48,7.0,11.767,119.26,118.41,0.036,38638.917,272.478,0.653,349.831,834.81,-97.84,6,
450,1980,h2o,1gb,q1,20,True,100,False,7.005,25.0,37.483,120.22,118.34,0.106,42104.367,658.368,3.758,2192.958,3005.391,-92.86,6,
450,1980,h2o,2gb,q1,20,True,100,False,7.424,42.0,57.367,119.59,121.27,0.154,44393.483,-623.14,1.108,682.014,5022.979,-88.69,6,
450,1980,h2o,4gb,q1,20,True,100,False,8.014,74.0,87.117,120.49,117.86,0.217,48279.467,1051.943,1.458,975.864,8916.603,-81.53,6,
450,1980,h2o,8gb,q1,20,True,100,False,8.792,114.0,127.25,121.19,118.23,0.289,53276.983,1300.765,0.939,693.161,13815.759,-74.07,6,
450,1980,clickbench,sf1,q0,20,True,1,False,6.443,8.0,10.95,119.81,118.3,0.034,38592.783,485.113,0.621,332.201,958.446,-97.52,6,
450,1980,clickbench_approx,sf1,q4,20,True,1,False,6.462,9.0,11.933,119.55,118.35,0.037,38628.683,390.053,0.744,398.294,1075.976,-97.21,6,
450,1980,clickbench,sf5,q0,20,True,1,False,6.477,8.0,12.883,119.24,118.25,0.039,38617.067,318.617,1.458,780.449,953.934,-97.53,6,
450,1980,clickbench_approx,sf5,q4,20,True,1,False,6.625,15.0,18.383,119.75,118.22,0.055,39667.45,504.886,0.773,425.1,1796.204,-95.47,6,
450,1980,clickbench,sf10,q0,20,True,1,False,6.395,8.0,8.667,119.49,118.25,0.027,38207.033,397.511,0.1,53.143,955.946,-97.5,6,
450,1980,clickbench_approx,sf10,q4,20,True,1,False,6.614,16.0,19.433,120.18,118.43,0.059,39744.883,579.505,0.766,422.077,1922.876,-95.16,6,
450,1980,clickbench,sf20,q0,20,True,1,False,6.408,8.0,9.367,119.33,118.1,0.029,38231.967,393.216,0.074,39.094,954.635,-97.5,6,
450,1980,clickbench_approx,sf20,q4,20,True,1,False,6.789,22.0,27.25,120.22,118.34,0.08,40808.15,638.778,1.176,664.954,2644.847,-93.52,6,
450,345,tpch,sf1,q1,20,True,4,False,7.363,44.0,55.033,71.15,70.14,0.149,26195.067,371.598,2.545,924.102,3130.536,-88.05,6,
450,345,case_bench,sf1,q1,20,True,5,False,6.712,8.0,23.933,70.95,71.79,0.07,23813.6,-279.987,4.335,1430.717,567.584,-97.62,6,
450,345,tpch,sf5,q1,20,True,4,False,8.702,100.0,114.183,72.28,70.07,0.262,31451.0,962.809,1.814,790.746,7228.448,-77.02,6,
450,345,case_bench,sf5,q1,20,True,5,False,6.746,7.0,22.55,71.23,70.06,0.066,24026.133,394.011,2.999,998.772,498.638,-97.92,6,
450,345,tpch,sf10,q1,20,True,4,False,10.632,185.0,217.667,73.2,70.0,0.409,38915.783,1702.933,3.359,1811.662,13542.632,-65.2,6,
450,345,case_bench,sf10,q1,20,True,5,False,6.442,7.0,10.233,71.35,70.05,0.032,22982.6,419.422,0.707,225.221,499.445,-97.83,6,
450,345,tpch,sf20,q1,20,True,4,False,14.463,360.0,406.983,74.59,70.11,0.563,53940.933,3238.116,2.129,1591.364,26852.9,-50.22,6,
450,345,case_bench,sf20,q1,20,True,5,False,6.601,8.0,12.05,71.45,70.07,0.037,23584.133,455.872,1.851,605.119,571.63,-97.58,6,
450,345,h2o,1gb,q1,20,True,100,False,6.943,28.0,33.65,71.53,70.02,0.097,24830.033,521.496,0.682,234.648,2002.732,-91.93,6,
450,345,h2o,2gb,q1,20,True,100,False,7.299,44.0,50.75,71.5,70.13,0.139,26091.767,496.922,1.133,409.551,3146.033,-87.94,6,
450,345,h2o,4gb,q1,20,True,100,False,7.978,77.0,85.6,71.99,70.07,0.215,28718.45,767.355,0.091,36.296,5543.465,-80.7,6,
450,345,h2o,8gb,q1,20,True,100,False,9.476,138.0,160.517,72.17,70.16,0.338,34202.35,960.375,3.182,1508.55,9959.978,-70.88,6,
450,345,clickbench,sf1,q0,20,True,1,False,6.499,9.0,10.817,71.16,71.66,0.033,23120.917,-164.979,0.012,3.933,640.426,-97.23,6,
450,345,clickbench_approx,sf1,q4,20,True,1,False,6.481,10.0,12.917,71.28,70.04,0.04,23097.7,400.857,0.014,4.502,712.829,-96.91,6,
450,345,clickbench,sf5,q0,20,True,1,False,6.437,8.0,10.4,71.09,70.04,0.032,22880.283,338.215,0.718,227.594,568.706,-97.51,6,
450,345,clickbench_approx,sf5,q4,20,True,1,False,6.737,16.0,24.917,71.23,70.07,0.073,23994.75,391.855,2.772,921.986,1139.667,-95.25,6,
450,345,clickbench,sf10,q0,20,True,1,False,6.434,8.0,10.183,71.13,70.12,0.032,22881.133,324.26,0.738,233.962,569.016,-97.51,6,
450,345,clickbench_approx,sf10,q4,20,True,1,False,6.686,19.0,22.0,71.53,70.12,0.066,23913.083,474.046,1.214,402.407,1359.118,-94.32,6,
450,345,clickbench,sf20,q0,20,True,1,False,6.599,8.0,18.717,71.5,70.11,0.056,23586.583,455.989,1.863,609.158,571.965,-97.58,6,
450,345,clickbench_approx,sf20,q4,20,True,1,False,6.928,27.0,32.5,71.54,70.11,0.094,24780.683,494.861,1.786,613.414,1931.626,-92.21,6,
450,750,tpch,sf1,q1,20,True,4,False,7.351,39.0,55.0,74.09,72.61,0.149,27231.85,546.223,3.338,1259.832,2889.587,-89.39,6,
450,750,case_bench,sf1,q1,20,True,5,False,6.512,8.0,14.633,73.55,72.65,0.045,23947.8,294.538,2.15,713.587,588.411,-97.54,6,
450,750,tpch,sf5,q1,20,True,4,False,8.64,93.0,117.75,74.77,72.65,0.271,32295.217,912.39,4.609,2062.749,6953.151,-78.47,6,
450,750,case_bench,sf5,q1,20,True,5,False,6.541,9.0,15.983,74.01,72.65,0.048,24207.6,446.583,2.57,862.319,666.125,-97.25,6,
450,750,tpch,sf10,q1,20,True,4,False,11.567,169.0,264.817,75.6,72.67,0.442,43690.233,1657.783,17.196,10412.189,12776.764,-70.76,6,
450,750,case_bench,sf10,q1,20,True,5,False,6.695,10.0,18.867,73.72,72.66,0.056,24677.967,355.01,2.4,820.698,737.184,-97.01,6,
450,750,tpch,sf20,q1,20,True,4,False,14.004,341.0,386.117,76.97,72.72,0.551,53896.167,2979.587,1.1,821.456,26248.309,-51.3,6,
450,750,case_bench,sf20,q1,20,True,5,False,6.879,7.0,32.367,73.9,72.67,0.088,25416.183,421.95,8.191,2885.318,517.278,-97.96,6,
450,750,h2o,1gb,q1,20,True,100,False,7.077,27.0,40.883,73.75,73.68,0.114,26090.2,18.029,3.293,1190.798,1991.123,-92.37,6,
450,750,h2o,2gb,q1,20,True,100,False,7.508,43.0,61.7,74.37,72.67,0.164,27916.65,637.19,1.234,477.302,3197.836,-88.55,6,
450,750,h2o,4gb,q1,20,True,100,False,8.038,73.0,89.117,74.65,72.75,0.221,30002.817,764.88,2.039,848.028,5449.772,-81.84,6,
450,750,h2o,8gb,q1,20,True,100,False,9.405,131.0,156.317,75.03,72.72,0.332,35277.983,1084.278,1.928,942.657,9828.757,-72.14,6,
450,750,clickbench,sf1,q0,20,True,1,False,6.637,8.0,18.283,73.28,72.65,0.054,24316.5,206.644,2.091,704.625,586.258,-97.59,6,
450,750,clickbench_approx,sf1,q4,20,True,1,False,6.528,11.0,13.467,73.75,72.71,0.041,24072.367,340.667,0.712,237.573,811.25,-96.63,6,
450,750,clickbench,sf5,q0,20,True,1,False,6.483,8.0,10.267,73.94,72.59,0.032,23966.733,437.668,1.252,415.782,591.488,-97.53,6,
450,750,clickbench_approx,sf5,q4,20,True,1,False,6.65,17.0,20.333,73.95,72.66,0.061,24586.583,427.378,0.712,242.48,1257.085,-94.89,6,
450,750,clickbench,sf10,q0,20,True,1,False,6.929,8.0,32.667,73.73,72.65,0.092,25548.967,381.266,5.495,1945.651,589.828,-97.69,6,
450,750,clickbench_approx,sf10,q4,20,True,1,False,6.724,20.0,23.417,73.96,72.66,0.07,24866.8,436.962,0.737,253.973,1479.247,-94.05,6,
450,750,clickbench,sf20,q0,20,True,1,False,6.608,8.0,15.483,73.94,72.65,0.047,24429.317,424.94,1.404,475.271,591.523,-97.58,6,
450,750,clickbench_approx,sf20,q4,20,True,1,False,6.912,28.0,31.983,74.38,72.68,0.093,25703.55,585.468,0.657,233.981,2082.621,-91.9,6,
575,1155,tpch,sf1,q1,20,True,4,False,7.151,36.0,45.533,78.82,77.41,0.127,28177.267,500.193,1.278,499.113,2837.367,-89.93,6,
575,1155,case_bench,sf1,q1,20,True,5,False,6.402,7.0,9.283,78.67,77.27,0.029,25182.633,448.401,0.747,260.773,550.721,-97.81,6,
575,1155,tpch,sf5,q1,20,True,4,False,8.258,78.0,100.383,79.54,77.36,0.242,32844.1,901.711,3.604,1640.53,6204.178,-81.11,6,
575,1155,case_bench,sf5,q1,20,True,5,False,6.404,7.0,9.433,78.25,77.3,0.029,25056.233,304.103,0.014,5.01,547.729,-97.81,6,
575,1155,tpch,sf10,q1,20,True,4,False,9.381,140.0,156.067,80.63,79.25,0.333,37819.95,649.677,0.172,90.148,11288.861,-70.15,6,
575,1155,case_bench,sf10,q1,20,True,5,False,6.426,7.0,10.867,78.38,77.31,0.034,25181.7,343.605,0.743,259.399,548.648,-97.82,6,
575,1155,tpch,sf20,q1,20,True,4,False,12.155,270.0,294.9,82.17,77.26,0.485,49941.1,2987.165,1.106,765.334,22186.607,-55.57,6,
575,1155,case_bench,sf20,q1,20,True,5,False,6.538,7.0,13.283,78.7,77.32,0.041,25727.433,450.894,1.418,505.599,550.896,-97.86,6,
575,1155,h2o,1gb,q1,20,True,100,False,7.574,24.0,38.967,78.34,77.35,0.099,29650.467,354.947,14.112,5799.036,1880.253,-93.66,6,
575,1155,h2o,2gb,q1,20,True,100,False,7.29,41.0,51.45,78.71,77.33,0.141,28688.433,502.969,0.014,5.51,3227.085,-88.75,6,
575,1155,h2o,4gb,q1,20,True,100,False,7.854,69.0,79.133,79.03,77.31,0.201,31035.133,676.946,0.596,256.226,5453.16,-82.43,6,
575,1155,h2o,8gb,q1,20,True,100,False,8.943,122.0,133.9,79.65,77.3,0.299,35613.8,1049.946,0.518,255.671,9717.193,-72.72,6,
575,1155,clickbench,sf1,q0,20,True,1,False,6.397,7.0,9.4,78.72,77.29,0.029,25179.55,456.388,0.711,248.246,551.037,-97.81,6,
575,1155,clickbench_approx,sf1,q4,20,True,1,False,6.63,9.0,16.883,78.29,79.19,0.051,25951.567,-299.285,0.701,252.298,704.621,-97.28,6,
575,1155,clickbench,sf5,q0,20,True,1,False,6.717,8.0,15.217,78.4,77.28,0.045,26333.183,377.055,3.051,1113.344,627.23,-97.62,6,
575,1155,clickbench_approx,sf5,q4,20,True,1,False,6.551,15.0,16.617,78.54,77.29,0.051,25724.95,410.206,0.736,262.461,1178.048,-95.42,6,
575,1155,clickbench,sf10,q0,20,True,1,False,6.619,7.0,17.933,78.41,77.27,0.053,25952.233,378.269,2.832,1018.778,548.861,-97.89,6,
575,1155,clickbench_approx,sf10,q4,20,True,1,False,6.602,17.0,18.5,78.41,77.26,0.056,25883.917,380.839,0.015,5.229,1333.04,-94.85,6,
575,1155,clickbench,sf20,q0,20,True,1,False,6.547,7.0,12.35,78.44,77.26,0.038,25677.717,389.035,1.884,670.539,549.068,-97.86,6,
575,1155,clickbench_approx,sf20,q4,20,True,1,False,6.9,22.0,33.633,78.57,77.24,0.096,27109.75,462.054,4.006,1505.027,1728.47,-93.62,6,
575,1575,tpch,sf1,q1,20,True,4,False,7.159,37.0,43.35,105.18,103.04,0.121,37652.433,768.396,1.286,671.224,3891.753,-89.66,6,
575,1575,case_bench,sf1,q1,20,True,5,False,6.429,7.0,9.617,103.97,102.79,0.03,33420.0,381.876,0.697,322.897,727.82,-97.82,6,
575,1575,tpch,sf5,q1,20,True,4,False,8.019,78.0,87.717,106.08,102.91,0.219,42535.0,1273.857,0.674,397.546,8274.542,-80.55,6,
575,1575,case_bench,sf5,q1,20,True,5,False,6.429,7.0,9.6,105.03,103.29,0.03,33762.467,560.848,0.74,346.254,735.219,-97.82,6,
575,1575,tpch,sf10,q1,20,True,4,False,9.405,140.0,157.45,107.08,103.32,0.335,50350.933,1766.829,0.803,560.283,14991.86,-70.23,6,
575,1575,case_bench,sf10,q1,20,True,5,False,6.641,7.0,10.633,104.56,103.4,0.032,34716.967,382.121,3.111,1496.95,731.904,-97.89,6,
575,1575,tpch,sf20,q1,20,True,4,False,12.128,278.0,293.483,108.85,102.84,0.484,66007.7,3649.501,0.912,834.656,30261.014,-54.16,6,
575,1575,case_bench,sf20,q1,20,True,5,False,6.435,7.0,9.383,104.5,103.04,0.029,33622.017,467.587,0.781,364.068,731.49,-97.82,6,
575,1575,h2o,1gb,q1,20,True,100,False,7.022,24.0,38.467,104.47,102.94,0.109,36675.9,531.65,2.416,1228.309,2507.394,-93.16,6,
575,1575,h2o,2gb,q1,20,True,100,False,7.189,38.0,48.267,104.62,102.89,0.134,37608.733,627.09,2.922,1523.157,3975.493,-89.43,6,
575,1575,h2o,4gb,q1,20,True,100,False,7.726,64.0,74.333,104.92,103.31,0.192,40530.45,623.278,1.657,930.669,6715.152,-83.43,6,
575,1575,h2o,8gb,q1,20,True,100,False,8.925,114.0,133.483,105.98,103.21,0.299,47289.783,1233.904,1.324,868.019,12081.328,-74.45,6,
575,1575,clickbench,sf1,q0,20,True,1,False,6.396,7.0,9.883,104.55,103.37,0.031,33436.517,377.018,0.047,21.834,731.87,-97.81,6,
575,1575,clickbench_approx,sf1,q4,20,True,1,False,6.542,9.0,13.617,104.33,102.88,0.042,34127.467,474.688,1.464,692.343,938.938,-97.25,6,
575,1575,clickbench,sf5,q0,20,True,1,False,6.677,7.0,16.017,104.15,103.22,0.048,34762.533,304.638,2.774,1336.696,729.045,-97.9,6,
575,1575,clickbench_approx,sf5,q4,20,True,1,False,6.567,14.0,17.067,104.6,103.37,0.052,34344.0,403.288,0.729,346.81,1464.379,-95.74,6,
575,1575,clickbench,sf10,q0,20,True,1,False,6.53,7.0,15.333,104.49,103.38,0.046,34116.9,362.924,2.778,1313.761,731.449,-97.86,6,
575,1575,clickbench_approx,sf10,q4,20,True,1,False,6.66,16.0,20.883,104.83,103.36,0.063,34905.9,487.514,0.701,339.276,1677.27,-95.19,6,
575,1575,clickbench,sf20,q0,20,True,1,False,6.553,7.0,17.633,104.25,102.92,0.052,34165.9,443.727,4.675,2213.638,729.758,-97.86,6,
575,1575,clickbench_approx,sf20,q4,20,True,1,False,6.758,22.0,25.65,104.57,103.32,0.076,35335.317,423.028,0.708,346.906,2300.628,-93.49,6,
575,1980,tpch,sf1,q1,20,True,4,False,7.104,35.0,41.633,118.91,117.0,0.117,42236.467,681.508,1.702,996.281,4161.735,-90.15,6,
575,1980,case_bench,sf1,q1,20,True,5,False,6.482,7.0,13.7,118.6,117.0,0.042,38438.333,518.379,1.11,591.067,830.223,-97.84,6,
575,1980,tpch,sf5,q1,20,True,4,False,7.975,77.0,86.1,120.23,117.37,0.216,47942.233,1140.753,0.481,319.878,9257.819,-80.69,6,
575,1980,case_bench,sf5,q1,20,True,5,False,6.507,7.0,11.933,118.38,117.44,0.037,38517.0,306.227,0.109,58.061,828.669,-97.85,6,
575,1980,tpch,sf10,q1,20,True,4,False,9.621,137.0,168.3,121.52,119.96,0.349,58460.333,753.453,3.257,2638.588,16648.56,-71.52,6,
575,1980,case_bench,sf10,q1,20,True,5,False,6.431,7.0,10.55,118.14,117.16,0.033,37989.617,317.151,0.776,408.594,827.003,-97.82,6,
575,1980,tpch,sf20,q1,20,True,4,False,12.141,276.0,292.533,123.83,117.46,0.482,75173.183,3869.105,0.454,472.593,34177.967,-54.53,6,
575,1980,case_bench,sf20,q1,20,True,5,False,6.455,7.0,11.967,118.79,117.51,0.037,38337.533,414.384,0.747,396.781,831.518,-97.83,6,
575,1980,h2o,1gb,q1,20,True,100,False,6.82,24.0,28.45,118.65,117.26,0.083,40461.15,475.115,0.661,370.532,2847.65,-92.96,6,
575,1980,h2o,2gb,q1,20,True,100,False,7.22,37.0,48.833,118.29,116.99,0.135,42709.967,473.812,2.995,1772.843,4376.763,-89.75,6,
575,1980,h2o,4gb,q1,20,True,100,False,7.702,64.0,72.267,118.97,117.06,0.188,45816.083,736.104,1.032,655.488,7614.035,-83.38,6,
575,1980,h2o,8gb,q1,20,True,100,False,8.873,113.0,130.5,119.73,117.1,0.294,53118.05,1167.798,1.31,964.504,13529.587,-74.53,6,
575,1980,clickbench,sf1,q0,20,True,1,False,6.414,7.0,10.317,117.62,117.38,0.032,37718.6,76.76,0.681,356.043,823.352,-97.82,6,
575,1980,clickbench_approx,sf1,q4,20,True,1,False,6.48,9.0,12.533,118.7,117.1,0.039,38457.117,519.957,1.23,655.374,1068.284,-97.22,6,
575,1980,clickbench,sf5,q0,20,True,1,False,6.612,7.0,17.75,118.58,117.12,0.053,39204.633,486.285,3.067,1666.277,830.092,-97.88,6,
575,1980,clickbench_approx,sf5,q4,20,True,1,False,6.543,14.0,16.367,118.07,116.88,0.05,38631.117,392.22,0.738,395.278,1653.038,-95.72,6,
575,1980,clickbench,sf10,q0,20,True,1,False,6.528,7.0,15.933,117.55,117.02,0.048,38372.25,175.371,3.278,1743.328,822.826,-97.86,6,
575,1980,clickbench_approx,sf10,q4,20,True,1,False,6.74,16.0,25.2,118.26,116.9,0.074,39851.7,455.67,1.85,1021.71,1892.147,-95.25,6,
575,1980,clickbench,sf20,q0,20,True,1,False,6.453,7.0,9.9,118.39,117.01,0.031,38197.85,442.717,0.694,367.55,828.697,-97.83,6,
575,1980,clickbench_approx,sf20,q4,20,True,1,False,6.744,21.0,26.3,118.98,117.01,0.078,40120.733,661.617,0.725,402.912,2498.536,-93.77,6,
575,345,tpch,sf1,q1,20,True,4,False,7.297,39.0,52.1,71.31,70.0,0.142,26019.783,478.938,3.842,1385.649,2781.05,-89.31,6,
575,345,case_bench,sf1,q1,20,True,5,False,6.407,8.0,9.1,71.33,69.95,0.028,22851.533,443.174,0.714,226.278,570.661,-97.5,6,
575,345,tpch,sf5,q1,20,True,4,False,8.691,96.0,121.5,72.28,69.96,0.278,31403.533,1000.626,4.736,2061.457,6939.197,-77.9,6,
575,345,case_bench,sf5,q1,20,True,5,False,6.488,7.0,13.617,71.11,69.98,0.042,23068.717,365.481,1.235,394.699,497.799,-97.84,6,
575,345,tpch,sf10,q1,20,True,4,False,10.319,182.0,201.933,72.8,69.96,0.391,37557.983,1462.472,1.281,666.544,13249.561,-64.72,6,
575,345,case_bench,sf10,q1,20,True,5,False,6.541,7.0,15.533,70.92,69.98,0.047,23196.7,309.99,2.839,912.601,496.436,-97.86,6,
575,345,tpch,sf20,q1,20,True,4,False,13.97,351.0,385.45,74.52,70.0,0.552,52051.383,3156.183,0.999,720.968,26156.872,-49.75,6,
575,345,case_bench,sf20,q1,20,True,5,False,6.563,7.0,16.767,71.37,69.94,0.05,23420.333,468.76,3.24,1051.682,499.574,-97.87,6,
575,345,h2o,1gb,q1,20,True,100,False,6.917,28.0,32.583,71.48,69.95,0.094,24720.9,529.893,0.655,224.243,2001.505,-91.9,6,
575,345,h2o,2gb,q1,20,True,100,False,7.544,42.0,64.667,71.58,69.95,0.168,26994.117,610.199,5.904,2208.743,3006.311,-88.86,6,
575,345,h2o,4gb,q1,20,True,100,False,7.895,73.0,82.233,71.74,69.88,0.208,28320.383,733.481,1.085,425.895,5236.775,-81.51,6,
575,345,h2o,8gb,q1,20,True,100,False,9.094,130.0,142.15,72.58,69.91,0.313,33001.533,1212.613,0.659,301.513,9435.451,-71.41,6,
575,345,clickbench,sf1,q0,20,True,1,False,6.424,8.0,10.65,71.1,69.93,0.033,22837.833,376.235,0.714,226.142,568.814,-97.51,6,
575,345,clickbench_approx,sf1,q4,20,True,1,False,6.512,10.0,14.7,70.88,71.53,0.045,23075.0,-214.825,0.004,1.435,708.754,-96.93,6,
575,345,clickbench,sf5,q0,20,True,1,False,6.484,8.0,12.45,70.76,69.93,0.038,22942.3,270.227,0.703,223.667,566.087,-97.53,6,
575,345,clickbench_approx,sf5,q4,20,True,1,False,6.723,16.0,22.15,71.18,69.94,0.066,23928.15,417.967,0.686,227.557,1138.918,-95.24,6,
575,345,clickbench,sf10,q0,20,True,1,False,6.425,8.0,10.483,71.07,69.9,0.033,22832.85,375.068,0.741,234.607,568.578,-97.51,6,
575,345,clickbench_approx,sf10,q4,20,True,1,False,6.664,19.0,22.0,71.21,69.91,0.066,23725.967,431.597,0.695,228.658,1352.92,-94.3,6,
575,345,clickbench,sf20,q0,20,True,1,False,6.402,8.0,9.7,71.29,69.87,0.03,22822.283,455.664,0.716,226.396,570.349,-97.5,6,
575,345,clickbench_approx,sf20,q4,20,True,1,False,6.798,27.0,28.617,71.4,69.95,0.084,24267.667,491.91,0.059,19.9,1927.845,-92.06,6,
575,750,tpch,sf1,q1,20,True,4,False,7.374,37.0,52.283,74.02,74.34,0.141,27286.717,-124.398,2.848,1076.855,2738.646,-89.96,6,
575,750,case_bench,sf1,q1,20,True,5,False,6.411,8.0,9.633,73.81,72.43,0.03,23663.233,442.601,0.756,247.942,590.52,-97.5,6,
575,750,tpch,sf5,q1,20,True,4,False,8.539,92.0,113.167,74.99,71.83,0.263,32011.283,1342.899,5.055,2242.877,6899.028,-78.45,6,
575,750,case_bench,sf5,q1,20,True,5,False,6.423,7.0,9.983,73.7,72.5,0.031,23668.65,383.548,0.699,229.386,515.878,-97.82,6,
575,750,tpch,sf10,q1,20,True,4,False,9.942,169.0,184.233,75.42,74.37,0.371,37489.683,521.505,0.403,209.216,12746.034,-66.0,6,
575,750,case_bench,sf10,q1,20,True,5,False,6.432,7.0,9.833,73.18,72.41,0.031,23534.867,248.475,0.026,8.514,512.278,-97.82,6,
575,750,tpch,sf20,q1,20,True,4,False,13.39,333.0,356.4,77.25,72.53,0.532,51720.45,3163.833,1.237,886.85,25725.854,-50.26,6,
575,750,case_bench,sf20,q1,20,True,5,False,6.481,8.0,11.167,73.35,72.48,0.034,23771.483,284.283,1.436,473.214,586.806,-97.53,6,
575,750,h2o,1gb,q1,20,True,100,False,6.835,27.0,29.9,74.06,72.36,0.087,25312.433,581.802,0.694,243.394,1999.699,-92.1,6,
575,750,h2o,2gb,q1,20,True,100,False,7.352,41.0,55.717,74.02,72.5,0.151,27206.517,556.245,3.109,1172.163,3034.629,-88.85,6,
575,750,h2o,4gb,q1,20,True,100,False,7.813,70.0,78.5,74.39,72.49,0.201,29062.517,742.814,0.584,235.296,5207.531,-82.08,6,
575,750,h2o,8gb,q1,20,True,100,False,9.275,128.0,150.917,74.82,72.48,0.325,34693.15,1082.0,2.504,1203.972,9576.94,-72.4,6,
575,750,clickbench,sf1,q0,20,True,1,False,7.04,8.0,14.067,73.75,72.48,0.039,25954.267,441.577,11.208,4031.606,589.974,-97.73,6,
575,750,clickbench_approx,sf1,q4,20,True,1,False,7.142,10.0,43.3,73.78,72.52,0.112,26328.95,431.384,10.102,3686.097,737.752,-97.2,6,
575,750,clickbench,sf5,q0,20,True,1,False,6.432,8.0,10.15,73.57,72.5,0.032,23662.667,346.772,0.723,237.061,588.59,-97.51,6,
575,750,clickbench_approx,sf5,q4,20,True,1,False,6.748,15.0,26.383,73.81,72.45,0.077,24903.45,460.21,3.441,1187.761,1107.114,-95.55,6,
575,750,clickbench,sf10,q0,20,True,1,False,6.409,8.0,9.733,73.79,72.48,0.03,23648.133,419.743,0.723,237.114,590.339,-97.5,6,
575,750,clickbench_approx,sf10,q4,20,True,1,False,6.761,19.0,25.317,73.74,72.43,0.075,24924.967,441.219,0.7,241.755,1400.969,-94.38,6,
575,750,clickbench,sf20,q0,20,True,1,False,6.39,8.0,8.85,73.62,74.26,0.028,23522.3,-205.538,0.008,2.453,588.973,-97.5,6,
575,750,clickbench_approx,sf20,q4,20,True,1,False,6.934,26.0,34.133,73.55,74.28,0.098,25500.017,-252.838,1.167,412.417,1912.246,-92.5,6,
700,1155,tpch,sf1,q1,20,True,4,False,7.148,36.0,45.3,78.97,77.48,0.126,28223.25,533.045,2.322,908.094,2842.764,-89.93,6,
700,1155,case_bench,sf1,q1,20,True,5,False,6.424,7.0,10.383,78.58,77.34,0.032,25241.417,397.688,0.741,259.333,550.056,-97.82,6,
700,1155,tpch,sf5,q1,20,True,4,False,8.145,78.0,94.433,79.55,77.49,0.231,32395.433,837.129,2.253,1011.366,6205.128,-80.85,6,
700,1155,case_bench,sf5,q1,20,True,5,False,6.409,7.0,9.633,78.31,77.49,0.03,25095.267,265.562,0.016,5.667,548.202,-97.82,6,
700,1155,tpch,sf10,q1,20,True,4,False,9.557,143.0,163.717,80.33,77.47,0.343,38384.533,1364.744,1.402,745.881,11486.68,-70.07,6,
700,1155,case_bench,sf10,q1,20,True,5,False,6.526,7.0,15.667,78.56,77.56,0.047,25629.083,323.941,1.867,663.295,549.926,-97.85,6,
700,1155,tpch,sf20,q1,20,True,4,False,12.539,278.0,313.867,82.0,77.55,0.5,51408.233,2788.448,1.917,1365.754,22796.805,-55.66,6,
700,1155,case_bench,sf20,q1,20,True,5,False,6.628,7.0,18.667,78.44,77.57,0.055,25996.25,290.287,3.953,1424.15,549.058,-97.89,6,
700,1155,h2o,1gb,q1,20,True,100,False,6.908,24.0,33.85,78.88,77.48,0.097,27244.45,483.0,2.689,1015.31,1893.151,-93.05,6,
700,1155,h2o,2gb,q1,20,True,100,False,7.078,38.0,42.017,79.06,77.47,0.119,27981.117,563.368,1.121,434.915,3004.375,-89.26,6,
700,1155,h2o,4gb,q1,20,True,100,False,7.758,63.0,74.317,79.21,77.54,0.192,30726.117,647.296,0.48,204.292,4990.252,-83.76,6,
700,1155,h2o,8gb,q1,20,True,100,False,8.979,113.0,136.95,79.82,77.47,0.304,35831.5,1050.239,2.974,1476.711,9019.545,-74.83,6,
700,1155,clickbench,sf1,q0,20,True,1,False,6.448,7.0,10.35,78.37,79.57,0.032,25268.65,-385.404,0.713,249.572,548.613,-97.83,6,
700,1155,clickbench_approx,sf1,q4,20,True,1,False,6.548,9.0,16.85,78.71,79.49,0.051,25769.717,-256.655,2.587,924.029,708.349,-97.25,6,
700,1155,clickbench,sf5,q0,20,True,1,False,6.411,7.0,10.25,78.32,77.44,0.032,25104.867,279.637,0.01,3.595,548.231,-97.82,6,
700,1155,clickbench_approx,sf5,q4,20,True,1,False,6.554,14.0,16.833,78.71,77.5,0.051,25792.4,395.742,0.7,250.208,1101.907,-95.73,6,
700,1155,clickbench,sf10,q0,20,True,1,False,6.502,7.0,14.167,78.84,77.21,0.043,25629.317,526.967,1.443,512.58,551.857,-97.85,6,
700,1155,clickbench_approx,sf10,q4,20,True,1,False,6.641,16.0,21.133,79.03,77.49,0.064,26242.733,510.754,0.7,254.542,1264.421,-95.18,6,
700,1155,clickbench,sf20,q0,20,True,1,False,6.444,7.0,9.95,78.84,77.56,0.031,25400.567,410.585,0.737,259.297,551.875,-97.83,6,
700,1155,clickbench_approx,sf20,q4,20,True,1,False,6.767,22.0,27.367,78.84,77.59,0.081,26675.417,423.262,1.37,506.509,1734.499,-93.5,6,
700,1575,tpch,sf1,q1,20,True,4,False,7.097,36.0,42.8,105.17,103.2,0.121,37320.25,698.078,0.618,319.808,3785.959,-89.86,6,
700,1575,case_bench,sf1,q1,20,True,5,False,6.406,7.0,9.05,104.03,103.15,0.028,33321.833,284.158,0.065,30.024,728.231,-97.81,6,
700,1575,tpch,sf5,q1,20,True,4,False,11.29,81.0,242.117,105.13,102.99,0.429,59348.417,1215.268,2.844,2339.359,8515.786,-85.65,6,
700,1575,case_bench,sf5,q1,20,True,5,False,6.417,7.0,9.817,104.53,103.72,0.031,33541.933,261.408,0.66,306.809,731.735,-97.82,6,
700,1575,tpch,sf10,q1,20,True,4,False,11.837,139.0,276.283,106.47,103.04,0.463,63000.05,2017.41,8.14,7107.076,14799.121,-76.51,6,
700,1575,case_bench,sf10,q1,20,True,5,False,6.735,8.0,17.517,104.62,103.46,0.052,35229.633,390.692,1.411,689.102,836.941,-97.62,6,
700,1575,tpch,sf20,q1,20,True,4,False,13.245,313.0,347.35,109.12,103.62,0.524,72268.467,3646.621,0.462,462.293,34155.125,-52.74,6,
700,1575,case_bench,sf20,q1,20,True,5,False,7.53,8.0,24.05,105.01,103.54,0.065,39541.683,560.969,9.21,5047.497,840.119,-97.88,6,
700,1575,h2o,1gb,q1,20,True,100,False,7.125,26.0,39.317,105.07,103.83,0.11,37432.75,440.859,1.277,662.56,2731.738,-92.7,6,
700,1575,h2o,2gb,q1,20,True,100,False,7.095,37.0,42.567,104.98,103.57,0.12,37240.417,501.053,0.121,62.266,3884.292,-89.57,6,
700,1575,h2o,4gb,q1,20,True,100,False,9.817,65.0,174.717,105.24,103.45,0.346,51635.583,856.216,11.373,8139.23,6840.463,-86.75,6,
700,1575,h2o,8gb,q1,20,True,100,False,10.167,127.0,190.933,105.87,103.57,0.375,53817.017,1169.595,3.317,2474.332,13445.767,-75.02,6,
700,1575,clickbench,sf1,q0,20,True,1,False,6.526,8.0,11.8,104.74,103.68,0.036,34175.517,342.197,2.879,1363.56,837.918,-97.55,6,
700,1575,clickbench_approx,sf1,q4,20,True,1,False,6.908,9.0,27.6,104.74,103.24,0.076,36176.35,516.776,8.806,4414.91,942.633,-97.39,6,
700,1575,clickbench,sf5,q0,20,True,1,False,6.682,7.0,16.2,104.64,106.04,0.048,34960.3,-466.14,2.191,1061.394,732.507,-97.9,6,
700,1575,clickbench_approx,sf5,q4,20,True,1,False,6.615,15.0,19.45,104.53,103.45,0.059,34573.417,357.247,1.193,571.622,1567.933,-95.46,6,
700,1575,clickbench,sf10,q0,20,True,1,False,6.424,7.0,10.25,104.65,103.44,0.032,33615.3,389.501,0.597,278.339,732.558,-97.82,6,
700,1575,clickbench_approx,sf10,q4,20,True,1,False,7.448,17.0,49.517,104.69,103.55,0.131,38982.183,419.874,4.843,2616.588,1779.772,-95.43,6,
700,1575,clickbench,sf20,q0,20,True,1,False,6.393,7.0,9.333,104.32,103.59,0.029,33345.633,234.46,0.686,317.126,730.26,-97.81,6,
700,1575,clickbench_approx,sf20,q4,20,True,1,False,6.829,24.0,27.7,105.6,103.45,0.081,36055.117,734.074,1.358,678.641,2534.294,-92.97,6,
700,1980,tpch,sf1,q1,20,True,4,False,8.681,41.0,109.717,118.76,117.46,0.251,51556.2,572.516,6.121,4373.652,4869.201,-90.56,6,
700,1980,case_bench,sf1,q1,20,True,5,False,6.41,8.0,9.633,119.26,117.59,0.03,38225.4,534.504,0.719,381.009,954.093,-97.5,6,
700,1980,tpch,sf5,q1,20,True,4,False,8.295,85.0,101.017,120.51,117.5,0.243,49979.6,1244.618,2.567,1777.965,10243.526,-79.5,6,
700,1980,case_bench,sf5,q1,20,True,5,False,6.785,8.0,18.567,118.42,117.56,0.054,40169.233,287.261,2.454,1366.009,947.322,-97.64,6,
700,1980,tpch,sf10,q1,20,True,4,False,9.508,152.0,162.6,121.17,117.65,0.342,57606.417,1673.123,0.535,427.093,18417.877,-68.03,6,
700,1980,case_bench,sf10,q1,20,True,5,False,6.62,8.0,16.617,118.48,117.5,0.05,39222.45,327.706,2.906,1579.496,947.862,-97.58,6,
700,1980,tpch,sf20,q1,20,True,4,False,13.798,291.0,374.333,123.69,117.1,0.539,85286.5,4498.893,8.424,9956.696,35993.4,-57.8,6,
700,1980,case_bench,sf20,q1,20,True,5,False,6.424,8.0,10.217,118.74,117.64,0.032,38136.483,351.408,0.786,415.36,949.925,-97.51,6,
700,1980,h2o,1gb,q1,20,True,100,False,8.602,27.0,99.3,118.58,117.32,0.23,51000.8,539.729,3.661,2587.786,3201.56,-93.72,6,
700,1980,h2o,2gb,q1,20,True,100,False,7.303,39.0,51.817,119.17,120.56,0.141,43513.35,-507.759,2.985,1800.142,4647.586,-89.32,6,
700,1980,h2o,4gb,q1,20,True,100,False,7.816,69.0,77.05,119.72,117.38,0.197,46788.117,913.877,0.647,419.748,8260.469,-82.34,6,
700,1980,h2o,8gb,q1,20,True,100,False,12.551,122.0,302.083,119.69,117.43,0.466,75118.933,1428.693,18.298,19049.887,14602.222,-80.56,6,
700,1980,clickbench,sf1,q0,20,True,1,False,6.429,7.0,10.583,118.54,117.42,0.033,38105.35,357.857,0.739,390.53,829.758,-97.82,6,
700,1980,clickbench_approx,sf1,q4,20,True,1,False,6.48,9.0,12.917,118.26,117.32,0.04,38313.317,305.661,0.717,380.471,1064.322,-97.22,6,
700,1980,clickbench,sf5,q0,20,True,1,False,6.936,7.0,21.983,118.54,116.92,0.063,41110.467,563.261,3.535,2014.171,829.77,-97.98,6,
700,1980,clickbench_approx,sf5,q4,20,True,1,False,6.597,16.0,18.183,118.81,117.38,0.055,39189.083,472.049,1.266,687.338,1900.887,-95.15,6,
700,1980,clickbench,sf10,q0,20,True,1,False,6.412,7.0,9.417,118.94,117.5,0.029,38130.267,459.023,0.737,389.521,832.545,-97.82,6,
700,1980,clickbench_approx,sf10,q4,20,True,1,False,7.794,18.0,59.45,118.58,116.96,0.152,46202.367,623.105,4.153,2659.436,2134.403,-95.38,6,
700,1980,clickbench,sf20,q0,20,True,1,False,6.459,7.0,10.383,118.22,116.67,0.032,38180.367,501.963,0.682,360.622,827.575,-97.83,6,
700,1980,clickbench_approx,sf20,q4,20,True,1,False,6.809,24.0,28.55,118.93,116.95,0.084,40491.283,674.166,0.561,314.801,2854.359,-92.95,6,
700,345,tpch,sf1,q1,20,True,4,False,7.23,39.0,49.35,71.2,70.15,0.136,25736.35,379.589,1.95,695.712,2776.734,-89.21,6,
700,345,case_bench,sf1,q1,20,True,5,False,6.412,7.0,9.8,71.4,70.06,0.031,22891.733,430.141,0.732,232.308,499.798,-97.82,6,
700,345,tpch,sf5,q1,20,True,4,False,8.608,96.0,116.9,72.57,70.13,0.27,31232.95,1049.543,4.601,1991.498,6966.618,-77.69,6,
700,345,case_bench,sf5,q1,20,True,5,False,6.435,7.0,10.517,71.51,71.71,0.033,23008.317,-62.365,0.712,226.924,500.585,-97.82,6,
700,345,tpch,sf10,q1,20,True,4,False,10.257,178.0,199.583,73.02,70.16,0.389,37447.633,1464.861,1.194,619.573,12997.088,-65.29,6,
700,345,case_bench,sf10,q1,20,True,5,False,6.477,7.0,10.517,71.06,71.89,0.032,23013.1,-268.267,1.449,462.3,497.453,-97.84,6,
700,345,tpch,sf20,q1,20,True,4,False,14.026,355.0,387.217,74.53,70.15,0.552,52267.267,3067.029,0.805,583.306,26458.125,-49.38,6,
700,345,case_bench,sf20,q1,20,True,5,False,6.392,7.0,8.95,71.2,70.1,0.028,22755.133,349.889,1.258,396.689,498.381,-97.81,6,
700,345,h2o,1gb,q1,20,True,100,False,6.915,27.0,32.267,71.48,70.09,0.093,24713.867,479.007,0.665,227.617,1929.912,-92.19,6,
700,345,h2o,2gb,q1,20,True,100,False,7.372,42.0,57.033,71.8,70.06,0.154,26459.617,634.674,2.863,1049.912,3015.72,-88.6,6,
700,345,h2o,4gb,q1,20,True,100,False,7.841,72.0,79.933,72.11,70.13,0.204,28269.383,775.35,0.607,237.912,5191.957,-81.63,6,
700,345,h2o,8gb,q1,20,True,100,False,9.269,131.0,150.967,72.6,70.13,0.325,33643.05,1144.735,2.222,1036.269,9510.47,-71.73,6,
700,345,clickbench,sf1,q0,20,True,1,False,6.399,7.0,9.517,70.85,70.12,0.03,22665.733,233.323,0.723,227.128,495.922,-97.81,6,
700,345,clickbench_approx,sf1,q4,20,True,1,False,6.48,9.0,12.283,71.43,70.17,0.038,23142.65,406.094,0.014,4.578,642.849,-97.22,6,
700,345,clickbench,sf5,q0,20,True,1,False,6.581,8.0,17.367,71.31,70.12,0.052,23463.283,390.23,3.243,1054.459,570.455,-97.57,6,
700,345,clickbench_approx,sf5,q4,20,True,1,False,6.642,15.0,20.417,71.15,70.11,0.061,23628.333,345.28,0.672,219.911,1067.235,-95.48,6,
700,345,clickbench,sf10,q0,20,True,1,False,6.501,7.0,11.767,71.16,70.14,0.036,23131.8,329.67,1.235,395.836,498.122,-97.85,6,
700,345,clickbench_approx,sf10,q4,20,True,1,False,6.658,18.0,21.95,71.42,70.13,0.066,23775.233,428.808,0.696,229.458,1285.47,-94.59,6,
700,345,clickbench,sf20,q0,20,True,1,False,6.465,8.0,10.7,71.17,70.02,0.033,23004.683,372.347,0.71,226.268,569.374,-97.52,6,
700,345,clickbench_approx,sf20,q4,20,True,1,False,6.952,26.0,36.0,71.65,70.07,0.103,24906.783,550.705,2.33,804.315,1862.873,-92.52,6,
700,750,tpch,sf1,q1,20,True,4,False,7.136,38.0,44.05,74.31,72.7,0.123,26514.933,575.348,0.633,232.543,2823.845,-89.35,6,
700,750,case_bench,sf1,q1,20,True,5,False,6.464,7.0,12.333,73.33,72.65,0.038,23699.35,219.718,0.693,227.56,513.292,-97.83,6,
700,750,tpch,sf5,q1,20,True,4,False,8.461,91.0,110.05,74.88,72.59,0.259,31680.05,968.363,3.601,1581.111,6813.629,-78.49,6,
700,750,case_bench,sf5,q1,20,True,5,False,6.437,7.0,10.0,73.7,72.7,0.031,23718.233,320.36,0.717,235.632,515.869,-97.83,6,
700,750,tpch,sf10,q1,20,True,4,False,10.137,168.0,192.317,75.63,72.67,0.379,38326.95,1497.346,1.871,994.093,12705.152,-66.85,6,
700,750,case_bench,sf10,q1,20,True,5,False,6.416,7.0,10.183,73.91,72.65,0.032,23708.383,404.776,0.725,238.306,517.365,-97.82,6,
700,750,tpch,sf20,q1,20,True,4,False,13.423,333.0,357.283,77.24,72.64,0.532,51837.45,3087.92,0.849,610.049,25720.663,-50.38,6,
700,750,case_bench,sf20,q1,20,True,5,False,6.592,7.0,17.167,74.15,72.6,0.052,24439.683,509.896,1.85,626.479,519.029,-97.88,6,
700,750,h2o,1gb,q1,20,True,100,False,6.934,26.0,35.367,74.21,72.58,0.102,25727.317,563.383,1.759,627.232,1929.365,-92.5,6,
700,750,h2o,2gb,q1,20,True,100,False,7.266,41.0,50.317,74.07,72.61,0.138,26908.917,529.728,1.289,480.674,3036.946,-88.71,6,
700,750,h2o,4gb,q1,20,True,100,False,7.783,70.0,77.433,74.58,72.75,0.199,29021.783,712.437,0.128,51.492,5220.843,-82.01,6,
700,750,h2o,8gb,q1,20,True,100,False,9.78,126.0,174.367,74.87,72.6,0.355,36613.633,1111.308,5.297,2687.804,9434.204,-74.23,6,
700,750,clickbench,sf1,q0,20,True,1,False,6.438,7.0,9.883,73.63,72.65,0.031,23700.5,314.532,0.71,233.196,515.418,-97.83,6,
700,750,clickbench_approx,sf1,q4,20,True,1,False,6.481,9.0,14.267,73.97,72.66,0.044,23974.383,426.885,2.174,722.474,665.771,-97.22,6,
700,750,clickbench,sf5,q0,20,True,1,False,6.42,8.0,9.65,73.88,72.7,0.03,23717.967,380.138,0.719,236.477,591.07,-97.51,6,
700,750,clickbench_approx,sf5,q4,20,True,1,False,6.578,15.0,18.233,73.64,72.64,0.055,24220.133,327.441,0.732,245.789,1104.567,-95.44,6,
700,750,clickbench,sf10,q0,20,True,1,False,6.441,7.0,9.767,73.97,72.56,0.03,23824.317,454.093,1.909,630.417,517.794,-97.83,6,
700,750,clickbench_approx,sf10,q4,20,True,1,False,6.685,19.0,22.3,74.08,72.66,0.067,24762.083,475.746,0.025,8.473,1407.524,-94.32,6,
700,750,clickbench,sf20,q0,20,True,1,False,6.415,8.0,9.6,73.55,72.66,0.03,23592.867,285.433,0.017,5.66,588.436,-97.51,6,
700,750,clickbench_approx,sf20,q4,20,True,1,False,6.831,26.0,29.583,74.16,72.59,0.087,25328.25,533.238,0.653,229.348,1928.1,-92.39,6,
